-- MySQL dump 10.13  Distrib 8.0.44, for Win64 (x86_64)
--
-- Host: 190.90.160.166    Database: credicel_jhoan
-- ------------------------------------------------------
-- Server version	5.5.5-10.11.14-MariaDB-cll-lve

/*!40101 SET @OLD_CHARACTER_SET_CLIENT=@@CHARACTER_SET_CLIENT */;
/*!40101 SET @OLD_CHARACTER_SET_RESULTS=@@CHARACTER_SET_RESULTS */;
/*!40101 SET @OLD_COLLATION_CONNECTION=@@COLLATION_CONNECTION */;
/*!50503 SET NAMES utf8 */;
/*!40103 SET @OLD_TIME_ZONE=@@TIME_ZONE */;
/*!40103 SET TIME_ZONE='+00:00' */;
/*!40014 SET @OLD_UNIQUE_CHECKS=@@UNIQUE_CHECKS, UNIQUE_CHECKS=0 */;
/*!40014 SET @OLD_FOREIGN_KEY_CHECKS=@@FOREIGN_KEY_CHECKS, FOREIGN_KEY_CHECKS=0 */;
/*!40101 SET @OLD_SQL_MODE=@@SQL_MODE, SQL_MODE='NO_AUTO_VALUE_ON_ZERO' */;
/*!40111 SET @OLD_SQL_NOTES=@@SQL_NOTES, SQL_NOTES=0 */;

--
-- Table structure for table `asignatura`
--

DROP TABLE IF EXISTS `asignatura`;
/*!40101 SET @saved_cs_client     = @@character_set_client */;
/*!50503 SET character_set_client = utf8mb4 */;
CREATE TABLE `asignatura` (
  `id_asignatura` int(11) NOT NULL AUTO_INCREMENT,
  `nombre_asignatura` varchar(100) NOT NULL,
  `descripcion` varchar(255) DEFAULT NULL,
  PRIMARY KEY (`id_asignatura`)
) ENGINE=InnoDB AUTO_INCREMENT=90 DEFAULT CHARSET=latin1 COLLATE=latin1_swedish_ci;
/*!40101 SET character_set_client = @saved_cs_client */;

--
-- Dumping data for table `asignatura`
--

LOCK TABLES `asignatura` WRITE;
/*!40000 ALTER TABLE `asignatura` DISABLE KEYS */;
INSERT INTO `asignatura` VALUES (1,'Cálculo Diferencial','Fundamentos del cálculo aplicado a la ingeniería y ciencias.'),(2,'Cálculo Integral','Aplicaciones del cálculo integral en ingeniería y economía.'),(3,'Álgebra Lineal','Sistemas de ecuaciones y vectores.'),(4,'Física I','Mecánica clásica y cinemática.'),(5,'Física II','Electromagnetismo y óptica.'),(6,'Química General','Fundamentos de química inorgánica y orgánica.'),(7,'Programación I','Introducción a la programación estructurada.'),(8,'Programación II','Programación orientada a objetos.'),(9,'Bases de Datos','Diseño y modelado de bases de datos relacionales.'),(10,'Estructuras de Datos','Algoritmos y estructuras de datos.'),(11,'Ingeniería de Software','Modelos de desarrollo de software.'),(12,'Matemáticas Discretas','Lógica y teoría de conjuntos aplicadas.'),(13,'Circuitos Eléctricos','Análisis de circuitos eléctricos.'),(14,'Electrónica Analógica','Componentes y circuitos electrónicos.'),(15,'Electrónica Digital','Diseño digital con compuertas lógicas.'),(16,'Procesos Industriales','Sistemas productivos e industriales.'),(17,'Gestión de la Producción','Optimización de procesos productivos.'),(18,'Logística y Distribución','Gestión de la cadena de suministro.'),(19,'Contabilidad Financiera','Registro y análisis de información contable.'),(20,'Contabilidad de Costos','Costos industriales y empresariales.'),(21,'Microeconomía','Análisis del comportamiento del consumidor y la empresa.'),(22,'Macroeconomía','Política económica y variables agregadas.'),(23,'Estadística','Análisis de datos y probabilidad.'),(24,'Psicología General','Introducción al estudio de la mente y la conducta.'),(25,'Neurociencia','Funcionamiento del sistema nervioso.'),(26,'Psicología del Desarrollo','Desarrollo humano a lo largo del ciclo vital.'),(27,'Psicología Clínica','Trastornos mentales y su tratamiento.'),(28,'Terapia Cognitivo-Conductual','Modelos de intervención psicológica.'),(29,'Ética Profesional','Principios éticos del ejercicio profesional.'),(30,'Derecho Civil','Normas que regulan las relaciones privadas.'),(31,'Derecho Penal','Delitos y sanciones.'),(32,'Derecho Constitucional','Estructura del Estado y derechos fundamentales.'),(33,'Derecho Laboral','Relaciones entre empleadores y trabajadores.'),(34,'Derecho Comercial','Regulación de actividades económicas.'),(35,'Comunicación Organizacional','Gestión de la comunicación interna y externa.'),(36,'Periodismo','Fundamentos y ética del periodismo.'),(37,'Producción Audiovisual','Técnicas para medios de comunicación.'),(38,'Redacción Profesional','Técnicas de escritura efectiva.'),(39,'Marketing Digital','Estrategias de posicionamiento online.'),(40,'Publicidad','Conceptos y estrategias publicitarias.'),(41,'Arquitectura y Diseño','Fundamentos del diseño arquitectónico.'),(42,'Dibujo Técnico','Representación gráfica de proyectos.'),(43,'Diseño Urbano','Planeación y desarrollo de espacios urbanos.'),(44,'Materiales de Construcción','Propiedades y uso de materiales.'),(45,'Estructuras I','Cálculo de estructuras simples.'),(46,'Estructuras II','Diseño estructural avanzado.'),(47,'Geotecnia','Estudio del suelo en ingeniería civil.'),(48,'Hidráulica','Fluidos y redes hidráulicas.'),(49,'Topografía','Levantamiento de terrenos.'),(50,'Educación y Pedagogía','Fundamentos de la enseñanza y el aprendizaje.'),(51,'Didáctica General','Métodos de enseñanza en distintas áreas.'),(52,'Evaluación Educativa','Diseño de instrumentos de evaluación.'),(53,'Historia de la Educación','Evolución del sistema educativo.'),(54,'Filosofía de la Educación','Reflexión sobre los fines de la educación.'),(55,'Anatomía Humana','Estructura del cuerpo humano.'),(56,'Fisiología','Funciones de los sistemas del cuerpo.'),(57,'Bioquímica','Procesos químicos en organismos vivos.'),(58,'Farmacología','Estudio de los medicamentos.'),(59,'Patología','Estudio de enfermedades.'),(60,'Enfermería Básica','Cuidados esenciales del paciente.'),(61,'Salud Pública','Promoción de la salud y prevención de enfermedades.'),(62,'Contabilidad Avanzada','Normas internacionales de información financiera.'),(63,'Auditoría','Revisión de estados financieros.'),(64,'Impuestos','Régimen tributario y fiscal.'),(65,'Finanzas Corporativas','Gestión de recursos financieros.'),(66,'Matemáticas Financieras','Intereses, rentas y amortizaciones.'),(67,'Econometría','Modelos estadísticos aplicados a la economía.'),(68,'Gestión Empresarial','Planeación y organización de empresas.'),(69,'Comportamiento Organizacional','Dinámica de las personas en las organizaciones.'),(70,'Recursos Humanos','Gestión del talento humano.'),(71,'Mercadeo','Análisis de mercado y comportamiento del consumidor.'),(72,'Negocios Internacionales','Comercio global y relaciones económicas.'),(73,'Diseño Web','Desarrollo de sitios web.'),(74,'Sistemas Operativos','Funcionamiento de los sistemas informáticos.'),(75,'Redes de Computadores','Infraestructura de redes y comunicación.'),(76,'Seguridad Informática','Protección de datos y sistemas.'),(77,'Inteligencia Artificial','Modelos y algoritmos de aprendizaje automático.'),(78,'Bases de Datos Avanzadas','Optimización y administración de bases de datos.'),(79,'Historia del Arte','Corrientes artísticas y su evolución.'),(80,'Dibujo Artístico','Técnicas de representación visual.'),(81,'Pintura y Escultura','Prácticas artísticas y conceptuales.'),(82,'Sociología','Estudio de las estructuras sociales.'),(83,'Filosofía','Reflexión crítica sobre la realidad y el conocimiento.'),(84,'Comunicación Política','Relación entre medios y poder político.'),(85,'Ciencias Políticas','Teoría del Estado y sistemas políticos.'),(86,'Metodología de la Investigación','Métodos científicos aplicados.'),(87,'Inglés I','Competencias básicas del idioma inglés.'),(88,'Inglés II','Desarrollo intermedio del idioma inglés.'),(89,'Deontología Profesional','Normas éticas aplicadas a cada profesión.');
/*!40000 ALTER TABLE `asignatura` ENABLE KEYS */;
UNLOCK TABLES;

--
-- Table structure for table `docente`
--

DROP TABLE IF EXISTS `docente`;
/*!40101 SET @saved_cs_client     = @@character_set_client */;
/*!50503 SET character_set_client = utf8mb4 */;
CREATE TABLE `docente` (
  `id_docente` int(11) NOT NULL AUTO_INCREMENT,
  `primer_nombre` varchar(50) NOT NULL,
  `segundo_nombre` varchar(50) DEFAULT NULL,
  `primer_apellido` varchar(50) NOT NULL,
  `segundo_apellido` varchar(50) DEFAULT NULL,
  `genero` enum('M','F','Otro') DEFAULT NULL,
  `telefono` varchar(15) DEFAULT NULL,
  `email` varchar(100) DEFAULT NULL,
  `nacionalidad` varchar(50) DEFAULT NULL,
  PRIMARY KEY (`id_docente`),
  CONSTRAINT `chk_nombre_profesor` CHECK (`primer_nombre` <> '' and `primer_apellido` <> '' and `segundo_apellido` <> '')
) ENGINE=InnoDB AUTO_INCREMENT=131 DEFAULT CHARSET=latin1 COLLATE=latin1_swedish_ci;
/*!40101 SET character_set_client = @saved_cs_client */;

--
-- Dumping data for table `docente`
--

LOCK TABLES `docente` WRITE;
/*!40000 ALTER TABLE `docente` DISABLE KEYS */;
INSERT INTO `docente` VALUES (1,'Felipe','Isabel','Cardona','Jiménez','M','3983677239','felipe.cardona35@outlook.com','Argentina'),(2,'Natalia','Isabel','Cardona','Ramírez','M','3372992636','natalia.cardona14@outlook.com','Peruana'),(3,'Jorge','Catalina','Sánchez','López','Otro','3432794764','jorge.sánchez77@outlook.com','Colombiana'),(4,'Andrés','Andrés','Pérez','Castro','Otro','3487525992','andrés.pérez70@hotmail.com','Colombiana'),(5,'Felipe','Catalina','Sánchez','Cardona','F','3461404740','felipe.sánchez39@outlook.com','Peruana'),(6,'Laura','Andrés','Martínez','Gómez','Otro','3182208306','laura.martínez78@outlook.com','Argentina'),(7,'David','Eduardo','Jiménez','Moreno','Otro','3163825530','david.jiménez89@hotmail.com','Ecuatoriana'),(8,'Felipe','Catalina','Ramírez','García','Otro','3341078371','felipe.ramírez31@outlook.com','Venezolana'),(9,'Diana','Mauricio','Pérez','Pérez','F','3792477129','diana.pérez91@hotmail.com','Peruana'),(10,'Marcela',NULL,'Gómez','Pérez','F','3334757018','marcela.gómez4@hotmail.com','Argentina'),(11,'Valentina','Alejandro','Castaño','Rodríguez','M','3424326078','valentina.castaño40@unal.edu.co','Colombiana'),(12,'Carolina','Eduardo','Pérez','Rodríguez','F','3795041652','carolina.pérez81@outlook.com','Colombiana'),(13,'Diana','Eduardo','Rojas','Jiménez','F','3434644293','diana.rojas63@gmail.com','Colombiana'),(14,'Carlos','Eduardo','Gómez','Castro','F','3799567020','carlos.gómez96@yahoo.com','Peruana'),(15,'David','Mauricio','Rodríguez','Moreno','M','3458212542','david.rodríguez93@yahoo.com','Peruana'),(16,'Diana',NULL,'Rodríguez','Vargas','Otro','3198190635','diana.rodríguez96@yahoo.com','Peruana'),(17,'Sergio',NULL,'Rivera','Sánchez','M','3946659440','sergio.rivera69@outlook.com','Colombiana'),(18,'Carlos','María','Rojas','López','F','3270672189','carlos.rojas47@outlook.com','Colombiana'),(19,'Carolina','Alejandro','Ramírez','Suárez','M','3902206068','carolina.ramírez91@unal.edu.co','Venezolana'),(20,'Marcela','Mauricio','García','Castro','Otro','3843397749','marcela.garcía5@outlook.com','Ecuatoriana'),(21,'Juan','Mauricio','Suárez','Mejía','M','3731906924','juan.suárez67@hotmail.com','Colombiana'),(22,'Felipe','José','García','López','F','3761264685','felipe.garcía21@unal.edu.co','Ecuatoriana'),(23,'Diana','Patricia','Ramírez','Vargas','F','3195522839','diana.ramírez67@gmail.com','Colombiana'),(24,'Andrea','Mauricio','Moreno','Pérez','Otro','3192787285','andrea.moreno51@hotmail.com','Venezolana'),(25,'Carlos',NULL,'Vargas','Rodríguez','F','3173022546','carlos.vargas39@outlook.com','Colombiana'),(26,'Diana','Isabel','Rojas','Rojas','F','3750296979','diana.rojas79@outlook.com','Peruana'),(27,'Felipe','José','Martínez','Cardona','M','3573999776','felipe.martínez36@gmail.com','Mexicana'),(28,'Carlos','Mauricio','Ortega','Suárez','Otro','3773567010','carlos.ortega34@yahoo.com','Colombiana'),(29,'Diana','Andrés','López','Sánchez','M','3920823189','diana.lópez60@hotmail.com','Colombiana'),(30,'Diana','Andrés','Torres','Castaño','Otro','3233994824','diana.torres33@hotmail.com','Colombiana'),(31,'Carolina','Alejandro','García','Rodríguez','F','3437849014','carolina.garcía67@hotmail.com','Colombiana'),(32,'Carlos','Isabel','Ramírez','Ortega','F','3365449180','carlos.ramírez31@outlook.com','Colombiana'),(33,'Valentina','José','Vargas','Martínez','Otro','3977542744','valentina.vargas78@unal.edu.co','Colombiana'),(34,'Diana','José','Suárez','Ramírez','M','3800142122','diana.suárez29@gmail.com','Ecuatoriana'),(35,'Valentina','Mauricio','Sánchez','Vargas','Otro','3775419429','valentina.sánchez70@hotmail.com','Colombiana'),(36,'Felipe','José','Castro','Gómez','M','3710319458','felipe.castro80@unal.edu.co','Peruana'),(37,'Paola','Isabel','Jiménez','Jiménez','M','3774084893','paola.jiménez36@yahoo.com','Ecuatoriana'),(38,'Miguel','Eduardo','Mejía','Ramírez','Otro','3648390282','miguel.mejía95@unal.edu.co','Mexicana'),(39,'Andrea',NULL,'Suárez','López','M','3612611923','andrea.suárez89@outlook.com','Colombiana'),(40,'Andrea','Andrés','Pérez','Gómez','M','3549513427','andrea.pérez73@gmail.com','Ecuatoriana'),(41,'Natalia','Andrés','Ramírez','Torres','Otro','3226192889','natalia.ramírez24@outlook.com','Colombiana'),(42,'Felipe','Eduardo','Mejía','Castaño','F','3216742858','felipe.mejía71@gmail.com','Argentina'),(43,'Laura','Mauricio','Cardona','Ramírez','M','3238641140','laura.cardona91@gmail.com','Venezolana'),(44,'Carolina','Catalina','Martínez','López','F','3460704713','carolina.martínez67@gmail.com','Argentina'),(45,'Diana','José','Cardona','Torres','F','3629200540','diana.cardona30@outlook.com','Venezolana'),(46,'Andrea','Eduardo','Martínez','Rodríguez','Otro','3342575390','andrea.martínez46@yahoo.com','Colombiana'),(47,'Andrés','José','Rivera','Torres','Otro','3589265686','andrés.rivera66@outlook.com','Colombiana'),(48,'Valentina','Andrés','Ramírez','Sánchez','F','3401844984','valentina.ramírez25@hotmail.com','Colombiana'),(49,'Paola','Alejandro','Mejía','Ortega','Otro','3708085417','paola.mejía24@gmail.com','Colombiana'),(50,'Laura',NULL,'Rojas','Pérez','Otro','3723115360','laura.rojas45@gmail.com','Peruana'),(51,'Juliana','Eduardo','Torres','Vargas','F','3946149515','juliana.torres94@unal.edu.co','Venezolana'),(52,'Juliana','María','Mejía','Martínez','Otro','3533193668','juliana.mejía67@unal.edu.co','Ecuatoriana'),(53,'Diana','María','Sánchez','Gómez','Otro','3820394962','diana.sánchez13@hotmail.com','Venezolana'),(54,'Luis','Catalina','Torres','Castaño','Otro','3985682916','luis.torres94@outlook.com','Colombiana'),(55,'Natalia','Andrés','Martínez','Pérez','Otro','3211351396','natalia.martínez60@outlook.com','Colombiana'),(56,'Felipe','María','Ramírez','Pérez','M','3834048796','felipe.ramírez82@outlook.com','Venezolana'),(57,'Marcela','José','Ortega','Castaño','F','3936028840','marcela.ortega88@outlook.com','Colombiana'),(58,'Miguel',NULL,'Moreno','Ramírez','F','3349082914','miguel.moreno62@hotmail.com','Ecuatoriana'),(59,'Luis','Andrés','López','Moreno','Otro','3153256879','luis.lópez86@gmail.com','Colombiana'),(60,'Valentina','Andrés','Sánchez','Rodríguez','F','3176960847','valentina.sánchez12@hotmail.com','Colombiana'),(61,'Laura',NULL,'Cardona','Jiménez','M','3533130105','laura.cardona21@yahoo.com','Colombiana'),(62,'Juliana','Catalina','Jiménez','Rivera','F','3683078432','juliana.jiménez10@yahoo.com','Colombiana'),(63,'Felipe','Patricia','Torres','Cardona','M','3698172307','felipe.torres91@yahoo.com','Colombiana'),(64,'Sergio',NULL,'Mejía','Castro','Otro','3776894542','sergio.mejía72@hotmail.com','Peruana'),(65,'Marcela','Catalina','Pérez','Mejía','M','3101097611','marcela.pérez36@outlook.com','Argentina'),(66,'Valentina','Patricia','Ramírez','Torres','M','3771111969','valentina.ramírez10@hotmail.com','Argentina'),(67,'Camilo','Patricia','Jiménez','Ramírez','M','3665355678','camilo.jiménez24@hotmail.com','Argentina'),(68,'Miguel','Isabel','Ortega','Rivera','Otro','3953840104','miguel.ortega31@outlook.com','Peruana'),(69,'Paola','Isabel','Ramírez','Rivera','M','3884629926','paola.ramírez23@yahoo.com','Argentina'),(70,'Andrea','José','Gómez','Pérez','M','3809530575','andrea.gómez41@outlook.com','Colombiana'),(71,'Andrea','Mauricio','Pérez','Moreno','F','3973407402','andrea.pérez57@unal.edu.co','Colombiana'),(72,'Jorge','José','Pérez','Ortega','Otro','3292667755','jorge.pérez95@gmail.com','Argentina'),(73,'Juliana','Andrés','Castro','García','M','3374585333','juliana.castro69@yahoo.com','Peruana'),(74,'Luis','Eduardo','Jiménez','García','F','3788221132','luis.jiménez59@outlook.com','Peruana'),(75,'Carolina','Eduardo','Castaño','Rojas','Otro','3897445653','carolina.castaño72@unal.edu.co','Peruana'),(76,'Tatiana','José','Rivera','Moreno','Otro','3432082924','tatiana.rivera44@gmail.com','Colombiana'),(77,'Diana','Alejandro','Rivera','Mejía','F','3710723416','diana.rivera80@unal.edu.co','Colombiana'),(78,'Felipe','María','Castaño','Vargas','Otro','3416811907','felipe.castaño32@yahoo.com','Ecuatoriana'),(79,'Andrea',NULL,'Sánchez','Castro','F','3287326912','andrea.sánchez83@yahoo.com','Colombiana'),(80,'Andrés','José','Rojas','Rodríguez','M','3705886546','andrés.rojas13@outlook.com','Venezolana'),(81,'Marcela','José','Vargas','Gómez','F','3949398630','marcela.vargas60@gmail.com','Colombiana'),(82,'Carolina','Alejandro','Sánchez','Jiménez','F','3453866473','carolina.sánchez66@gmail.com','Peruana'),(83,'Miguel','Patricia','Ramírez','Jiménez','F','3987752051','miguel.ramírez96@unal.edu.co','Colombiana'),(84,'Andrés','Isabel','Mejía','Cardona','F','3807956624','andrés.mejía74@hotmail.com','Colombiana'),(85,'Miguel','Patricia','Moreno','Martínez','M','3254102462','miguel.moreno61@yahoo.com','Argentina'),(86,'Andrea','Andrés','Vargas','Moreno','F','3204105713','andrea.vargas21@outlook.com','Argentina'),(87,'Jorge','Isabel','Vargas','Rojas','M','3359779008','jorge.vargas37@unal.edu.co','Venezolana'),(88,'Marcela','José','Torres','Jiménez','M','3174718425','marcela.torres39@outlook.com','Colombiana'),(89,'Felipe',NULL,'Moreno','Ortega','M','3129525188','felipe.moreno32@yahoo.com','Peruana'),(90,'Andrés','Andrés','Rodríguez','López','Otro','3899355540','andrés.rodríguez10@unal.edu.co','Argentina'),(91,'Laura','María','Cardona','Rojas','M','3338742339','laura.cardona58@gmail.com','Argentina'),(92,'Juliana','José','Ramírez','Martínez','F','3887892657','juliana.ramírez47@outlook.com','Colombiana'),(93,'Andrés','Patricia','Vargas','Jiménez','M','3811481484','andrés.vargas87@gmail.com','Colombiana'),(94,'Juan','Alejandro','Castro','Jiménez','Otro','3912289817','juan.castro15@gmail.com','Ecuatoriana'),(95,'Juliana','Andrés','Castaño','Castro','F','3950749566','juliana.castaño63@hotmail.com','Argentina'),(96,'Carlos','María','Castro','Cardona','F','3319913851','carlos.castro28@outlook.com','Colombiana'),(97,'Miguel',NULL,'Martínez','Mejía','F','3841945381','miguel.martínez46@unal.edu.co','Ecuatoriana'),(98,'Juliana','Catalina','Ramírez','Sánchez','F','3801915627','juliana.ramírez55@yahoo.com','Peruana'),(99,'Luis','Isabel','Moreno','Moreno','M','3582431625','luis.moreno48@outlook.com','Colombiana'),(100,'Juliana','Eduardo','Sánchez','García','M','3388236262','juliana.sánchez72@outlook.com','Colombiana'),(101,'Miguel','José','Vargas','Martínez','M','3290105646','miguel.vargas12@unal.edu.co','Colombiana'),(102,'Natalia','Andrés','Pérez','Rivera','F','3302205905','natalia.pérez38@hotmail.com','Argentina'),(103,'Natalia','Mauricio','Moreno','García','F','3761688717','natalia.moreno11@hotmail.com','Colombiana'),(104,'Felipe','Andrés','Torres','Ortega','M','3639757869','felipe.torres44@yahoo.com','Venezolana'),(105,'Carolina','Patricia','Ortega','Moreno','M','3894143762','carolina.ortega27@outlook.com','Ecuatoriana'),(106,'Sergio','María','Castro','Cardona','Otro','3968201727','sergio.castro38@gmail.com','Mexicana'),(107,'Paola','Eduardo','Ramírez','Moreno','M','3602161656','paola.ramírez88@outlook.com','Colombiana'),(108,'Marcela','Eduardo','Ortega','López','Otro','3318670632','marcela.ortega65@yahoo.com','Venezolana'),(109,'Andrés','Eduardo','Castro','Martínez','Otro','3135406583','andrés.castro5@gmail.com','Colombiana'),(110,'Andrea','Isabel','Gómez','Rodríguez','F','3517976016','andrea.gómez12@gmail.com','Peruana'),(111,'Carlos','Isabel','Mejía','Mejía','M','3369654890','carlos.mejía63@hotmail.com','Colombiana'),(112,'Natalia','José','Castro','Rivera','M','3363007265','natalia.castro34@unal.edu.co','Colombiana'),(113,'Natalia','Catalina','Castro','Gómez','M','3567903513','natalia.castro83@outlook.com','Peruana'),(114,'Valentina','Patricia','Castro','Jiménez','Otro','3324620690','valentina.castro92@unal.edu.co','Ecuatoriana'),(115,'Camilo','Andrés','Ortega','López','F','3948231557','camilo.ortega4@hotmail.com','Venezolana'),(116,'Laura','Patricia','Gómez','Cardona','M','3676006141','laura.gómez15@unal.edu.co','Ecuatoriana'),(117,'Tatiana','Patricia','Jiménez','Sánchez','M','3456168143','tatiana.jiménez6@gmail.com','Colombiana'),(118,'Andrea','Mauricio','Pérez','Ramírez','M','3992580585','andrea.pérez53@outlook.com','Argentina'),(119,'Carlos','Patricia','Vargas','Suárez','F','3530288049','carlos.vargas59@yahoo.com','Argentina'),(120,'Andrea','José','Ortega','Gómez','Otro','3186016712','andrea.ortega45@unal.edu.co','Colombiana'),(121,'Luis','Catalina','Jiménez','Rodríguez','Otro','3885103135','luis.jiménez38@hotmail.com','Colombiana'),(122,'David','Mauricio','Pérez','Sánchez','Otro','3409661538','david.pérez29@yahoo.com','Colombiana'),(123,'Marcela','Catalina','Moreno','Rivera','F','3993685256','marcela.moreno62@gmail.com','Ecuatoriana'),(124,'Carlos','Alejandro','Torres','Ortega','F','3612081646','carlos.torres24@yahoo.com','Peruana'),(125,'Laura','Andrés','López','Pérez','Otro','3198766809','laura.lópez21@outlook.com','Mexicana'),(126,'Carolina','Mauricio','Rivera','Mejía','F','3187843286','carolina.rivera94@yahoo.com','Colombiana'),(127,'Luis','Mauricio','Cardona','Torres','F','3535806237','luis.cardona54@hotmail.com','Peruana'),(128,'Juliana','José','Jiménez','Ortega','M','3445291520','juliana.jiménez20@unal.edu.co','Peruana'),(129,'Andrés','Alejandro','Cardona','García','F','3689217181','andrés.cardona78@unal.edu.co','Colombiana'),(130,'Marcela','Isabel','Ramírez','Rodríguez','M','3111470428','marcela.ramírez31@yahoo.com','Peruana');
/*!40000 ALTER TABLE `docente` ENABLE KEYS */;
UNLOCK TABLES;

--
-- Table structure for table `docente_asignatura`
--

DROP TABLE IF EXISTS `docente_asignatura`;
/*!40101 SET @saved_cs_client     = @@character_set_client */;
/*!50503 SET character_set_client = utf8mb4 */;
CREATE TABLE `docente_asignatura` (
  `id_docente_asignatura` int(11) NOT NULL AUTO_INCREMENT,
  `id_docente` int(11) NOT NULL,
  `id_asignatura` int(11) NOT NULL,
  `anio_academico` year(4) DEFAULT 2025,
  `semestre` enum('1','2') DEFAULT '1',
  PRIMARY KEY (`id_docente_asignatura`),
  KEY `fk_docente` (`id_docente`),
  KEY `fk_asignatura` (`id_asignatura`),
  CONSTRAINT `fk_asignatura` FOREIGN KEY (`id_asignatura`) REFERENCES `asignatura` (`id_asignatura`),
  CONSTRAINT `fk_docente` FOREIGN KEY (`id_docente`) REFERENCES `docente` (`id_docente`)
) ENGINE=InnoDB AUTO_INCREMENT=531 DEFAULT CHARSET=latin1 COLLATE=latin1_swedish_ci;
/*!40101 SET character_set_client = @saved_cs_client */;

--
-- Dumping data for table `docente_asignatura`
--

LOCK TABLES `docente_asignatura` WRITE;
/*!40000 ALTER TABLE `docente_asignatura` DISABLE KEYS */;
INSERT INTO `docente_asignatura` VALUES (112,1,26,2025,'1'),(113,1,37,2025,'2'),(114,2,63,2025,'1'),(115,2,1,2025,'1'),(116,2,57,2025,'2'),(117,2,74,2025,'2'),(118,2,53,2025,'2'),(119,3,61,2025,'1'),(120,3,83,2025,'2'),(121,3,79,2025,'1'),(122,3,68,2025,'2'),(123,3,36,2025,'2'),(124,4,7,2025,'2'),(125,4,52,2025,'1'),(126,5,5,2025,'2'),(127,5,72,2025,'1'),(128,5,46,2025,'2'),(129,6,83,2025,'1'),(130,6,25,2025,'1'),(131,6,14,2025,'2'),(132,6,65,2025,'2'),(133,7,9,2025,'2'),(134,7,26,2025,'1'),(135,7,88,2025,'1'),(136,7,72,2025,'1'),(137,7,43,2025,'1'),(138,8,32,2025,'2'),(139,8,72,2025,'1'),(140,8,40,2025,'2'),(141,8,73,2025,'1'),(142,8,36,2025,'2'),(143,9,45,2025,'2'),(144,9,59,2025,'2'),(145,9,75,2025,'2'),(146,9,76,2025,'1'),(147,9,45,2025,'1'),(148,10,55,2025,'2'),(149,10,6,2025,'2'),(150,10,48,2025,'2'),(151,10,83,2025,'2'),(152,10,46,2025,'2'),(153,11,54,2025,'2'),(154,11,53,2025,'2'),(155,12,31,2025,'1'),(156,12,87,2025,'2'),(157,12,48,2025,'2'),(158,13,83,2025,'2'),(159,13,10,2025,'2'),(160,13,2,2025,'1'),(161,13,68,2025,'2'),(162,13,43,2025,'2'),(163,14,60,2025,'2'),(164,14,82,2025,'2'),(165,14,41,2025,'2'),(166,15,66,2025,'1'),(167,15,54,2025,'1'),(168,15,70,2025,'2'),(169,16,63,2025,'2'),(170,16,74,2025,'1'),(171,16,78,2025,'2'),(172,16,15,2025,'1'),(173,16,51,2025,'1'),(174,17,83,2025,'1'),(175,17,44,2025,'1'),(176,18,77,2025,'2'),(177,19,85,2025,'1'),(178,19,22,2025,'2'),(179,19,83,2025,'2'),(180,19,2,2025,'2'),(181,20,15,2025,'1'),(182,20,32,2025,'1'),(183,20,17,2025,'2'),(184,21,88,2025,'2'),(185,21,34,2025,'2'),(186,21,68,2025,'2'),(187,21,10,2025,'2'),(188,22,7,2025,'2'),(189,23,5,2025,'2'),(190,23,76,2025,'1'),(191,23,49,2025,'1'),(192,24,72,2025,'2'),(193,24,53,2025,'2'),(194,24,42,2025,'2'),(195,24,13,2025,'1'),(196,25,33,2025,'1'),(197,25,38,2025,'1'),(198,25,59,2025,'1'),(199,25,42,2025,'2'),(200,26,70,2025,'1'),(201,27,56,2025,'2'),(202,27,43,2025,'2'),(203,28,66,2025,'2'),(204,28,77,2025,'1'),(205,28,26,2025,'1'),(206,28,5,2025,'2'),(207,29,55,2025,'2'),(208,29,89,2025,'2'),(209,29,74,2025,'2'),(210,29,52,2025,'2'),(211,29,66,2025,'2'),(212,30,1,2025,'1'),(213,31,83,2025,'2'),(214,31,33,2025,'1'),(215,32,51,2025,'1'),(216,32,3,2025,'1'),(217,32,36,2025,'1'),(218,32,57,2025,'1'),(219,33,52,2025,'2'),(220,33,78,2025,'2'),(221,33,42,2025,'2'),(222,33,20,2025,'2'),(223,33,8,2025,'1'),(224,34,32,2025,'1'),(225,35,77,2025,'1'),(226,35,42,2025,'1'),(227,35,23,2025,'2'),(228,35,63,2025,'2'),(229,35,64,2025,'2'),(230,36,80,2025,'1'),(231,36,1,2025,'2'),(232,37,34,2025,'2'),(233,37,66,2025,'2'),(234,38,27,2025,'1'),(235,38,67,2025,'2'),(236,38,57,2025,'1'),(237,38,78,2025,'2'),(238,39,87,2025,'2'),(239,39,6,2025,'2'),(240,39,19,2025,'2'),(241,40,41,2025,'2'),(242,40,23,2025,'2'),(243,40,23,2025,'1'),(244,41,36,2025,'1'),(245,41,33,2025,'2'),(246,42,21,2025,'1'),(247,42,52,2025,'1'),(248,42,86,2025,'1'),(249,42,5,2025,'1'),(250,43,3,2025,'2'),(251,43,82,2025,'2'),(252,43,56,2025,'2'),(253,43,16,2025,'2'),(254,44,26,2025,'1'),(255,45,84,2025,'2'),(256,45,35,2025,'2'),(257,45,73,2025,'1'),(258,46,68,2025,'2'),(259,46,12,2025,'2'),(260,46,54,2025,'1'),(261,46,57,2025,'2'),(262,47,76,2025,'2'),(263,47,81,2025,'2'),(264,47,1,2025,'2'),(265,48,64,2025,'2'),(266,48,61,2025,'2'),(267,48,53,2025,'1'),(268,49,85,2025,'2'),(269,49,9,2025,'2'),(270,49,60,2025,'1'),(271,49,55,2025,'2'),(272,50,28,2025,'2'),(273,50,35,2025,'1'),(274,50,24,2025,'2'),(275,50,2,2025,'1'),(276,51,18,2025,'1'),(277,51,28,2025,'2'),(278,51,47,2025,'2'),(279,51,64,2025,'1'),(280,52,53,2025,'1'),(281,53,46,2025,'1'),(282,53,75,2025,'2'),(283,53,20,2025,'1'),(284,53,71,2025,'1'),(285,54,4,2025,'1'),(286,54,64,2025,'1'),(287,54,31,2025,'2'),(288,55,18,2025,'1'),(289,55,64,2025,'2'),(290,56,24,2025,'2'),(291,56,83,2025,'1'),(292,56,52,2025,'2'),(293,57,65,2025,'2'),(294,57,59,2025,'2'),(295,57,44,2025,'2'),(296,58,57,2025,'2'),(297,58,33,2025,'1'),(298,58,13,2025,'1'),(299,58,40,2025,'2'),(300,59,3,2025,'2'),(301,59,11,2025,'1'),(302,59,31,2025,'2'),(303,59,12,2025,'1'),(304,59,74,2025,'2'),(305,60,32,2025,'1'),(306,60,31,2025,'1'),(307,60,5,2025,'2'),(308,60,41,2025,'1'),(309,61,43,2025,'2'),(310,62,18,2025,'2'),(311,62,36,2025,'2'),(312,63,52,2025,'2'),(313,63,78,2025,'1'),(314,63,77,2025,'1'),(315,63,83,2025,'1'),(316,64,63,2025,'1'),(317,64,8,2025,'2'),(318,64,18,2025,'2'),(319,65,22,2025,'2'),(320,65,58,2025,'1'),(321,65,41,2025,'2'),(322,65,78,2025,'1'),(323,65,58,2025,'1'),(324,66,18,2025,'1'),(325,66,28,2025,'1'),(326,66,52,2025,'1'),(327,66,89,2025,'1'),(328,67,70,2025,'2'),(329,67,58,2025,'2'),(330,67,84,2025,'1'),(331,67,74,2025,'1'),(332,67,69,2025,'1'),(333,68,57,2025,'1'),(334,68,4,2025,'1'),(335,68,87,2025,'2'),(336,68,36,2025,'1'),(337,69,31,2025,'2'),(338,69,84,2025,'2'),(339,69,12,2025,'1'),(340,69,18,2025,'2'),(341,70,78,2025,'1'),(342,70,32,2025,'1'),(343,70,30,2025,'1'),(344,71,73,2025,'1'),(345,71,51,2025,'1'),(346,71,43,2025,'2'),(347,72,75,2025,'1'),(348,72,23,2025,'2'),(349,72,6,2025,'2'),(350,72,39,2025,'1'),(351,72,14,2025,'2'),(352,73,42,2025,'2'),(353,73,64,2025,'2'),(354,73,55,2025,'2'),(355,73,12,2025,'1'),(356,73,40,2025,'1'),(357,74,32,2025,'2'),(358,74,46,2025,'1'),(359,74,86,2025,'1'),(360,75,69,2025,'2'),(361,75,50,2025,'2'),(362,76,42,2025,'2'),(363,77,15,2025,'2'),(364,77,48,2025,'1'),(365,77,22,2025,'1'),(366,77,14,2025,'1'),(367,78,67,2025,'1'),(368,79,76,2025,'1'),(369,79,29,2025,'1'),(370,79,22,2025,'2'),(371,80,15,2025,'2'),(372,80,54,2025,'1'),(373,80,68,2025,'1'),(374,80,37,2025,'1'),(375,80,79,2025,'2'),(376,81,10,2025,'2'),(377,81,17,2025,'1'),(378,81,9,2025,'1'),(379,81,12,2025,'1'),(380,82,40,2025,'1'),(381,82,51,2025,'2'),(382,83,19,2025,'1'),(383,83,11,2025,'1'),(384,83,25,2025,'1'),(385,84,37,2025,'1'),(386,84,15,2025,'1'),(387,85,33,2025,'2'),(388,85,65,2025,'2'),(389,86,34,2025,'1'),(390,87,40,2025,'2'),(391,87,32,2025,'2'),(392,87,34,2025,'2'),(393,88,52,2025,'1'),(394,88,70,2025,'2'),(395,89,1,2025,'1'),(396,89,83,2025,'2'),(397,90,5,2025,'2'),(398,90,83,2025,'2'),(399,90,87,2025,'2'),(400,90,53,2025,'1'),(401,91,24,2025,'2'),(402,91,74,2025,'1'),(403,91,2,2025,'1'),(404,91,48,2025,'1'),(405,91,55,2025,'2'),(406,92,26,2025,'1'),(407,92,16,2025,'2'),(408,92,55,2025,'1'),(409,92,36,2025,'1'),(410,93,79,2025,'2'),(411,94,89,2025,'2'),(412,94,45,2025,'1'),(413,95,15,2025,'2'),(414,95,89,2025,'1'),(415,95,16,2025,'1'),(416,95,45,2025,'2'),(417,95,85,2025,'1'),(418,96,88,2025,'1'),(419,96,34,2025,'1'),(420,96,29,2025,'1'),(421,97,84,2025,'2'),(422,98,62,2025,'2'),(423,98,50,2025,'1'),(424,98,83,2025,'1'),(425,98,23,2025,'1'),(426,98,46,2025,'1'),(427,99,62,2025,'2'),(428,99,16,2025,'1'),(429,99,85,2025,'2'),(430,99,23,2025,'2'),(431,99,43,2025,'1'),(432,100,34,2025,'1'),(433,101,36,2025,'2'),(434,101,22,2025,'1'),(435,101,60,2025,'1'),(436,101,85,2025,'1'),(437,101,69,2025,'2'),(438,102,52,2025,'1'),(439,102,18,2025,'1'),(440,103,27,2025,'2'),(441,103,14,2025,'2'),(442,104,73,2025,'1'),(443,104,29,2025,'1'),(444,104,17,2025,'1'),(445,104,37,2025,'1'),(446,105,80,2025,'2'),(447,105,27,2025,'1'),(448,105,20,2025,'1'),(449,106,40,2025,'1'),(450,106,36,2025,'2'),(451,106,41,2025,'1'),(452,107,68,2025,'2'),(453,107,45,2025,'1'),(454,107,73,2025,'2'),(455,107,21,2025,'2'),(456,107,35,2025,'2'),(457,108,73,2025,'2'),(458,108,69,2025,'2'),(459,108,3,2025,'2'),(460,109,40,2025,'1'),(461,109,51,2025,'1'),(462,109,30,2025,'1'),(463,109,1,2025,'1'),(464,109,9,2025,'1'),(465,110,4,2025,'2'),(466,110,19,2025,'2'),(467,111,44,2025,'1'),(468,111,68,2025,'2'),(469,111,74,2025,'2'),(470,111,36,2025,'1'),(471,112,43,2025,'2'),(472,112,45,2025,'2'),(473,112,26,2025,'2'),(474,112,42,2025,'1'),(475,112,53,2025,'2'),(476,113,88,2025,'1'),(477,113,45,2025,'1'),(478,113,88,2025,'2'),(479,114,59,2025,'2'),(480,114,5,2025,'1'),(481,114,67,2025,'1'),(482,114,36,2025,'1'),(483,115,27,2025,'1'),(484,115,73,2025,'1'),(485,115,40,2025,'1'),(486,115,71,2025,'1'),(487,116,67,2025,'2'),(488,116,36,2025,'2'),(489,117,68,2025,'2'),(490,117,17,2025,'2'),(491,117,63,2025,'1'),(492,118,78,2025,'2'),(493,118,18,2025,'2'),(494,119,61,2025,'2'),(495,119,10,2025,'2'),(496,119,71,2025,'2'),(497,119,41,2025,'2'),(498,120,27,2025,'1'),(499,120,53,2025,'2'),(500,120,16,2025,'2'),(501,120,13,2025,'2'),(502,120,79,2025,'1'),(503,121,13,2025,'1'),(504,121,72,2025,'1'),(505,121,50,2025,'2'),(506,121,65,2025,'1'),(507,121,57,2025,'2'),(508,122,38,2025,'1'),(509,123,44,2025,'1'),(510,123,89,2025,'2'),(511,124,61,2025,'1'),(512,124,62,2025,'2'),(513,124,51,2025,'1'),(514,124,21,2025,'2'),(515,125,70,2025,'2'),(516,125,55,2025,'1'),(517,125,43,2025,'1'),(518,125,13,2025,'2'),(519,126,44,2025,'2'),(520,127,38,2025,'2'),(521,127,81,2025,'2'),(522,128,29,2025,'2'),(523,128,4,2025,'2'),(524,128,88,2025,'1'),(525,129,33,2025,'1'),(526,129,33,2025,'2'),(527,129,32,2025,'1'),(528,129,41,2025,'1'),(529,129,15,2025,'2'),(530,130,87,2025,'1');
/*!40000 ALTER TABLE `docente_asignatura` ENABLE KEYS */;
UNLOCK TABLES;

--
-- Table structure for table `estudiante`
--

DROP TABLE IF EXISTS `estudiante`;
/*!40101 SET @saved_cs_client     = @@character_set_client */;
/*!50503 SET character_set_client = utf8mb4 */;
CREATE TABLE `estudiante` (
  `id_estudiante` int(11) NOT NULL AUTO_INCREMENT,
  `primer_nombre` varchar(50) NOT NULL,
  `segundo_nombre` varchar(50) DEFAULT NULL,
  `primer_apellido` varchar(50) NOT NULL,
  `segundo_apellido` varchar(50) DEFAULT NULL,
  `fecha_nacimiento` date DEFAULT NULL,
  `genero` enum('M','F','Otro') DEFAULT NULL,
  `id_programa` int(11) DEFAULT NULL,
  `email` varchar(100) DEFAULT NULL,
  `nacionalidad` varchar(50) DEFAULT NULL,
  PRIMARY KEY (`id_estudiante`),
  KEY `fk_estudiante_programa` (`id_programa`),
  CONSTRAINT `fk_estudiante_programa` FOREIGN KEY (`id_programa`) REFERENCES `programa_academico` (`id_programa`) ON DELETE SET NULL ON UPDATE CASCADE,
  CONSTRAINT `chk_nombre_estudiante` CHECK (`primer_nombre` <> '' and `primer_apellido` <> '' and `segundo_apellido` <> '')
) ENGINE=InnoDB AUTO_INCREMENT=2001 DEFAULT CHARSET=latin1 COLLATE=latin1_swedish_ci;
/*!40101 SET character_set_client = @saved_cs_client */;

--
-- Dumping data for table `estudiante`
--

LOCK TABLES `estudiante` WRITE;
/*!40000 ALTER TABLE `estudiante` DISABLE KEYS */;
INSERT INTO `estudiante` VALUES (1,'Andrés','Andrés','Gómez','Patiño','1981-01-17','M',1,'andrés.gómez6961@hotmail.com','Colombiana'),(2,'Isabella','Alejandro','Hernández','Ruiz','1986-03-29','F',2,'isabella.hernández9719@gmail.com','Colombiana'),(3,'Natalia','Javier','Torres','Ríos','1981-12-09','F',3,'natalia.torres5157@hotmail.com','Colombiana'),(4,'Carlos',NULL,'Pérez','Mendoza','2005-07-10','M',4,'carlos.pérez8786@hotmail.com','Colombiana'),(5,'Gabriela',NULL,'Vargas','Valencia','1980-12-23','F',5,'gabriela.vargas7196@hotmail.com','Colombiana'),(6,'Jorge',NULL,'Morales','Ortega','1987-01-14','M',6,'jorge.morales4145@outlook.com','Colombiana'),(7,'Sebastián','Patricia','Rodríguez','Quintero','1982-02-16','M',7,'sebastián.rodríguez0382@yahoo.com','Colombiana'),(8,'Carolina','Marcela','Torres','Valencia','2001-01-15','F',6,'carolina.torres5823@hotmail.com','Colombiana'),(9,'Eliana',NULL,'Sánchez','Vargas','2003-10-09','F',3,'eliana.sánchez1856@outlook.com','Colombiana'),(10,'Miguel','Eduardo','González','Reyes','1983-10-21','M',8,'miguel.gonzález0839@yahoo.com','Colombiana'),(11,'Camila',NULL,'González','Ruiz','2003-11-22','F',2,'camila.gonzález9305@yahoo.com','Colombiana'),(12,'Manuela',NULL,'Ruiz','Ríos','1983-12-28','F',4,'manuela.ruiz6729@yahoo.com','Colombiana'),(13,'Diana','Eduardo','Castaño','Herrera','1989-06-13','F',4,'diana.castaño1411@unal.edu.co','Colombiana'),(14,'Sara','Patricia','Navarro','Montoya','1996-09-03','F',9,'sara.navarro3487@uniandes.edu.co','Colombiana'),(15,'Fernando',NULL,'Sánchez','Reyes','1980-04-14','M',2,'fernando.sánchez7555@uniandes.edu.co','Colombiana'),(16,'Carlos',NULL,'Torres','Cruz','1980-06-10','M',6,'carlos.torres6905@hotmail.com','Colombiana'),(17,'Isabella',NULL,'Vargas','Mejía','1990-04-18','F',10,'isabella.vargas4714@outlook.com','Colombiana'),(18,'Esteban','Andrés','Sánchez','Zapata','1984-12-15','M',2,'esteban.sánchez6967@yahoo.com','Colombiana'),(19,'Julián',NULL,'Vargas','Ruiz','1985-10-22','M',8,'julián.vargas9951@outlook.com','Venezolana'),(20,'Diana','Patricia','García','Morales','1992-10-15','F',11,'diana.garcía2265@unal.edu.co','Venezolana'),(21,'Laura','Ricardo','Sánchez','Valencia','2002-10-09','F',12,'laura.sánchez1743@outlook.com','Venezolana'),(22,'Manuela',NULL,'Ruiz','Ríos','1989-11-26','F',1,'manuela.ruiz3454@unal.edu.co','Colombiana'),(23,'Lucía',NULL,'Salazar','Ruiz','2003-12-11','F',13,'lucía.salazar6029@outlook.com','Colombiana'),(24,'Sebastián','Elena','López','Herrera','1985-08-11','M',7,'sebastián.lópez7522@gmail.com','Colombiana'),(25,'David','Javier','Ramírez','Ruiz','2005-08-18','M',1,'david.ramírez4817@hotmail.com','Colombiana'),(26,'Gabriela','Beatriz','Sánchez','Cruz','1995-06-02','F',7,'gabriela.sánchez3696@gmail.com','Colombiana'),(27,'Juan','Ricardo','García','Ríos','2004-02-19','M',6,'juan.garcía0907@uniandes.edu.co','Colombiana'),(28,'Nicolás',NULL,'González','Ruiz','1981-03-12','M',2,'nicolás.gonzález4516@gmail.com','Colombiana'),(29,'Jorge',NULL,'Castro','Zapata','1996-05-21','M',7,'jorge.castro8287@outlook.com','Colombiana'),(30,'Paula','Lucía','Castaño','Herrera','1987-10-06','F',14,'paula.castaño4762@hotmail.com','Colombiana'),(31,'Camilo',NULL,'Martínez','Torres','1990-08-18','M',15,'camilo.martínez7308@hotmail.com','Venezolana'),(32,'Isabella','Teresa','Castro','Cruz','2000-07-16','F',2,'isabella.castro7703@hotmail.com','Colombiana'),(33,'Carlos','Cristina','Vargas','Salazar','1991-11-07','M',14,'carlos.vargas7619@hotmail.com','Colombiana'),(34,'Camila',NULL,'Rodríguez','Herrera','1989-10-05','F',15,'camila.rodríguez5920@yahoo.com','Colombiana'),(35,'Daniel','Patricia','Vargas','Vargas','1993-02-14','M',12,'daniel.vargas8827@yahoo.com','Colombiana'),(36,'Juliana','Lucía','López','Mendoza','2000-07-02','F',9,'juliana.lópez9285@outlook.com','Colombiana'),(37,'Paula','Manuel','Ruiz','Reyes','2000-11-12','F',2,'paula.ruiz8243@uniandes.edu.co','Colombiana'),(38,'Nicolás','Patricia','Navarro','Valencia','1984-06-02','M',1,'nicolás.navarro7919@hotmail.com','Colombiana'),(39,'María','Martín','Ruiz','Salazar','1980-02-11','F',1,'maría.ruiz5034@unal.edu.co','Colombiana'),(40,'Sebastián',NULL,'Navarro','Montoya','1996-06-24','M',9,'sebastián.navarro3099@unal.edu.co','Colombiana'),(41,'Julián','José','Pérez','Vargas','2002-01-26','M',2,'julián.pérez1819@hotmail.com','Colombiana'),(42,'Santiago','Alejandro','Sánchez','Reyes','1987-08-25','M',13,'santiago.sánchez6391@outlook.com','Colombiana'),(43,'Camila',NULL,'Hernández','Ortega','1991-02-06','F',4,'camila.hernández0809@gmail.com','Colombiana'),(44,'Sebastián','Beatriz','Gómez','Bautista','1986-01-27','M',14,'sebastián.gómez3648@gmail.com','Venezolana'),(45,'Valentina',NULL,'Morales','Ortega','1992-03-16','F',15,'valentina.morales9576@hotmail.com','Colombiana'),(46,'Juan',NULL,'Ruiz','Montoya','1981-08-28','M',11,'juan.ruiz8035@uniandes.edu.co','Colombiana'),(47,'Daniela','José','Hernández','Zapata','1990-05-24','F',12,'daniela.hernández1815@uniandes.edu.co','Colombiana'),(48,'Fernanda','Manuel','Mejía','Vargas','1996-07-18','F',12,'fernanda.mejía4454@outlook.com','Venezolana'),(49,'Miguel',NULL,'Castro','Valencia','1998-08-04','M',1,'miguel.castro4718@outlook.com','Colombiana'),(50,'Lucía','Isabel','Ruiz','Gómez','1990-06-04','F',8,'lucía.ruiz3749@uniandes.edu.co','Colombiana'),(51,'Felipe','Felipe','López','Gómez','2003-01-09','M',15,'felipe.lópez6804@uniandes.edu.co','Colombiana'),(52,'Carolina','Lucía','Salazar','Bautista','1993-10-01','F',9,'carolina.salazar1829@outlook.com','Colombiana'),(53,'Daniel','Eduardo','González','Herrera','1997-12-30','M',10,'daniel.gonzález2175@gmail.com','Venezolana'),(54,'José',NULL,'Salazar','Vargas','1989-05-18','M',7,'josé.salazar2321@gmail.com','Colombiana'),(55,'Valentina','Eduardo','García','Ruiz','2000-08-07','F',8,'valentina.garcía8009@unal.edu.co','Venezolana'),(56,'Diana',NULL,'Castaño','Morales','1992-10-15','F',2,'diana.castaño4569@uniandes.edu.co','Colombiana'),(57,'Ángela',NULL,'Rodríguez','Gómez','1997-03-15','F',7,'ángela.rodríguez4327@outlook.com','Venezolana'),(58,'Isabella','Manuel','Gómez','Ríos','2002-02-18','F',8,'isabella.gómez2481@uniandes.edu.co','Colombiana'),(59,'Sara',NULL,'Morales','Torres','1996-04-17','F',9,'sara.morales0816@unal.edu.co','Colombiana'),(60,'Mateo',NULL,'Martínez','Herrera','1981-08-06','M',13,'mateo.martínez2936@outlook.com','Colombiana'),(61,'Diana','Ricardo','Hernández','Gómez','1988-01-24','F',6,'diana.hernández1552@yahoo.com','Colombiana'),(62,'Valentina','Cristina','González','Ruiz','1980-01-11','F',1,'valentina.gonzález5148@unal.edu.co','Colombiana'),(63,'Fernando','Marcela','Gómez','Ortega','2004-04-03','M',4,'fernando.gómez2412@hotmail.com','Colombiana'),(64,'Nicolás',NULL,'Pérez','Reyes','1991-06-08','M',6,'nicolás.pérez5615@hotmail.com','Colombiana'),(65,'Camila','Andrés','Rodríguez','Ríos','1998-09-09','F',6,'camila.rodríguez1773@uniandes.edu.co','Colombiana'),(66,'Mateo',NULL,'Castro','Ortega','1987-01-31','M',9,'mateo.castro2964@unal.edu.co','Colombiana'),(67,'Felipe',NULL,'Navarro','Valencia','2004-06-13','M',1,'felipe.navarro8164@outlook.com','Colombiana'),(68,'Natalia','Lucía','Rodríguez','Quintero','2005-02-27','F',8,'natalia.rodríguez0922@unal.edu.co','Colombiana'),(69,'Eliana','Javier','Martínez','Morales','1994-03-31','F',9,'eliana.martínez5331@gmail.com','Colombiana'),(70,'Natalia',NULL,'Pérez','Rojas','1980-06-16','F',14,'natalia.pérez4502@outlook.com','Colombiana'),(71,'Sofía','Alejandro','Castro','Cruz','1999-11-28','F',15,'sofía.castro2584@yahoo.com','Colombiana'),(72,'Juan','Elena','Ramírez','Zapata','1997-11-15','M',3,'juan.ramírez2641@outlook.com','Colombiana'),(73,'Gabriela','Lucía','Ruiz','Patiño','1995-04-12','F',5,'gabriela.ruiz8874@uniandes.edu.co','Colombiana'),(74,'Juliana',NULL,'Sánchez','Ríos','2000-09-13','F',4,'juliana.sánchez1212@outlook.com','Colombiana'),(75,'Ángela',NULL,'Salazar','Ruiz','1980-11-07','F',6,'ángela.salazar0082@yahoo.com','Colombiana'),(76,'Sofía','Ricardo','Ortega','Herrera','1990-12-31','F',3,'sofía.ortega8897@outlook.com','Colombiana'),(77,'Julián','Felipe','Torres','Vargas','2000-09-10','M',9,'julián.torres7592@hotmail.com','Colombiana'),(78,'Sofía',NULL,'Hernández','Cruz','1986-07-25','F',15,'sofía.hernández7460@yahoo.com','Venezolana'),(79,'Carolina','Martín','Ruiz','Vargas','1988-03-23','F',13,'carolina.ruiz5536@uniandes.edu.co','Colombiana'),(80,'Tomás','Alejandra','Ruiz','Gómez','1988-01-07','M',5,'tomás.ruiz9541@yahoo.com','Colombiana'),(81,'Miguel','Manuel','Ortega','Mendoza','1991-09-01','M',3,'miguel.ortega8514@yahoo.com','Venezolana'),(82,'Santiago','José','Navarro','Mejía','1982-07-28','M',14,'santiago.navarro7429@hotmail.com','Venezolana'),(83,'Laura',NULL,'Sánchez','Montoya','1998-04-08','F',8,'laura.sánchez5605@uniandes.edu.co','Colombiana'),(84,'Fernanda','Beatriz','Castro','Salazar','2002-06-18','F',10,'fernanda.castro3562@outlook.com','Colombiana'),(85,'Diana','Javier','López','Mejía','1991-12-14','F',8,'diana.lópez8238@uniandes.edu.co','Colombiana'),(86,'Luis','Manuel','Martínez','Reyes','1988-09-27','M',3,'luis.martínez3346@unal.edu.co','Venezolana'),(87,'Julián','Lucía','Mejía','Cruz','2002-07-11','M',13,'julián.mejía7394@gmail.com','Colombiana'),(88,'Carlos',NULL,'Mejía','Valencia','2002-07-01','M',3,'carlos.mejía5792@outlook.com','Colombiana'),(89,'Eliana','Eduardo','López','Torres','2001-05-29','F',5,'eliana.lópez9149@gmail.com','Venezolana'),(90,'Sofía',NULL,'Castro','Mendoza','1981-10-24','F',10,'sofía.castro3631@unal.edu.co','Colombiana'),(91,'Eliana',NULL,'Morales','Torres','1994-06-06','F',9,'eliana.morales7549@gmail.com','Colombiana'),(92,'Andrés',NULL,'González','Zapata','1996-03-30','M',11,'andrés.gonzález7369@uniandes.edu.co','Colombiana'),(93,'Manuela','Beatriz','Morales','Reyes','2003-06-05','F',1,'manuela.morales8354@hotmail.com','Colombiana'),(94,'Eliana','Ricardo','Ortega','Ruiz','1988-11-05','F',2,'eliana.ortega7532@uniandes.edu.co','Colombiana'),(95,'Andrés','Martín','Mejía','Ríos','2000-07-13','M',8,'andrés.mejía9632@hotmail.com','Colombiana'),(96,'Mateo','Marcela','Sánchez','Morales','1981-02-09','M',5,'mateo.sánchez9408@unal.edu.co','Colombiana'),(97,'Camilo',NULL,'Vargas','Vargas','1989-02-05','M',4,'camilo.vargas9077@hotmail.com','Colombiana'),(98,'Paula',NULL,'Castro','Herrera','1995-06-13','F',5,'paula.castro9628@gmail.com','Colombiana'),(99,'Santiago','Alejandro','Pérez','Rojas','1997-04-12','M',6,'santiago.pérez6908@hotmail.com','Colombiana'),(100,'Cristian','Beatriz','González','Bautista','2005-09-25','M',8,'cristian.gonzález8095@gmail.com','Colombiana'),(101,'Sofía','Alejandro','Morales','Mejía','1996-08-21','F',8,'sofía.morales2521@hotmail.com','Colombiana'),(102,'Gabriela',NULL,'Mejía','Vargas','1987-03-07','F',14,'gabriela.mejía5367@yahoo.com','Colombiana'),(103,'Manuela',NULL,'Martínez','Herrera','1985-05-22','F',2,'manuela.martínez2099@hotmail.com','Colombiana'),(104,'Valentina',NULL,'López','Montoya','1999-12-15','F',15,'valentina.lópez7092@outlook.com','Colombiana'),(105,'Cristian','Alejandro','Salazar','Mejía','1993-05-10','M',13,'cristian.salazar6555@uniandes.edu.co','Colombiana'),(106,'Andrea',NULL,'Ortega','Valencia','1989-03-27','F',6,'andrea.ortega6126@yahoo.com','Colombiana'),(107,'Cristian','Rocío','Pérez','Bautista','1989-04-21','M',15,'cristian.pérez2905@hotmail.com','Colombiana'),(108,'José',NULL,'Castro','Herrera','1995-02-14','M',5,'josé.castro9286@yahoo.com','Colombiana'),(109,'Fernanda','Andrés','Mejía','Mendoza','1990-07-31','F',9,'fernanda.mejía2830@outlook.com','Colombiana'),(110,'Juan',NULL,'Martínez','Vargas','1992-09-12','M',3,'juan.martínez9894@hotmail.com','Colombiana'),(111,'Cristian','Javier','Castro','Ortega','1991-03-19','M',7,'cristian.castro6699@gmail.com','Colombiana'),(112,'Felipe','Antonio','Salazar','Patiño','1987-09-04','M',2,'felipe.salazar9004@unal.edu.co','Colombiana'),(113,'Carlos','Beatriz','Sánchez','Bautista','1986-10-05','M',2,'carlos.sánchez2103@outlook.com','Colombiana'),(114,'Diana',NULL,'López','Quintero','1995-11-28','F',15,'diana.lópez4387@hotmail.com','Colombiana'),(115,'Miguel','Marcela','Ortega','Bautista','1983-06-27','M',8,'miguel.ortega4415@uniandes.edu.co','Colombiana'),(116,'Daniela','Beatriz','Castro','Quintero','1997-07-02','F',1,'daniela.castro6585@outlook.com','Colombiana'),(117,'Felipe','Isabel','Navarro','Torres','2003-07-03','M',1,'felipe.navarro7294@yahoo.com','Colombiana'),(118,'Esteban',NULL,'Martínez','Mejía','2004-12-27','M',1,'esteban.martínez1645@yahoo.com','Colombiana'),(119,'David','Patricia','García','Ruiz','1981-07-29','M',11,'david.garcía6454@gmail.com','Colombiana'),(120,'Miguel',NULL,'Ruiz','Mendoza','2000-12-22','M',2,'miguel.ruiz9038@gmail.com','Venezolana'),(121,'Sofía',NULL,'Sánchez','Morales','1987-10-19','F',5,'sofía.sánchez0682@hotmail.com','Colombiana'),(122,'Esteban','José','Castro','Mejía','1980-09-08','M',13,'esteban.castro5480@unal.edu.co','Colombiana'),(123,'Camila',NULL,'Martínez','Valencia','1985-07-26','F',4,'camila.martínez2630@uniandes.edu.co','Colombiana'),(124,'Fernanda','Ricardo','García','Mejía','1989-08-02','F',12,'fernanda.garcía9020@hotmail.com','Colombiana'),(125,'Nicolás',NULL,'Gómez','Gómez','1983-03-18','M',15,'nicolás.gómez0573@yahoo.com','Colombiana'),(126,'Miguel','Martín','Torres','Gómez','1992-04-03','M',14,'miguel.torres4615@yahoo.com','Colombiana'),(127,'Tomás','Felipe','López','Reyes','1995-01-24','M',14,'tomás.lópez7237@yahoo.com','Colombiana'),(128,'Sebastián',NULL,'Hernández','Salazar','1981-07-11','M',9,'sebastián.hernández0137@yahoo.com','Colombiana'),(129,'Mateo',NULL,'Martínez','Reyes','1997-08-07','M',3,'mateo.martínez0264@gmail.com','Colombiana'),(130,'Fernando',NULL,'González','Ríos','1988-08-20','M',8,'fernando.gonzález3530@uniandes.edu.co','Colombiana'),(131,'Sofía',NULL,'Rodríguez','Herrera','2005-05-18','F',1,'sofía.rodríguez7900@gmail.com','Colombiana'),(132,'Lucía','Eduardo','Sánchez','Ruiz','1980-12-02','F',7,'lucía.sánchez5835@uniandes.edu.co','Colombiana'),(133,'Andrés',NULL,'Navarro','Ruiz','1985-03-10','M',12,'andrés.navarro3290@gmail.com','Colombiana'),(134,'Carlos',NULL,'Sánchez','Rojas','1992-01-04','M',15,'carlos.sánchez1800@unal.edu.co','Colombiana'),(135,'Julián','Eduardo','Gómez','Montoya','2002-08-18','M',15,'julián.gómez1671@outlook.com','Colombiana'),(136,'Isabella','Alejandra','Navarro','Mejía','1998-07-03','F',1,'isabella.navarro3984@yahoo.com','Colombiana'),(137,'Luis','Isabel','Ortega','Mendoza','1997-09-03','M',10,'luis.ortega7094@unal.edu.co','Colombiana'),(138,'Camilo','Alejandro','Castro','Quintero','1983-01-19','M',12,'camilo.castro5200@outlook.com','Colombiana'),(139,'Lucía','Eduardo','Ortega','Morales','1984-10-14','F',12,'lucía.ortega6967@yahoo.com','Colombiana'),(140,'María','Martín','Navarro','Mendoza','2000-02-16','F',13,'maría.navarro4423@yahoo.com','Colombiana'),(141,'José','Andrés','González','Patiño','1997-07-04','M',14,'josé.gonzález7146@unal.edu.co','Colombiana'),(142,'Isabella','Teresa','Castro','Rojas','2004-07-28','F',5,'isabella.castro6744@unal.edu.co','Colombiana'),(143,'Gabriela',NULL,'Salazar','Patiño','1985-04-20','F',4,'gabriela.salazar7230@gmail.com','Colombiana'),(144,'Carolina',NULL,'Gómez','Montoya','1986-10-09','F',6,'carolina.gómez1605@gmail.com','Colombiana'),(145,'Laura','Felipe','López','Vargas','1985-08-24','F',6,'laura.lópez4073@hotmail.com','Colombiana'),(146,'Andrea',NULL,'Gómez','Zapata','1990-09-17','F',14,'andrea.gómez5189@hotmail.com','Colombiana'),(147,'Andrés',NULL,'Martínez','Reyes','1983-02-05','M',5,'andrés.martínez3124@outlook.com','Colombiana'),(148,'Fernando',NULL,'Navarro','Ortega','1982-06-14','M',10,'fernando.navarro2386@yahoo.com','Venezolana'),(149,'Sara',NULL,'Pérez','Torres','2003-09-07','F',8,'sara.pérez9263@yahoo.com','Colombiana'),(150,'Eliana','José','Navarro','Ortega','2002-07-04','F',5,'eliana.navarro1389@gmail.com','Colombiana'),(151,'Carlos','Rocío','Martínez','Bautista','1989-09-09','M',11,'carlos.martínez1648@uniandes.edu.co','Colombiana'),(152,'Carlos','Andrés','Morales','Gómez','1986-03-05','M',5,'carlos.morales3380@yahoo.com','Colombiana'),(153,'Sara',NULL,'Ruiz','Montoya','2003-08-11','F',11,'sara.ruiz1337@yahoo.com','Colombiana'),(154,'Cristian','Patricia','López','Torres','1988-06-27','M',8,'cristian.lópez0610@outlook.com','Colombiana'),(155,'Santiago',NULL,'Mejía','Reyes','2004-02-12','M',1,'santiago.mejía5058@uniandes.edu.co','Venezolana'),(156,'Jorge',NULL,'Navarro','Montoya','1988-08-20','M',9,'jorge.navarro3183@unal.edu.co','Colombiana'),(157,'Miguel','Cristina','Castaño','Gómez','1988-09-27','M',10,'miguel.castaño3868@yahoo.com','Colombiana'),(158,'Camilo','Martín','Martínez','Mejía','1983-12-07','M',4,'camilo.martínez2859@yahoo.com','Colombiana'),(159,'Felipe',NULL,'Ruiz','Ríos','2004-04-09','M',15,'felipe.ruiz7864@gmail.com','Colombiana'),(160,'Andrés',NULL,'Hernández','Herrera','1985-07-29','M',8,'andrés.hernández9927@outlook.com','Venezolana'),(161,'Paula',NULL,'Sánchez','Reyes','2001-03-17','F',15,'paula.sánchez5160@gmail.com','Colombiana'),(162,'David',NULL,'Ortega','Gómez','1999-02-08','M',14,'david.ortega5886@uniandes.edu.co','Colombiana'),(163,'Sara','Marcela','García','Cruz','1992-01-19','F',7,'sara.garcía2764@yahoo.com','Venezolana'),(164,'Esteban','Andrés','Sánchez','Bautista','1988-09-09','M',15,'esteban.sánchez1612@uniandes.edu.co','Colombiana'),(165,'Valentina',NULL,'Ortega','Ruiz','1991-09-29','F',1,'valentina.ortega1367@outlook.com','Colombiana'),(166,'Felipe','Lucía','Castro','Patiño','1995-02-23','M',4,'felipe.castro6997@uniandes.edu.co','Colombiana'),(167,'María','Alejandro','Sánchez','Reyes','2002-03-23','F',2,'maría.sánchez0553@uniandes.edu.co','Colombiana'),(168,'Jorge','Teresa','Torres','Quintero','1990-12-27','M',7,'jorge.torres4791@gmail.com','Colombiana'),(169,'Julián','Andrés','Castro','Salazar','1982-11-12','M',10,'julián.castro4368@yahoo.com','Colombiana'),(170,'Carolina','Patricia','Torres','Torres','1980-08-10','F',15,'carolina.torres6224@gmail.com','Colombiana'),(171,'Camilo',NULL,'Navarro','Morales','2003-06-15','M',14,'camilo.navarro1366@yahoo.com','Colombiana'),(172,'Daniel',NULL,'Martínez','Herrera','1990-11-02','M',2,'daniel.martínez1015@outlook.com','Colombiana'),(173,'Daniela',NULL,'Torres','Ríos','1987-02-11','F',3,'daniela.torres0388@hotmail.com','Colombiana'),(174,'Sofía',NULL,'Ruiz','Reyes','1987-01-22','F',10,'sofía.ruiz9244@uniandes.edu.co','Colombiana'),(175,'Luis',NULL,'González','Bautista','2000-02-28','M',11,'luis.gonzález5737@unal.edu.co','Colombiana'),(176,'Andrea',NULL,'Ortega','Montoya','1999-08-07','F',14,'andrea.ortega5796@unal.edu.co','Venezolana'),(177,'Miguel','Rocío','Torres','Salazar','1993-01-07','M',13,'miguel.torres7350@outlook.com','Colombiana'),(178,'Diana','Lucía','González','Ruiz','1996-10-06','F',6,'diana.gonzález6487@outlook.com','Colombiana'),(179,'Laura',NULL,'Castaño','Gómez','1987-10-22','F',5,'laura.castaño6015@gmail.com','Colombiana'),(180,'Camila','Isabel','Martínez','Gómez','1995-11-25','F',7,'camila.martínez6931@unal.edu.co','Colombiana'),(181,'Sebastián','Felipe','Castro','Torres','1982-06-27','M',13,'sebastián.castro9524@hotmail.com','Colombiana'),(182,'Paula','Alejandro','Hernández','Vargas','1989-07-20','F',12,'paula.hernández3308@unal.edu.co','Colombiana'),(183,'Paula',NULL,'Ruiz','Rojas','1981-05-29','F',6,'paula.ruiz1658@uniandes.edu.co','Venezolana'),(184,'Paula','Isabel','Ramírez','Cruz','1989-10-28','F',12,'paula.ramírez4900@outlook.com','Colombiana'),(185,'Julián',NULL,'Rodríguez','Vargas','1980-01-04','M',5,'julián.rodríguez9251@unal.edu.co','Colombiana'),(186,'Jorge','Cristina','Ortega','Mejía','2001-03-26','M',1,'jorge.ortega0410@uniandes.edu.co','Venezolana'),(187,'María','Patricia','Ortega','Mejía','1996-10-18','F',2,'maría.ortega8416@outlook.com','Venezolana'),(188,'Camila','Alejandro','Gómez','Montoya','1991-06-22','F',2,'camila.gómez9951@unal.edu.co','Colombiana'),(189,'Mateo','Eduardo','Ruiz','Mendoza','1997-09-01','M',1,'mateo.ruiz2357@gmail.com','Colombiana'),(190,'Juliana',NULL,'Ramírez','Rojas','1997-09-21','F',2,'juliana.ramírez4633@outlook.com','Colombiana'),(191,'Laura','Isabel','Vargas','Cruz','1992-12-01','F',5,'laura.vargas8688@yahoo.com','Colombiana'),(192,'Manuela',NULL,'García','Bautista','2005-04-01','F',15,'manuela.garcía5953@gmail.com','Colombiana'),(193,'Isabella',NULL,'Ortega','Patiño','1981-05-12','F',1,'isabella.ortega1191@hotmail.com','Colombiana'),(194,'Fernanda',NULL,'Gómez','Torres','1985-01-17','F',10,'fernanda.gómez7307@gmail.com','Colombiana'),(195,'Julián',NULL,'González','Vargas','1988-07-21','M',11,'julián.gonzález0380@outlook.com','Colombiana'),(196,'Eliana',NULL,'Sánchez','Torres','2005-10-10','F',9,'eliana.sánchez8118@gmail.com','Venezolana'),(197,'Gabriela',NULL,'Castaño','Herrera','1984-11-14','F',14,'gabriela.castaño3144@gmail.com','Colombiana'),(198,'Sebastián','Alejandra','Hernández','Quintero','1999-02-27','M',6,'sebastián.hernández7741@unal.edu.co','Venezolana'),(199,'Eliana',NULL,'Salazar','Morales','1983-03-31','F',6,'eliana.salazar1797@unal.edu.co','Colombiana'),(200,'Fernando',NULL,'López','Bautista','1990-03-03','M',12,'fernando.lópez9971@uniandes.edu.co','Colombiana'),(201,'Luis','Martín','García','Zapata','2000-04-07','M',2,'luis.garcía2615@yahoo.com','Colombiana'),(202,'Mateo',NULL,'Pérez','Valencia','1997-02-25','M',5,'mateo.pérez0618@outlook.com','Colombiana'),(203,'Miguel','Lucía','Rodríguez','Mendoza','1984-08-17','M',2,'miguel.rodríguez8349@unal.edu.co','Colombiana'),(204,'Juliana',NULL,'Pérez','Mejía','1987-07-24','F',8,'juliana.pérez7511@yahoo.com','Colombiana'),(205,'Felipe','Alejandra','Morales','Cruz','1993-03-23','M',9,'felipe.morales3666@outlook.com','Colombiana'),(206,'Santiago','Alejandra','Ruiz','Rojas','1992-07-01','M',12,'santiago.ruiz7930@unal.edu.co','Colombiana'),(207,'Julián','José','Morales','Valencia','2002-04-05','M',9,'julián.morales6693@uniandes.edu.co','Colombiana'),(208,'Daniela',NULL,'González','Ríos','1988-05-19','F',13,'daniela.gonzález8524@outlook.com','Colombiana'),(209,'Gabriela',NULL,'Rodríguez','Montoya','1997-03-18','F',9,'gabriela.rodríguez4639@hotmail.com','Colombiana'),(210,'Mateo','Lucía','Ruiz','Cruz','1997-08-28','M',9,'mateo.ruiz0701@outlook.com','Colombiana'),(211,'Jorge','Ricardo','Pérez','Torres','1995-01-08','M',3,'jorge.pérez4181@hotmail.com','Colombiana'),(212,'Sofía','Ricardo','Vargas','Gómez','1997-01-25','F',2,'sofía.vargas3677@yahoo.com','Colombiana'),(213,'Julián','José','Castro','Morales','1993-09-13','M',6,'julián.castro9297@gmail.com','Colombiana'),(214,'Juliana','Felipe','González','Bautista','1980-11-15','F',7,'juliana.gonzález7663@uniandes.edu.co','Colombiana'),(215,'Camilo',NULL,'Navarro','Ríos','1988-02-29','M',2,'camilo.navarro4828@hotmail.com','Colombiana'),(216,'Paula','Elena','Mejía','Vargas','2005-01-26','F',7,'paula.mejía5004@unal.edu.co','Colombiana'),(217,'Eliana',NULL,'Martínez','Rojas','2002-07-06','F',2,'eliana.martínez2274@unal.edu.co','Colombiana'),(218,'Daniel','Manuel','Martínez','Vargas','1994-06-26','M',9,'daniel.martínez9415@gmail.com','Venezolana'),(219,'Esteban','Cristina','Torres','Mendoza','1998-11-27','M',13,'esteban.torres5291@hotmail.com','Colombiana'),(220,'Valentina','Martín','Torres','Ruiz','2005-02-05','F',6,'valentina.torres0731@hotmail.com','Colombiana'),(221,'Santiago',NULL,'Vargas','Cruz','1995-06-07','M',11,'santiago.vargas3636@gmail.com','Colombiana'),(222,'Nicolás',NULL,'García','Morales','1985-10-12','M',10,'nicolás.garcía8287@hotmail.com','Venezolana'),(223,'Laura',NULL,'García','Morales','1994-08-07','F',8,'laura.garcía8834@uniandes.edu.co','Colombiana'),(224,'Jorge','José','Salazar','Rojas','1986-01-25','M',8,'jorge.salazar3272@yahoo.com','Colombiana'),(225,'Lucía','Beatriz','Salazar','Herrera','2000-09-15','F',5,'lucía.salazar8483@yahoo.com','Colombiana'),(226,'María','Antonio','García','Bautista','1987-10-07','F',10,'maría.garcía7592@yahoo.com','Colombiana'),(227,'Mateo','Felipe','Hernández','Valencia','2001-02-02','M',3,'mateo.hernández3839@hotmail.com','Colombiana'),(228,'José',NULL,'Navarro','Mejía','1998-07-31','M',6,'josé.navarro1043@hotmail.com','Colombiana'),(229,'Manuela','Felipe','Pérez','Morales','1984-12-16','F',3,'manuela.pérez2543@uniandes.edu.co','Colombiana'),(230,'Juliana',NULL,'Morales','Salazar','1982-08-10','F',1,'juliana.morales2813@gmail.com','Colombiana'),(231,'Daniela','Manuel','Torres','Valencia','1992-10-19','F',1,'daniela.torres8371@uniandes.edu.co','Colombiana'),(232,'Carlos','Rocío','Rodríguez','Ortega','1992-04-19','M',5,'carlos.rodríguez4573@yahoo.com','Colombiana'),(233,'Carolina','Rocío','Ruiz','Torres','2001-10-22','F',7,'carolina.ruiz6522@uniandes.edu.co','Colombiana'),(234,'Sofía',NULL,'López','Montoya','2000-09-22','F',6,'sofía.lópez1279@outlook.com','Colombiana'),(235,'Juliana','Ricardo','Pérez','Quintero','1995-04-29','F',13,'juliana.pérez6278@hotmail.com','Venezolana'),(236,'Manuela',NULL,'Martínez','Ruiz','2000-04-30','F',1,'manuela.martínez9003@gmail.com','Colombiana'),(237,'José','Rocío','González','Cruz','2005-05-23','M',6,'josé.gonzález4929@unal.edu.co','Colombiana'),(238,'Mateo','Elena','Salazar','Herrera','2002-04-13','M',3,'mateo.salazar4002@hotmail.com','Colombiana'),(239,'Isabella','Eduardo','Mejía','Zapata','1989-12-20','F',4,'isabella.mejía4734@outlook.com','Colombiana'),(240,'Lucía','Alejandro','Castaño','Patiño','1991-03-17','F',2,'lucía.castaño1276@hotmail.com','Colombiana'),(241,'Esteban','Teresa','Morales','Torres','2005-05-16','M',7,'esteban.morales4679@hotmail.com','Venezolana'),(242,'Laura','Beatriz','Navarro','Quintero','1993-02-12','F',9,'laura.navarro4668@uniandes.edu.co','Colombiana'),(243,'Laura','Elena','Castro','Mejía','1980-06-02','F',10,'laura.castro5139@unal.edu.co','Colombiana'),(244,'Cristian',NULL,'Salazar','Bautista','1992-07-23','M',12,'cristian.salazar7573@hotmail.com','Colombiana'),(245,'Carlos','Isabel','Rodríguez','Reyes','1983-11-23','M',5,'carlos.rodríguez7819@hotmail.com','Colombiana'),(246,'Sara','Beatriz','Hernández','Montoya','1985-09-23','F',15,'sara.hernández6854@uniandes.edu.co','Colombiana'),(247,'Juliana',NULL,'Pérez','Montoya','1994-10-03','F',5,'juliana.pérez6413@unal.edu.co','Colombiana'),(248,'Isabella',NULL,'Ortega','Mejía','1987-06-28','F',15,'isabella.ortega6253@outlook.com','Colombiana'),(249,'Mateo',NULL,'Ramírez','Ruiz','2000-01-18','M',14,'mateo.ramírez7848@unal.edu.co','Colombiana'),(250,'Lucía','Rocío','Castro','Bautista','1998-03-26','F',7,'lucía.castro3154@hotmail.com','Colombiana'),(251,'Tomás','José','García','Zapata','2000-05-01','M',10,'tomás.garcía8718@gmail.com','Venezolana'),(252,'David',NULL,'Sánchez','Bautista','1983-06-29','M',2,'david.sánchez6152@uniandes.edu.co','Ecuatoriana'),(253,'Juliana','Manuel','Mejía','Gómez','1987-04-15','F',2,'juliana.mejía0860@unal.edu.co','Colombiana'),(254,'Lucía','Alejandra','Castaño','Ruiz','1985-07-22','F',10,'lucía.castaño8775@uniandes.edu.co','Colombiana'),(255,'Santiago','Martín','Hernández','Zapata','1980-11-22','M',7,'santiago.hernández5213@unal.edu.co','Colombiana'),(256,'Valentina','Isabel','González','Morales','1985-06-09','F',14,'valentina.gonzález4349@unal.edu.co','Colombiana'),(257,'Sebastián','Alejandro','Hernández','Vargas','2005-04-30','M',14,'sebastián.hernández2386@outlook.com','Colombiana'),(258,'Andrea','Felipe','Ramírez','Montoya','2005-09-04','F',11,'andrea.ramírez0362@outlook.com','Ecuatoriana'),(259,'Valentina','Isabel','Martínez','Gómez','1995-12-01','F',11,'valentina.martínez3172@uniandes.edu.co','Colombiana'),(260,'Manuela','Alejandra','Navarro','Morales','1990-05-10','F',14,'manuela.navarro0105@yahoo.com','Venezolana'),(261,'Tomás',NULL,'Rodríguez','Valencia','2004-07-23','M',7,'tomás.rodríguez3752@gmail.com','Colombiana'),(262,'Miguel','Cristina','Torres','Mendoza','1985-06-13','M',15,'miguel.torres9180@yahoo.com','Colombiana'),(263,'Nicolás',NULL,'Ruiz','Torres','2000-08-08','M',12,'nicolás.ruiz5009@gmail.com','Colombiana'),(264,'Miguel','Elena','Gómez','Torres','1995-09-30','M',2,'miguel.gómez1295@uniandes.edu.co','Colombiana'),(265,'Camila','Andrés','González','Mendoza','1995-03-20','F',10,'camila.gonzález2899@uniandes.edu.co','Colombiana'),(266,'Eliana',NULL,'Morales','Cruz','2001-05-23','F',11,'eliana.morales0390@uniandes.edu.co','Colombiana'),(267,'Sara','Isabel','García','Cruz','1981-09-15','F',7,'sara.garcía1180@hotmail.com','Colombiana'),(268,'Fernanda','Antonio','Morales','Mendoza','1983-09-03','F',12,'fernanda.morales8580@yahoo.com','Colombiana'),(269,'Carolina',NULL,'Martínez','Ortega','1984-10-30','F',10,'carolina.martínez6278@unal.edu.co','Venezolana'),(270,'Mateo',NULL,'Sánchez','Vargas','1981-06-30','M',2,'mateo.sánchez7491@unal.edu.co','Colombiana'),(271,'Andrea','Andrés','López','Ríos','1981-03-08','F',14,'andrea.lópez5244@hotmail.com','Colombiana'),(272,'Diana','José','Sánchez','Salazar','2005-11-06','F',6,'diana.sánchez1760@yahoo.com','Colombiana'),(273,'Daniela',NULL,'Sánchez','Patiño','1999-11-16','F',11,'daniela.sánchez7413@hotmail.com','Colombiana'),(274,'Ángela','Manuel','Navarro','Ortega','2005-12-22','F',5,'ángela.navarro3846@yahoo.com','Colombiana'),(275,'Julián',NULL,'Vargas','Ruiz','1981-05-08','M',3,'julián.vargas8752@outlook.com','Colombiana'),(276,'Tomás','Elena','Gómez','Salazar','1991-10-17','M',11,'tomás.gómez3324@outlook.com','Colombiana'),(277,'Lucía',NULL,'Salazar','Vargas','1999-01-18','F',14,'lucía.salazar5305@hotmail.com','Colombiana'),(278,'Laura','Manuel','López','Patiño','1984-12-21','F',15,'laura.lópez7261@gmail.com','Colombiana'),(279,'Nicolás','Alejandra','López','Cruz','2002-04-27','M',5,'nicolás.lópez4634@uniandes.edu.co','Colombiana'),(280,'Nicolás','Marcela','Pérez','Vargas','1999-01-29','M',15,'nicolás.pérez9826@uniandes.edu.co','Colombiana'),(281,'Ángela',NULL,'Morales','Cruz','1980-04-26','F',11,'ángela.morales8518@outlook.com','Colombiana'),(282,'Daniela',NULL,'Sánchez','Vargas','1986-10-22','F',10,'daniela.sánchez6952@uniandes.edu.co','Colombiana'),(283,'Cristian',NULL,'Gómez','Mendoza','1985-02-21','M',9,'cristian.gómez4186@unal.edu.co','Colombiana'),(284,'Tomás',NULL,'Hernández','Quintero','1998-04-29','M',4,'tomás.hernández0936@hotmail.com','Colombiana'),(285,'Nicolás','Manuel','Navarro','Ríos','2002-08-06','M',6,'nicolás.navarro4777@uniandes.edu.co','Colombiana'),(286,'Juan',NULL,'Ortega','Patiño','1994-02-22','M',9,'juan.ortega0999@yahoo.com','Colombiana'),(287,'Julián',NULL,'Vargas','Bautista','2002-03-06','M',1,'julián.vargas0518@uniandes.edu.co','Colombiana'),(288,'Julián','Alejandro','Ramírez','Morales','1988-06-22','M',14,'julián.ramírez4056@gmail.com','Venezolana'),(289,'Juan','Manuel','Salazar','Montoya','1982-04-20','M',15,'juan.salazar1144@outlook.com','Colombiana'),(290,'Juan',NULL,'Castaño','Vargas','1980-09-19','M',6,'juan.castaño5713@uniandes.edu.co','Colombiana'),(291,'Daniel',NULL,'Morales','Reyes','1986-02-21','M',1,'daniel.morales9685@gmail.com','Colombiana'),(292,'Sara',NULL,'Mejía','Ríos','2002-07-06','F',11,'sara.mejía9712@outlook.com','Colombiana'),(293,'Andrés','Javier','Torres','Ruiz','1981-04-05','M',4,'andrés.torres0491@gmail.com','Colombiana'),(294,'Daniel','José','Mejía','Vargas','1993-06-06','M',12,'daniel.mejía6393@unal.edu.co','Venezolana'),(295,'Esteban','Elena','Mejía','Morales','1995-06-28','M',2,'esteban.mejía2606@unal.edu.co','Venezolana'),(296,'Isabella',NULL,'Martínez','Reyes','1989-10-29','F',8,'isabella.martínez1211@hotmail.com','Colombiana'),(297,'Juliana',NULL,'Morales','Zapata','1985-03-14','F',1,'juliana.morales0087@hotmail.com','Colombiana'),(298,'Julián',NULL,'Rodríguez','Zapata','1997-07-14','M',10,'julián.rodríguez5241@unal.edu.co','Colombiana'),(299,'Miguel','Eduardo','Salazar','Salazar','1998-11-08','M',3,'miguel.salazar4537@gmail.com','Colombiana'),(300,'Santiago','Ricardo','Morales','Salazar','1990-01-01','M',4,'santiago.morales4988@hotmail.com','Colombiana'),(301,'Juan','Antonio','Castaño','Vargas','2002-10-16','M',1,'juan.castaño5329@gmail.com','Colombiana'),(302,'Diana','Teresa','Castaño','Ruiz','1991-06-04','F',8,'diana.castaño6040@uniandes.edu.co','Venezolana'),(303,'Andrea',NULL,'López','Zapata','1996-05-12','F',1,'andrea.lópez9124@uniandes.edu.co','Colombiana'),(304,'Paula',NULL,'González','Ruiz','1998-09-02','F',6,'paula.gonzález9891@uniandes.edu.co','Colombiana'),(305,'Sofía','Eduardo','Gómez','Ruiz','1981-06-24','F',5,'sofía.gómez6120@yahoo.com','Colombiana'),(306,'Andrea','Martín','Castaño','Mendoza','1986-01-27','F',12,'andrea.castaño2765@uniandes.edu.co','Colombiana'),(307,'Fernanda','José','Hernández','Patiño','1980-08-18','F',4,'fernanda.hernández9450@unal.edu.co','Colombiana'),(308,'Felipe',NULL,'Morales','Salazar','2001-07-31','M',7,'felipe.morales6556@uniandes.edu.co','Colombiana'),(309,'Natalia',NULL,'Castaño','Zapata','1995-09-09','F',6,'natalia.castaño4749@unal.edu.co','Colombiana'),(310,'Miguel','Elena','González','Ortega','1992-09-30','M',8,'miguel.gonzález8524@uniandes.edu.co','Colombiana'),(311,'Julián','Felipe','Castro','Morales','1980-04-03','M',12,'julián.castro2475@outlook.com','Colombiana'),(312,'Jorge','Patricia','García','Ruiz','1982-04-25','M',8,'jorge.garcía0743@gmail.com','Colombiana'),(313,'Felipe','Elena','Navarro','Bautista','2001-02-07','M',3,'felipe.navarro4495@uniandes.edu.co','Venezolana'),(314,'Paula',NULL,'Morales','Mendoza','2005-01-09','F',4,'paula.morales7795@gmail.com','Colombiana'),(315,'Juliana',NULL,'Castro','Patiño','1997-03-17','F',12,'juliana.castro3513@uniandes.edu.co','Colombiana'),(316,'Gabriela','Patricia','Ortega','Ríos','1992-03-20','F',10,'gabriela.ortega1955@unal.edu.co','Colombiana'),(317,'Camilo','Marcela','Rodríguez','Patiño','1990-08-07','M',5,'camilo.rodríguez1015@outlook.com','Colombiana'),(318,'Cristian','Patricia','Pérez','Mendoza','1988-10-31','M',14,'cristian.pérez7700@uniandes.edu.co','Venezolana'),(319,'Manuela','Beatriz','Sánchez','Quintero','2001-05-13','F',5,'manuela.sánchez8055@unal.edu.co','Colombiana'),(320,'Miguel','Andrés','Martínez','Mendoza','1997-01-06','M',10,'miguel.martínez5944@gmail.com','Colombiana'),(321,'Santiago',NULL,'Torres','Quintero','1986-07-15','M',14,'santiago.torres4092@outlook.com','Colombiana'),(322,'Santiago',NULL,'García','Valencia','1991-11-21','M',7,'santiago.garcía6210@uniandes.edu.co','Colombiana'),(323,'Diana',NULL,'Ramírez','Rojas','1980-06-30','F',6,'diana.ramírez5441@unal.edu.co','Colombiana'),(324,'Sara','Eduardo','López','Quintero','1981-03-17','F',15,'sara.lópez9734@uniandes.edu.co','Colombiana'),(325,'Sara',NULL,'Sánchez','Mejía','1998-08-17','F',12,'sara.sánchez3931@uniandes.edu.co','Colombiana'),(326,'Laura',NULL,'López','Morales','1991-02-13','F',15,'laura.lópez8312@yahoo.com','Colombiana'),(327,'Manuela','Isabel','Martínez','Ríos','1983-03-12','F',10,'manuela.martínez0220@uniandes.edu.co','Colombiana'),(328,'Ángela','Felipe','Gómez','Bautista','1993-05-19','F',12,'ángela.gómez5628@outlook.com','Colombiana'),(329,'Natalia','Ricardo','González','Montoya','1996-06-09','F',6,'natalia.gonzález7847@gmail.com','Colombiana'),(330,'Diana',NULL,'Ruiz','Ríos','1984-03-02','F',1,'diana.ruiz5604@outlook.com','Venezolana'),(331,'Lucía',NULL,'Castaño','Ríos','1985-08-22','F',12,'lucía.castaño6084@hotmail.com','Colombiana'),(332,'Daniel','Marcela','Rodríguez','Reyes','1998-06-10','M',5,'daniel.rodríguez8736@outlook.com','Colombiana'),(333,'Carolina','Elena','López','Montoya','1983-09-21','F',2,'carolina.lópez3797@hotmail.com','Venezolana'),(334,'Julián','Marcela','Gómez','Quintero','1983-08-07','M',15,'julián.gómez6964@gmail.com','Colombiana'),(335,'Juan','Alejandro','Mejía','Bautista','1991-08-21','M',1,'juan.mejía6521@yahoo.com','Colombiana'),(336,'Sara','Teresa','Rodríguez','Quintero','1987-08-22','F',9,'sara.rodríguez0994@unal.edu.co','Venezolana'),(337,'Laura',NULL,'Morales','Cruz','1998-10-21','F',14,'laura.morales3485@unal.edu.co','Colombiana'),(338,'Andrea','Ricardo','Sánchez','Valencia','2001-02-10','F',9,'andrea.sánchez1182@gmail.com','Colombiana'),(339,'Esteban','Felipe','Vargas','Patiño','1981-03-06','M',15,'esteban.vargas0846@outlook.com','Colombiana'),(340,'Carlos',NULL,'Torres','Mejía','1983-04-17','M',15,'carlos.torres2620@yahoo.com','Colombiana'),(341,'Natalia','Teresa','Torres','Torres','1987-12-06','F',4,'natalia.torres7574@yahoo.com','Colombiana'),(342,'Fernando',NULL,'González','Ruiz','2003-12-24','M',2,'fernando.gonzález2594@unal.edu.co','Colombiana'),(343,'Manuela','Ricardo','Salazar','Morales','2002-01-15','F',4,'manuela.salazar9053@yahoo.com','Colombiana'),(344,'Carlos',NULL,'Salazar','Ruiz','2004-05-28','M',10,'carlos.salazar0456@hotmail.com','Colombiana'),(345,'Sara','Alejandro','Torres','Mejía','1997-03-20','F',6,'sara.torres8779@hotmail.com','Colombiana'),(346,'Tomás','Antonio','Ortega','Quintero','2004-12-20','M',12,'tomás.ortega5296@uniandes.edu.co','Colombiana'),(347,'José','José','Ortega','Rojas','1991-12-31','M',5,'josé.ortega9264@outlook.com','Colombiana'),(348,'Camilo','Lucía','Ruiz','Valencia','1983-11-16','M',14,'camilo.ruiz6496@uniandes.edu.co','Colombiana'),(349,'Jorge','Patricia','Castro','Cruz','1983-09-19','M',6,'jorge.castro8913@gmail.com','Colombiana'),(350,'Santiago',NULL,'Vargas','Quintero','1991-08-04','M',13,'santiago.vargas0941@gmail.com','Colombiana'),(351,'Sebastián','Teresa','López','Bautista','2000-03-03','M',1,'sebastián.lópez7410@hotmail.com','Colombiana'),(352,'Carolina','Marcela','Martínez','Herrera','1996-06-16','F',2,'carolina.martínez0405@outlook.com','Colombiana'),(353,'Carlos','Alejandro','López','Ortega','2003-01-05','M',4,'carlos.lópez7290@yahoo.com','Colombiana'),(354,'Fernanda','Isabel','Torres','Montoya','1996-05-11','F',14,'fernanda.torres6556@hotmail.com','Colombiana'),(355,'Manuela',NULL,'Hernández','Bautista','1988-05-02','F',14,'manuela.hernández3262@uniandes.edu.co','Colombiana'),(356,'Fernando','Andrés','Castaño','Valencia','1998-11-17','M',11,'fernando.castaño4097@yahoo.com','Colombiana'),(357,'Juan',NULL,'Torres','Salazar','1980-05-13','M',13,'juan.torres6389@gmail.com','Colombiana'),(358,'Manuela','Javier','González','Bautista','1987-04-06','F',9,'manuela.gonzález1390@yahoo.com','Colombiana'),(359,'Manuela','Manuel','López','Patiño','1997-04-26','F',2,'manuela.lópez1479@uniandes.edu.co','Colombiana'),(360,'Andrés',NULL,'Sánchez','Zapata','1999-05-05','M',2,'andrés.sánchez7814@uniandes.edu.co','Colombiana'),(361,'Felipe',NULL,'Rodríguez','Salazar','1991-02-17','M',2,'felipe.rodríguez7834@unal.edu.co','Colombiana'),(362,'Paula','Elena','Morales','Herrera','1989-10-14','F',4,'paula.morales8654@outlook.com','Colombiana'),(363,'Nicolás',NULL,'Gómez','Mendoza','1994-08-30','M',5,'nicolás.gómez2292@hotmail.com','Colombiana'),(364,'Juliana','Elena','Morales','Gómez','1987-09-30','F',3,'juliana.morales8748@hotmail.com','Colombiana'),(365,'Isabella',NULL,'Sánchez','Vargas','1985-10-07','F',10,'isabella.sánchez8257@hotmail.com','Colombiana'),(366,'Diana','Martín','Gómez','Quintero','2000-08-07','F',15,'diana.gómez2375@uniandes.edu.co','Colombiana'),(367,'Santiago','Eduardo','Sánchez','Valencia','2001-04-12','M',9,'santiago.sánchez7013@gmail.com','Venezolana'),(368,'Julián',NULL,'Ruiz','Quintero','1983-06-29','M',11,'julián.ruiz2181@uniandes.edu.co','Colombiana'),(369,'Fernanda',NULL,'González','Ruiz','1983-11-08','F',6,'fernanda.gonzález5281@outlook.com','Colombiana'),(370,'Mateo',NULL,'Salazar','Herrera','2005-12-17','M',8,'mateo.salazar4043@gmail.com','Colombiana'),(371,'Natalia',NULL,'García','Salazar','1994-09-19','F',4,'natalia.garcía2694@unal.edu.co','Colombiana'),(372,'Santiago',NULL,'Mejía','Montoya','1996-08-16','M',2,'santiago.mejía8475@outlook.com','Colombiana'),(373,'Miguel','Isabel','González','Ortega','2001-12-09','M',7,'miguel.gonzález1438@outlook.com','Colombiana'),(374,'Ángela','Manuel','Salazar','Zapata','1982-02-06','F',14,'ángela.salazar1244@hotmail.com','Colombiana'),(375,'Isabella',NULL,'Salazar','Rojas','1984-06-18','F',5,'isabella.salazar6640@uniandes.edu.co','Colombiana'),(376,'Cristian',NULL,'Hernández','Vargas','2002-08-23','M',7,'cristian.hernández0994@yahoo.com','Colombiana'),(377,'José','Elena','Sánchez','Torres','1987-01-30','M',7,'josé.sánchez2273@outlook.com','Colombiana'),(378,'Sofía','Felipe','Torres','Reyes','1999-01-23','F',8,'sofía.torres6407@gmail.com','Colombiana'),(379,'Sebastián','Lucía','Sánchez','Vargas','1994-07-08','M',13,'sebastián.sánchez5797@outlook.com','Colombiana'),(380,'David','Lucía','Mejía','Patiño','1981-07-08','M',4,'david.mejía0906@outlook.com','Colombiana'),(381,'Cristian','Andrés','Castaño','Cruz','2005-10-10','M',8,'cristian.castaño3940@yahoo.com','Colombiana'),(382,'María',NULL,'Morales','Vargas','1991-02-11','F',15,'maría.morales6723@gmail.com','Colombiana'),(383,'Esteban','José','González','Quintero','1982-02-11','M',4,'esteban.gonzález7279@hotmail.com','Colombiana'),(384,'Manuela','Martín','Navarro','Salazar','1993-06-21','F',15,'manuela.navarro2159@unal.edu.co','Venezolana'),(385,'Camila',NULL,'Gómez','Montoya','1989-04-29','F',2,'camila.gómez6365@gmail.com','Colombiana'),(386,'Diana','Isabel','Rodríguez','Valencia','2005-07-30','F',12,'diana.rodríguez6250@outlook.com','Venezolana'),(387,'Daniel','Martín','Hernández','Valencia','1982-05-01','M',5,'daniel.hernández0084@uniandes.edu.co','Venezolana'),(388,'Fernanda',NULL,'Castaño','Ríos','1986-07-05','F',14,'fernanda.castaño0585@unal.edu.co','Colombiana'),(389,'María',NULL,'Castaño','Herrera','1988-07-11','F',14,'maría.castaño6216@gmail.com','Colombiana'),(390,'Sara',NULL,'Salazar','Reyes','2000-11-25','F',14,'sara.salazar7759@hotmail.com','Venezolana'),(391,'Esteban','Beatriz','Morales','Morales','1987-03-29','M',5,'esteban.morales9708@gmail.com','Colombiana'),(392,'Jorge',NULL,'Pérez','Salazar','1988-12-27','M',4,'jorge.pérez3388@unal.edu.co','Colombiana'),(393,'Nicolás','Martín','García','Rojas','1998-09-01','M',1,'nicolás.garcía9026@hotmail.com','Colombiana'),(394,'Nicolás',NULL,'Martínez','Cruz','1982-12-25','M',4,'nicolás.martínez0534@yahoo.com','Colombiana'),(395,'Sebastián','Javier','Vargas','Rojas','1988-12-15','M',11,'sebastián.vargas1177@unal.edu.co','Colombiana'),(396,'Daniel','Beatriz','Morales','Mejía','1988-06-14','M',11,'daniel.morales2632@hotmail.com','Colombiana'),(397,'Juliana','Alejandra','Vargas','Mendoza','1999-06-12','F',12,'juliana.vargas5085@outlook.com','Colombiana'),(398,'Ángela',NULL,'Navarro','Vargas','1984-02-10','F',5,'ángela.navarro2809@yahoo.com','Colombiana'),(399,'Valentina',NULL,'Ruiz','Herrera','1989-06-19','F',1,'valentina.ruiz1538@uniandes.edu.co','Colombiana'),(400,'Juliana','Manuel','Gómez','Ríos','1988-03-16','F',9,'juliana.gómez8541@outlook.com','Venezolana'),(401,'Miguel','Javier','Vargas','Valencia','1993-02-13','M',10,'miguel.vargas3404@outlook.com','Colombiana'),(402,'María','José','Torres','Herrera','1980-07-10','F',3,'maría.torres1565@uniandes.edu.co','Colombiana'),(403,'Sebastián','Elena','González','Quintero','1988-03-04','M',1,'sebastián.gonzález4564@hotmail.com','Colombiana'),(404,'Julián','Elena','Morales','Montoya','1999-03-31','M',13,'julián.morales6147@yahoo.com','Colombiana'),(405,'Camilo','Manuel','Pérez','Herrera','2000-10-11','M',12,'camilo.pérez3195@outlook.com','Colombiana'),(406,'Julián','Ricardo','Vargas','Ruiz','1989-03-18','M',8,'julián.vargas5778@uniandes.edu.co','Colombiana'),(407,'Sebastián','Martín','Martínez','Ortega','1982-11-08','M',5,'sebastián.martínez8463@yahoo.com','Colombiana'),(408,'Paula',NULL,'García','Quintero','1999-09-26','F',8,'paula.garcía5393@hotmail.com','Colombiana'),(409,'Felipe','Ricardo','Ortega','Reyes','1997-05-12','M',8,'felipe.ortega0379@outlook.com','Colombiana'),(410,'Juliana','Beatriz','Rodríguez','Gómez','1991-10-19','F',9,'juliana.rodríguez6669@yahoo.com','Colombiana'),(411,'Sara','Ricardo','Hernández','Gómez','1997-10-10','F',1,'sara.hernández0873@hotmail.com','Colombiana'),(412,'Paula',NULL,'Martínez','Valencia','1987-02-16','F',4,'paula.martínez5291@uniandes.edu.co','Colombiana'),(413,'Paula','José','Salazar','Herrera','2005-06-02','F',11,'paula.salazar6837@hotmail.com','Colombiana'),(414,'Daniel','Ricardo','Sánchez','Valencia','2001-01-06','M',9,'daniel.sánchez4187@uniandes.edu.co','Colombiana'),(415,'Daniel','Patricia','Pérez','Mendoza','1988-07-24','M',14,'daniel.pérez0116@gmail.com','Colombiana'),(416,'Nicolás',NULL,'Gómez','Gómez','1986-09-05','M',1,'nicolás.gómez2371@hotmail.com','Colombiana'),(417,'Camilo',NULL,'López','Reyes','1981-08-05','M',12,'camilo.lópez4983@outlook.com','Colombiana'),(418,'Miguel','Alejandro','Castaño','Rojas','2002-02-17','M',7,'miguel.castaño3705@outlook.com','Colombiana'),(419,'Juan','Andrés','López','Morales','1995-05-23','M',2,'juan.lópez9043@uniandes.edu.co','Colombiana'),(420,'Jorge','Beatriz','Martínez','Salazar','1998-05-07','M',10,'jorge.martínez0215@yahoo.com','Colombiana'),(421,'Isabella',NULL,'Sánchez','Cruz','1988-01-21','F',7,'isabella.sánchez1690@yahoo.com','Colombiana'),(422,'Julián',NULL,'Castro','Gómez','1984-11-13','M',12,'julián.castro8604@uniandes.edu.co','Venezolana'),(423,'Nicolás',NULL,'Ortega','Salazar','1986-09-01','M',10,'nicolás.ortega5962@outlook.com','Venezolana'),(424,'Tomás',NULL,'Salazar','Herrera','1998-08-25','M',11,'tomás.salazar8962@outlook.com','Colombiana'),(425,'Diana','Elena','Pérez','Morales','1998-02-18','F',10,'diana.pérez4033@yahoo.com','Colombiana'),(426,'Miguel','Alejandra','Mejía','Reyes','1991-05-02','M',12,'miguel.mejía1183@outlook.com','Colombiana'),(427,'Daniel','Lucía','Gómez','Ruiz','1992-06-01','M',10,'daniel.gómez0402@uniandes.edu.co','Colombiana'),(428,'Camila','Alejandro','Salazar','Quintero','2004-06-05','F',15,'camila.salazar8760@unal.edu.co','Colombiana'),(429,'David',NULL,'Castro','Rojas','1999-04-09','M',5,'david.castro5267@hotmail.com','Venezolana'),(430,'Andrés','Alejandro','López','Ortega','1998-04-17','M',12,'andrés.lópez5383@unal.edu.co','Colombiana'),(431,'Tomás',NULL,'Ruiz','Ortega','1989-03-07','M',13,'tomás.ruiz4862@hotmail.com','Colombiana'),(432,'Luis','Elena','González','Quintero','1983-03-23','M',1,'luis.gonzález6294@uniandes.edu.co','Colombiana'),(433,'Sofía','Elena','Vargas','Valencia','1999-11-25','F',11,'sofía.vargas6047@uniandes.edu.co','Colombiana'),(434,'Ángela','Beatriz','Mejía','Morales','1988-05-02','F',6,'ángela.mejía9952@gmail.com','Colombiana'),(435,'Mateo',NULL,'Gómez','Cruz','2004-09-01','M',13,'mateo.gómez7851@gmail.com','Colombiana'),(436,'José',NULL,'González','Torres','1996-11-11','M',2,'josé.gonzález6653@hotmail.com','Colombiana'),(437,'Sara','Alejandra','Ortega','Ortega','1991-05-02','F',11,'sara.ortega3409@hotmail.com','Colombiana'),(438,'Sofía','Martín','Torres','Ríos','1983-07-31','F',5,'sofía.torres1453@outlook.com','Colombiana'),(439,'Tomás','Andrés','Vargas','Ruiz','1985-01-25','M',11,'tomás.vargas2499@unal.edu.co','Colombiana'),(440,'Fernanda',NULL,'Navarro','Valencia','1999-03-03','F',12,'fernanda.navarro5487@unal.edu.co','Venezolana'),(441,'Daniel','Isabel','Torres','Valencia','1994-06-09','M',1,'daniel.torres1059@yahoo.com','Colombiana'),(442,'Mateo','Eduardo','López','Salazar','1985-01-26','M',11,'mateo.lópez8904@yahoo.com','Colombiana'),(443,'Gabriela',NULL,'Martínez','Cruz','1981-10-16','F',12,'gabriela.martínez1542@unal.edu.co','Colombiana'),(444,'Andrés','Alejandro','Morales','Torres','2001-02-15','M',7,'andrés.morales5545@hotmail.com','Colombiana'),(445,'Carlos','Isabel','Gómez','Morales','1984-06-05','M',6,'carlos.gómez3721@hotmail.com','Colombiana'),(446,'Daniela',NULL,'López','Ríos','2000-02-05','F',9,'daniela.lópez2707@gmail.com','Colombiana'),(447,'Tomás','Martín','Salazar','Montoya','1985-09-13','M',4,'tomás.salazar9236@yahoo.com','Colombiana'),(448,'Santiago','Elena','González','Ortega','1995-04-12','M',11,'santiago.gonzález9753@gmail.com','Colombiana'),(449,'Fernanda','Teresa','López','Bautista','1981-06-13','F',6,'fernanda.lópez6362@gmail.com','Colombiana'),(450,'Cristian','Alejandra','Navarro','Gómez','1999-09-15','M',11,'cristian.navarro9677@unal.edu.co','Colombiana'),(451,'Eliana',NULL,'Ruiz','Herrera','1993-07-18','F',4,'eliana.ruiz1307@gmail.com','Colombiana'),(452,'Juan','Alejandro','Castaño','Herrera','1993-02-26','M',12,'juan.castaño7416@outlook.com','Colombiana'),(453,'Laura','Rocío','Martínez','Bautista','1999-05-14','F',11,'laura.martínez4656@gmail.com','Colombiana'),(454,'Carlos','Teresa','Martínez','Rojas','1989-02-10','M',13,'carlos.martínez7108@unal.edu.co','Colombiana'),(455,'Mateo',NULL,'Ramírez','Ortega','1994-05-13','M',5,'mateo.ramírez1104@yahoo.com','Colombiana'),(456,'Juan',NULL,'Ruiz','Ortega','1990-02-07','M',13,'juan.ruiz3479@unal.edu.co','Colombiana'),(457,'Sara','Patricia','Ruiz','Mendoza','2003-06-03','F',4,'sara.ruiz1713@gmail.com','Colombiana'),(458,'Fernando','Patricia','Castaño','Ruiz','1992-08-26','M',9,'fernando.castaño8836@yahoo.com','Colombiana'),(459,'Jorge',NULL,'Vargas','Mendoza','1991-08-18','M',7,'jorge.vargas1573@hotmail.com','Colombiana'),(460,'Sara',NULL,'Ramírez','Mejía','2003-06-12','F',14,'sara.ramírez4824@uniandes.edu.co','Colombiana'),(461,'Miguel','Manuel','Morales','Reyes','1984-06-01','M',10,'miguel.morales8219@unal.edu.co','Colombiana'),(462,'Fernanda',NULL,'López','Gómez','1987-03-24','F',13,'fernanda.lópez7757@gmail.com','Colombiana'),(463,'Andrea','Alejandra','Sánchez','Ortega','1996-10-20','F',2,'andrea.sánchez7521@uniandes.edu.co','Colombiana'),(464,'Diana','José','Sánchez','Torres','2005-05-27','F',12,'diana.sánchez3126@unal.edu.co','Colombiana'),(465,'David','Teresa','Pérez','Patiño','1997-06-09','M',10,'david.pérez2125@gmail.com','Colombiana'),(466,'Eliana',NULL,'Sánchez','Salazar','2005-09-07','F',6,'eliana.sánchez1640@yahoo.com','Colombiana'),(467,'Sara',NULL,'Rodríguez','Salazar','2001-03-09','F',1,'sara.rodríguez6959@gmail.com','Colombiana'),(468,'Nicolás','Isabel','Rodríguez','Rojas','2000-12-12','M',6,'nicolás.rodríguez9534@hotmail.com','Colombiana'),(469,'Sara','Andrés','Mejía','Mendoza','1987-07-26','F',14,'sara.mejía8680@hotmail.com','Colombiana'),(470,'Valentina','Teresa','Torres','Salazar','2005-11-30','F',13,'valentina.torres5949@yahoo.com','Colombiana'),(471,'Cristian','Lucía','Rodríguez','Quintero','2005-07-15','M',11,'cristian.rodríguez5448@uniandes.edu.co','Colombiana'),(472,'José','Antonio','Hernández','Salazar','1982-11-29','M',8,'josé.hernández1772@unal.edu.co','Venezolana'),(473,'Daniel',NULL,'Ruiz','Reyes','1985-04-21','M',3,'daniel.ruiz7870@outlook.com','Venezolana'),(474,'Miguel',NULL,'García','Zapata','1995-04-30','M',2,'miguel.garcía4590@unal.edu.co','Colombiana'),(475,'Tomás',NULL,'Mejía','Ríos','1981-09-27','M',8,'tomás.mejía1581@unal.edu.co','Colombiana'),(476,'Julián',NULL,'López','Bautista','2005-06-08','M',4,'julián.lópez9215@uniandes.edu.co','Colombiana'),(477,'María','Felipe','Salazar','Gómez','1998-10-10','F',1,'maría.salazar2702@outlook.com','Colombiana'),(478,'Juan',NULL,'Mejía','Ortega','1987-10-27','M',6,'juan.mejía8982@unal.edu.co','Colombiana'),(479,'Daniel',NULL,'García','Vargas','1997-08-07','M',13,'daniel.garcía1032@hotmail.com','Colombiana'),(480,'Felipe','Isabel','Torres','Rojas','2001-07-24','M',10,'felipe.torres1663@hotmail.com','Colombiana'),(481,'Carlos',NULL,'Gómez','Patiño','1995-11-15','M',6,'carlos.gómez5345@yahoo.com','Colombiana'),(482,'Natalia',NULL,'García','Vargas','1989-01-16','F',10,'natalia.garcía3789@yahoo.com','Colombiana'),(483,'Carlos',NULL,'Ramírez','Salazar','2004-04-01','M',15,'carlos.ramírez2719@unal.edu.co','Colombiana'),(484,'Valentina','Lucía','Castro','Reyes','2001-12-06','F',12,'valentina.castro9103@gmail.com','Colombiana'),(485,'Fernando','Beatriz','Ruiz','Salazar','1983-03-22','M',6,'fernando.ruiz4118@uniandes.edu.co','Colombiana'),(486,'José','Alejandro','Vargas','Herrera','1981-03-26','M',11,'josé.vargas6460@gmail.com','Colombiana'),(487,'Carolina',NULL,'Mejía','Torres','1993-03-26','F',13,'carolina.mejía3255@gmail.com','Venezolana'),(488,'Camila','Rocío','González','Rojas','1996-12-23','F',3,'camila.gonzález0521@outlook.com','Colombiana'),(489,'Jorge','Beatriz','Martínez','Ortega','1994-07-01','M',8,'jorge.martínez1500@gmail.com','Venezolana'),(490,'Isabella','Manuel','Gómez','Ríos','1997-01-09','F',8,'isabella.gómez7044@unal.edu.co','Colombiana'),(491,'Gabriela',NULL,'Salazar','Quintero','1992-11-21','F',12,'gabriela.salazar8268@unal.edu.co','Colombiana'),(492,'Diana',NULL,'López','Mendoza','1983-09-13','F',14,'diana.lópez5299@outlook.com','Colombiana'),(493,'Ángela','Eduardo','Castaño','Reyes','1998-11-19','F',6,'ángela.castaño7816@uniandes.edu.co','Colombiana'),(494,'Miguel',NULL,'Castaño','Mendoza','2002-11-25','M',4,'miguel.castaño4580@unal.edu.co','Colombiana'),(495,'Sara','Marcela','González','Ortega','1984-11-06','F',14,'sara.gonzález3074@yahoo.com','Colombiana'),(496,'Eliana',NULL,'Pérez','Montoya','2003-08-08','F',5,'eliana.pérez5649@gmail.com','Venezolana'),(497,'Manuela','Teresa','Sánchez','Gómez','2005-03-20','F',11,'manuela.sánchez2260@outlook.com','Colombiana'),(498,'Daniel','Manuel','Ortega','Ortega','1982-12-15','M',5,'daniel.ortega8662@yahoo.com','Colombiana'),(499,'Fernando',NULL,'Pérez','Reyes','1994-05-10','M',6,'fernando.pérez6996@yahoo.com','Colombiana'),(500,'Juan',NULL,'González','Morales','2004-11-12','M',12,'juan.gonzález0340@outlook.com','Colombiana'),(501,'Andrés','Beatriz','Gómez','Patiño','2002-08-16','M',2,'andrés.gómez7376@gmail.com','Colombiana'),(502,'Esteban',NULL,'Rodríguez','Ruiz','2001-10-23','M',4,'esteban.rodríguez4305@unal.edu.co','Venezolana'),(503,'Juliana','Cristina','González','Mejía','1985-03-06','F',2,'juliana.gonzález8808@uniandes.edu.co','Peruana'),(504,'Sebastián','Andrés','Morales','Ortega','1982-04-06','M',2,'sebastián.morales9830@unal.edu.co','Colombiana'),(505,'Esteban','Alejandra','Mejía','Montoya','1995-09-13','M',15,'esteban.mejía0206@outlook.com','Colombiana'),(506,'Andrés','Patricia','Martínez','Mendoza','1998-04-30','M',15,'andrés.martínez0707@outlook.com','Colombiana'),(507,'Carolina','Rocío','Castro','Ortega','1993-06-14','F',8,'carolina.castro6489@uniandes.edu.co','Venezolana'),(508,'Natalia','Patricia','González','Herrera','1995-03-01','F',5,'natalia.gonzález9458@yahoo.com','Colombiana'),(509,'Nicolás',NULL,'Gómez','Mendoza','2004-12-08','M',5,'nicolás.gómez9282@uniandes.edu.co','Colombiana'),(510,'Luis','Ricardo','Vargas','Vargas','2003-12-22','M',6,'luis.vargas4290@hotmail.com','Colombiana'),(511,'Eliana',NULL,'González','Quintero','1984-09-18','F',14,'eliana.gonzález1072@yahoo.com','Colombiana'),(512,'Carolina','Antonio','Navarro','Vargas','1986-11-25','F',5,'carolina.navarro0494@hotmail.com','Colombiana'),(513,'Felipe',NULL,'Torres','Bautista','1993-05-30','M',5,'felipe.torres4083@hotmail.com','Colombiana'),(514,'Cristian','José','Gómez','Salazar','1990-01-31','M',11,'cristian.gómez7455@unal.edu.co','Colombiana'),(515,'Carolina','Alejandra','Castro','Montoya','1989-12-26','F',4,'carolina.castro6469@gmail.com','Colombiana'),(516,'Andrés','Patricia','Navarro','Valencia','2001-06-25','M',12,'andrés.navarro9246@gmail.com','Colombiana'),(517,'Camila',NULL,'Rodríguez','Herrera','1984-03-14','F',6,'camila.rodríguez9676@hotmail.com','Colombiana'),(518,'Valentina',NULL,'García','Valencia','1994-09-12','F',9,'valentina.garcía3987@outlook.com','Colombiana'),(519,'Camilo','Alejandra','Vargas','Salazar','1992-07-07','M',11,'camilo.vargas1137@gmail.com','Colombiana'),(520,'Juan','Patricia','Sánchez','Reyes','1990-11-23','M',13,'juan.sánchez8669@gmail.com','Colombiana'),(521,'Gabriela','Cristina','García','Salazar','1984-07-29','F',4,'gabriela.garcía5870@hotmail.com','Colombiana'),(522,'Felipe',NULL,'Torres','Quintero','2003-05-03','M',7,'felipe.torres1950@outlook.com','Colombiana'),(523,'Camila','Isabel','López','Reyes','1985-12-29','F',12,'camila.lópez8939@uniandes.edu.co','Colombiana'),(524,'Tomás',NULL,'Morales','Cruz','1996-11-01','M',14,'tomás.morales0273@outlook.com','Colombiana'),(525,'Fernanda',NULL,'Mejía','Torres','2000-08-06','F',13,'fernanda.mejía6187@uniandes.edu.co','Colombiana'),(526,'Natalia','Javier','Mejía','Quintero','1981-11-18','F',2,'natalia.mejía7935@uniandes.edu.co','Colombiana'),(527,'Julián',NULL,'Rodríguez','Mendoza','1985-06-24','M',2,'julián.rodríguez6434@unal.edu.co','Colombiana'),(528,'Carolina','Andrés','Mejía','Salazar','1983-01-26','F',8,'carolina.mejía1833@unal.edu.co','Colombiana'),(529,'Julián','Beatriz','Navarro','Rojas','1994-10-11','M',13,'julián.navarro6496@unal.edu.co','Colombiana'),(530,'Carolina',NULL,'Sánchez','Quintero','1993-07-17','F',3,'carolina.sánchez1114@yahoo.com','Colombiana'),(531,'Carolina','Eduardo','Martínez','Bautista','1982-02-12','F',10,'carolina.martínez4710@gmail.com','Colombiana'),(532,'Nicolás','Eduardo','Martínez','Cruz','1982-08-31','M',1,'nicolás.martínez3969@uniandes.edu.co','Colombiana'),(533,'Luis','Marcela','García','Mendoza','1985-11-30','M',15,'luis.garcía6834@uniandes.edu.co','Colombiana'),(534,'Eliana',NULL,'Castaño','Cruz','1986-08-17','F',8,'eliana.castaño2242@hotmail.com','Colombiana'),(535,'Daniel','Manuel','Vargas','Bautista','2005-04-22','M',1,'daniel.vargas5772@yahoo.com','Colombiana'),(536,'Julián',NULL,'Hernández','Patiño','1990-03-09','M',4,'julián.hernández5399@unal.edu.co','Colombiana'),(537,'Mateo','Elena','Sánchez','Quintero','1990-04-12','M',8,'mateo.sánchez9625@unal.edu.co','Colombiana'),(538,'Nicolás','Javier','Navarro','Patiño','1991-09-07','M',14,'nicolás.navarro1073@outlook.com','Colombiana'),(539,'Natalia',NULL,'Ruiz','Gómez','1980-07-08','F',5,'natalia.ruiz0271@gmail.com','Colombiana'),(540,'Santiago','Antonio','González','Vargas','2001-12-25','M',14,'santiago.gonzález0427@uniandes.edu.co','Colombiana'),(541,'Santiago',NULL,'Hernández','Salazar','1983-11-17','M',9,'santiago.hernández7188@gmail.com','Colombiana'),(542,'Isabella','Eduardo','Mejía','Rojas','2005-09-02','F',9,'isabella.mejía5935@gmail.com','Colombiana'),(543,'David','Lucía','Navarro','Reyes','1994-11-10','M',3,'david.navarro0596@unal.edu.co','Venezolana'),(544,'Ángela','Andrés','Castro','Quintero','1983-05-30','F',12,'ángela.castro2556@yahoo.com','Colombiana'),(545,'Sofía','Alejandro','Torres','Quintero','1985-06-01','F',4,'sofía.torres3168@yahoo.com','Colombiana'),(546,'Andrea','José','González','Torres','1980-02-04','F',6,'andrea.gonzález4815@hotmail.com','Colombiana'),(547,'Natalia',NULL,'González','Gómez','1991-09-04','F',12,'natalia.gonzález0396@yahoo.com','Colombiana'),(548,'Andrés','Cristina','Ortega','Salazar','1981-04-11','M',13,'andrés.ortega7941@uniandes.edu.co','Colombiana'),(549,'Carolina',NULL,'Torres','Herrera','1980-06-09','F',10,'carolina.torres7629@uniandes.edu.co','Colombiana'),(550,'Andrea','José','Martínez','Mejía','2004-12-19','F',15,'andrea.martínez5370@uniandes.edu.co','Colombiana'),(551,'Esteban','Ricardo','Gómez','Valencia','1990-11-16','M',10,'esteban.gómez3048@outlook.com','Colombiana'),(552,'Nicolás','Javier','Morales','Vargas','2001-04-28','M',13,'nicolás.morales7447@outlook.com','Colombiana'),(553,'Esteban','Alejandro','Hernández','Gómez','1986-09-03','M',2,'esteban.hernández3303@yahoo.com','Colombiana'),(554,'Daniel','Patricia','Pérez','Rojas','1991-09-04','M',1,'daniel.pérez0694@gmail.com','Colombiana'),(555,'Ángela','Alejandra','Pérez','Gómez','1987-01-27','F',8,'ángela.pérez8615@hotmail.com','Venezolana'),(556,'Eliana',NULL,'Mejía','Montoya','1980-09-06','F',15,'eliana.mejía8173@gmail.com','Colombiana'),(557,'Eliana',NULL,'Castro','Herrera','1981-05-16','F',10,'eliana.castro8949@outlook.com','Colombiana'),(558,'Natalia','Isabel','Vargas','Quintero','1990-12-29','F',13,'natalia.vargas9939@uniandes.edu.co','Colombiana'),(559,'Natalia','Cristina','Hernández','Mendoza','1999-12-03','F',7,'natalia.hernández5479@hotmail.com','Colombiana'),(560,'Natalia',NULL,'Morales','Valencia','1997-05-09','F',11,'natalia.morales1670@yahoo.com','Colombiana'),(561,'Diana','Martín','Morales','Ríos','2000-05-19','F',1,'diana.morales7904@unal.edu.co','Colombiana'),(562,'Andrea',NULL,'Navarro','Montoya','1995-01-21','F',11,'andrea.navarro7025@uniandes.edu.co','Colombiana'),(563,'Natalia','Ricardo','Morales','Mejía','1995-06-19','F',11,'natalia.morales4523@hotmail.com','Colombiana'),(564,'Tomás','Alejandra','López','Patiño','2004-05-29','M',2,'tomás.lópez0133@outlook.com','Colombiana'),(565,'Miguel',NULL,'Castaño','Ruiz','1988-08-12','M',9,'miguel.castaño2155@gmail.com','Colombiana'),(566,'Sofía',NULL,'Castaño','Patiño','2001-03-20','F',10,'sofía.castaño8386@uniandes.edu.co','Colombiana'),(567,'Fernando','Manuel','Ramírez','Cruz','1997-09-22','M',6,'fernando.ramírez5792@yahoo.com','Colombiana'),(568,'Laura',NULL,'Ramírez','Herrera','2005-06-15','F',15,'laura.ramírez5793@yahoo.com','Venezolana'),(569,'Daniel','Cristina','Gómez','Herrera','1987-07-03','M',11,'daniel.gómez0361@outlook.com','Colombiana'),(570,'Nicolás','Lucía','Pérez','Herrera','1984-10-05','M',4,'nicolás.pérez2605@uniandes.edu.co','Venezolana'),(571,'Lucía','Alejandro','Castaño','Rojas','1988-03-14','F',7,'lucía.castaño0555@outlook.com','Colombiana'),(572,'Daniel',NULL,'Ortega','Patiño','1995-09-16','M',4,'daniel.ortega8086@outlook.com','Colombiana'),(573,'Ángela',NULL,'López','Bautista','1983-12-06','F',1,'ángela.lópez3539@outlook.com','Colombiana'),(574,'Lucía',NULL,'Morales','Vargas','1985-11-02','F',6,'lucía.morales8897@uniandes.edu.co','Venezolana'),(575,'Tomás','Elena','Martínez','Ríos','1990-05-31','M',2,'tomás.martínez8414@gmail.com','Colombiana'),(576,'Natalia','Marcela','Hernández','Torres','1991-02-23','F',10,'natalia.hernández7698@unal.edu.co','Colombiana'),(577,'Fernanda',NULL,'Hernández','Reyes','1982-02-15','F',4,'fernanda.hernández3057@outlook.com','Colombiana'),(578,'Lucía',NULL,'Salazar','Ríos','1998-12-22','F',8,'lucía.salazar0359@yahoo.com','Colombiana'),(579,'Valentina',NULL,'Martínez','Ortega','1983-07-11','F',8,'valentina.martínez6672@yahoo.com','Colombiana'),(580,'Isabella','Antonio','Ramírez','Morales','2000-12-13','F',11,'isabella.ramírez2463@uniandes.edu.co','Venezolana'),(581,'David','José','Sánchez','Torres','1980-03-05','M',9,'david.sánchez3586@uniandes.edu.co','Colombiana'),(582,'Sofía',NULL,'Salazar','Morales','2003-08-27','F',15,'sofía.salazar9427@yahoo.com','Colombiana'),(583,'Sebastián','Isabel','Pérez','Ríos','1991-04-29','M',12,'sebastián.pérez2243@uniandes.edu.co','Colombiana'),(584,'Camilo',NULL,'Vargas','Morales','1998-03-02','M',3,'camilo.vargas9084@hotmail.com','Venezolana'),(585,'Carolina','Andrés','Ruiz','Bautista','2005-12-19','F',10,'carolina.ruiz1417@uniandes.edu.co','Colombiana'),(586,'Camilo','Isabel','Pérez','Ruiz','1988-02-01','M',8,'camilo.pérez0466@outlook.com','Colombiana'),(587,'Luis','Lucía','Morales','Mendoza','1991-01-08','M',12,'luis.morales0771@gmail.com','Colombiana'),(588,'Nicolás',NULL,'Ortega','Montoya','2004-11-16','M',14,'nicolás.ortega7275@uniandes.edu.co','Colombiana'),(589,'Ángela','Alejandro','González','Montoya','1992-03-19','F',4,'ángela.gonzález7021@gmail.com','Colombiana'),(590,'Tomás','Beatriz','Morales','Vargas','1997-06-10','M',2,'tomás.morales4086@gmail.com','Colombiana'),(591,'Juliana','Javier','González','Quintero','1992-02-13','F',12,'juliana.gonzález7212@outlook.com','Venezolana'),(592,'Manuela','Elena','Castro','Gómez','1997-09-14','F',14,'manuela.castro3327@unal.edu.co','Colombiana'),(593,'Esteban','Javier','Salazar','Gómez','2002-03-01','M',4,'esteban.salazar1414@gmail.com','Colombiana'),(594,'David','Martín','López','Ruiz','1985-02-20','M',3,'david.lópez5116@yahoo.com','Colombiana'),(595,'Camilo',NULL,'González','Ruiz','2000-09-04','M',15,'camilo.gonzález4229@uniandes.edu.co','Venezolana'),(596,'Tomás','Teresa','Vargas','Mejía','1997-08-05','M',8,'tomás.vargas4473@outlook.com','Colombiana'),(597,'Fernanda','Ricardo','López','Ortega','1997-12-27','F',4,'fernanda.lópez8805@outlook.com','Colombiana'),(598,'Juan','Ricardo','Gómez','Montoya','2002-12-20','M',15,'juan.gómez2075@hotmail.com','Colombiana'),(599,'Mateo','Marcela','Morales','Montoya','1989-02-24','M',5,'mateo.morales6906@hotmail.com','Colombiana'),(600,'Andrea','Teresa','Martínez','Patiño','1980-12-16','F',11,'andrea.martínez5550@unal.edu.co','Colombiana'),(601,'Camila','Beatriz','González','Zapata','1987-02-07','F',11,'camila.gonzález1888@gmail.com','Colombiana'),(602,'Luis','Eduardo','Sánchez','Ruiz','1993-03-19','M',7,'luis.sánchez3037@yahoo.com','Colombiana'),(603,'Miguel','Antonio','García','Morales','2005-09-07','M',5,'miguel.garcía7438@uniandes.edu.co','Colombiana'),(604,'Isabella',NULL,'Torres','Vargas','1996-11-09','F',9,'isabella.torres3317@uniandes.edu.co','Venezolana'),(605,'Gabriela',NULL,'Vargas','Mejía','1997-09-20','F',5,'gabriela.vargas0810@hotmail.com','Colombiana'),(606,'Gabriela',NULL,'Ruiz','Valencia','2004-05-24','F',12,'gabriela.ruiz4198@outlook.com','Colombiana'),(607,'José','José','Castro','Morales','1991-08-17','M',4,'josé.castro1855@unal.edu.co','Colombiana'),(608,'Andrés','Felipe','Hernández','Patiño','2002-02-27','M',1,'andrés.hernández2222@unal.edu.co','Colombiana'),(609,'Jorge','Beatriz','Morales','Vargas','2004-03-20','M',2,'jorge.morales2116@outlook.com','Colombiana'),(610,'Lucía','José','Hernández','Zapata','1993-12-04','F',4,'lucía.hernández1371@gmail.com','Colombiana'),(611,'Lucía','Javier','Ruiz','Morales','1986-01-07','F',8,'lucía.ruiz4523@unal.edu.co','Colombiana'),(612,'Tomás','Ricardo','Morales','Ríos','1999-09-07','M',4,'tomás.morales3175@outlook.com','Colombiana'),(613,'Carolina','Javier','Gómez','Bautista','1986-09-10','F',14,'carolina.gómez0684@unal.edu.co','Colombiana'),(614,'Natalia',NULL,'Morales','Bautista','1985-07-12','F',15,'natalia.morales3323@gmail.com','Colombiana'),(615,'Sebastián','José','Navarro','Quintero','1984-05-29','M',7,'sebastián.navarro3923@hotmail.com','Colombiana'),(616,'Carlos','Lucía','Castro','Montoya','2001-07-19','M',12,'carlos.castro5408@outlook.com','Colombiana'),(617,'Tomás','Javier','Salazar','Ruiz','1987-05-16','M',2,'tomás.salazar4771@unal.edu.co','Colombiana'),(618,'Julián','Manuel','Ortega','Quintero','1991-11-11','M',7,'julián.ortega6001@unal.edu.co','Colombiana'),(619,'Luis','Elena','Castro','Vargas','2005-05-28','M',8,'luis.castro1426@uniandes.edu.co','Colombiana'),(620,'Carlos',NULL,'Castro','Valencia','1992-06-25','M',2,'carlos.castro5195@gmail.com','Colombiana'),(621,'Esteban',NULL,'Castro','Cruz','1998-05-27','M',10,'esteban.castro7720@uniandes.edu.co','Colombiana'),(622,'Esteban','Rocío','Hernández','Herrera','1991-12-05','M',5,'esteban.hernández3731@hotmail.com','Colombiana'),(623,'Felipe',NULL,'González','Gómez','1996-01-09','M',4,'felipe.gonzález4518@hotmail.com','Colombiana'),(624,'Valentina','Alejandra','Mejía','Vargas','2002-08-31','F',4,'valentina.mejía8469@unal.edu.co','Colombiana'),(625,'Ángela','Alejandra','Castro','Gómez','1989-04-25','F',1,'ángela.castro7030@hotmail.com','Colombiana'),(626,'Felipe','Andrés','Salazar','Morales','2000-11-25','M',15,'felipe.salazar4870@gmail.com','Colombiana'),(627,'Carolina','José','López','Montoya','1997-09-17','F',6,'carolina.lópez6364@gmail.com','Colombiana'),(628,'Natalia','Lucía','Sánchez','Herrera','1984-10-18','F',12,'natalia.sánchez6381@unal.edu.co','Colombiana'),(629,'Daniel','Cristina','Pérez','Valencia','1994-09-15','M',11,'daniel.pérez0349@hotmail.com','Colombiana'),(630,'Juan','Elena','Morales','Montoya','2005-03-11','M',10,'juan.morales9789@yahoo.com','Colombiana'),(631,'Carlos','Isabel','Vargas','Bautista','1980-11-02','M',12,'carlos.vargas4416@gmail.com','Colombiana'),(632,'Fernando','Beatriz','Castro','Morales','2000-08-12','M',1,'fernando.castro4041@unal.edu.co','Colombiana'),(633,'Carlos','Elena','Navarro','Bautista','2003-03-23','M',8,'carlos.navarro7429@gmail.com','Colombiana'),(634,'Lucía','José','Vargas','Bautista','1998-02-09','F',1,'lucía.vargas7064@hotmail.com','Colombiana'),(635,'Felipe','Manuel','Ramírez','Bautista','1988-12-15','M',5,'felipe.ramírez7072@unal.edu.co','Colombiana'),(636,'Daniel','Eduardo','Martínez','Rojas','1995-02-16','M',10,'daniel.martínez4039@outlook.com','Colombiana'),(637,'José','Antonio','Castaño','Gómez','1984-02-08','M',13,'josé.castaño2397@uniandes.edu.co','Colombiana'),(638,'Andrea','Ricardo','Gómez','Zapata','1997-10-27','F',7,'andrea.gómez0220@gmail.com','Colombiana'),(639,'Jorge',NULL,'Rodríguez','Vargas','1993-03-03','M',10,'jorge.rodríguez7459@outlook.com','Colombiana'),(640,'Isabella',NULL,'Ruiz','Morales','1985-03-19','F',11,'isabella.ruiz6884@yahoo.com','Colombiana'),(641,'Felipe','Elena','Morales','Herrera','1981-07-08','M',14,'felipe.morales4077@yahoo.com','Colombiana'),(642,'Jorge','José','Ramírez','Cruz','2003-04-29','M',1,'jorge.ramírez8248@hotmail.com','Colombiana'),(643,'Paula',NULL,'Torres','Gómez','2001-03-18','F',4,'paula.torres2663@yahoo.com','Ecuatoriana'),(644,'Isabella','Manuel','Torres','Valencia','1998-06-24','F',15,'isabella.torres8575@gmail.com','Colombiana'),(645,'Camilo','Rocío','Ruiz','Bautista','1988-03-13','M',3,'camilo.ruiz2132@gmail.com','Colombiana'),(646,'Isabella','Lucía','Mejía','Zapata','1986-07-13','F',4,'isabella.mejía9225@yahoo.com','Colombiana'),(647,'Laura',NULL,'Morales','Gómez','1988-07-31','F',5,'laura.morales4196@gmail.com','Colombiana'),(648,'Carlos',NULL,'Navarro','Vargas','2001-06-16','M',3,'carlos.navarro4500@uniandes.edu.co','Colombiana'),(649,'Camila',NULL,'Salazar','Bautista','1986-07-30','F',7,'camila.salazar6819@unal.edu.co','Colombiana'),(650,'Andrés',NULL,'Rodríguez','Rojas','2003-10-04','M',15,'andrés.rodríguez1052@uniandes.edu.co','Colombiana'),(651,'Gabriela',NULL,'Torres','Ortega','1987-07-30','F',11,'gabriela.torres6995@unal.edu.co','Colombiana'),(652,'David','Teresa','Sánchez','Vargas','1995-05-26','M',13,'david.sánchez3633@gmail.com','Venezolana'),(653,'Mateo',NULL,'Rodríguez','Zapata','1992-01-22','M',13,'mateo.rodríguez5602@hotmail.com','Colombiana'),(654,'Julián','Ricardo','Ruiz','Bautista','1980-10-05','M',13,'julián.ruiz8983@hotmail.com','Colombiana'),(655,'Mateo','Eduardo','González','Herrera','2002-03-06','M',13,'mateo.gonzález3368@gmail.com','Colombiana'),(656,'Gabriela',NULL,'Gómez','Rojas','1997-06-17','F',9,'gabriela.gómez2335@gmail.com','Colombiana'),(657,'Jorge','Ricardo','Hernández','Ríos','2002-04-16','M',9,'jorge.hernández6480@uniandes.edu.co','Colombiana'),(658,'Juan',NULL,'González','Torres','1980-05-14','M',2,'juan.gonzález9295@unal.edu.co','Colombiana'),(659,'Nicolás','Beatriz','Sánchez','Mendoza','1990-12-31','M',6,'nicolás.sánchez8265@yahoo.com','Colombiana'),(660,'Sofía','Teresa','López','Salazar','1986-06-02','F',9,'sofía.lópez8082@outlook.com','Colombiana'),(661,'Sebastián','Elena','Sánchez','Bautista','1995-08-24','M',10,'sebastián.sánchez7432@yahoo.com','Colombiana'),(662,'Luis',NULL,'López','Bautista','2003-12-23','M',4,'luis.lópez9924@outlook.com','Colombiana'),(663,'Daniel','Elena','Torres','Reyes','2002-07-02','M',8,'daniel.torres8837@uniandes.edu.co','Colombiana'),(664,'Jorge',NULL,'Castaño','Morales','2005-12-08','M',10,'jorge.castaño7069@unal.edu.co','Colombiana'),(665,'Andrea',NULL,'Ortega','Ríos','1997-07-22','F',3,'andrea.ortega7889@yahoo.com','Colombiana'),(666,'Mateo','Javier','González','Cruz','2000-02-02','M',6,'mateo.gonzález6036@uniandes.edu.co','Colombiana'),(667,'Andrea',NULL,'Ortega','Zapata','1985-10-28','F',11,'andrea.ortega3305@yahoo.com','Colombiana'),(668,'Sofía','Alejandro','Rodríguez','Ortega','1996-06-14','F',10,'sofía.rodríguez0602@hotmail.com','Colombiana'),(669,'Ángela','Elena','Rodríguez','Ruiz','1984-11-10','F',14,'ángela.rodríguez5857@hotmail.com','Colombiana'),(670,'Miguel','Rocío','Morales','Morales','1992-07-10','M',5,'miguel.morales8539@uniandes.edu.co','Colombiana'),(671,'Andrea','Eduardo','Pérez','Patiño','2001-02-05','F',10,'andrea.pérez0298@uniandes.edu.co','Venezolana'),(672,'Santiago','José','Salazar','Rojas','1988-01-11','M',5,'santiago.salazar2665@hotmail.com','Colombiana'),(673,'Luis','Ricardo','Morales','Torres','1983-10-26','M',14,'luis.morales3819@hotmail.com','Colombiana'),(674,'Julián','Antonio','García','Salazar','1991-07-08','M',12,'julián.garcía0495@yahoo.com','Colombiana'),(675,'Daniel','Teresa','Ruiz','Cruz','1989-04-16','M',9,'daniel.ruiz6715@outlook.com','Colombiana'),(676,'David',NULL,'Ortega','Bautista','2000-08-30','M',11,'david.ortega5307@outlook.com','Ecuatoriana'),(677,'Ángela',NULL,'Sánchez','Herrera','1989-01-17','F',15,'ángela.sánchez4870@hotmail.com','Colombiana'),(678,'Miguel','Martín','García','Reyes','1988-08-13','M',10,'miguel.garcía1979@yahoo.com','Colombiana'),(679,'Luis','Teresa','Martínez','Rojas','1990-06-28','M',10,'luis.martínez6480@gmail.com','Colombiana'),(680,'José','Marcela','Ortega','Zapata','1980-05-11','M',7,'josé.ortega9552@uniandes.edu.co','Venezolana'),(681,'Diana',NULL,'Ramírez','Valencia','2005-09-29','F',12,'diana.ramírez3336@uniandes.edu.co','Venezolana'),(682,'Nicolás','Rocío','Gómez','Zapata','1986-01-23','M',12,'nicolás.gómez1448@gmail.com','Colombiana'),(683,'Andrea',NULL,'García','Patiño','1981-07-16','F',3,'andrea.garcía2402@gmail.com','Colombiana'),(684,'Luis','Antonio','Hernández','Ortega','1993-02-07','M',7,'luis.hernández7936@hotmail.com','Venezolana'),(685,'Paula','Beatriz','Morales','Ríos','1994-11-06','F',12,'paula.morales8004@outlook.com','Colombiana'),(686,'Nicolás',NULL,'Ramírez','Gómez','2000-01-20','M',7,'nicolás.ramírez4082@uniandes.edu.co','Colombiana'),(687,'Luis','Lucía','Hernández','Salazar','1984-10-11','M',11,'luis.hernández1785@hotmail.com','Colombiana'),(688,'Fernando',NULL,'Ortega','Ríos','1991-02-06','M',3,'fernando.ortega7044@outlook.com','Colombiana'),(689,'Cristian','Eduardo','Rodríguez','Bautista','1987-02-12','M',10,'cristian.rodríguez3034@uniandes.edu.co','Colombiana'),(690,'Manuela','Ricardo','Sánchez','Reyes','1992-11-15','F',10,'manuela.sánchez8954@yahoo.com','Colombiana'),(691,'Mateo','Elena','Ramírez','Rojas','1998-07-26','M',6,'mateo.ramírez2182@yahoo.com','Colombiana'),(692,'Julián',NULL,'Hernández','Zapata','1990-09-13','M',12,'julián.hernández2340@yahoo.com','Colombiana'),(693,'Laura','José','Castro','Ruiz','2002-11-30','F',13,'laura.castro4546@unal.edu.co','Colombiana'),(694,'Laura',NULL,'Pérez','Gómez','2001-06-19','F',5,'laura.pérez5442@outlook.com','Colombiana'),(695,'Carolina','Eduardo','Ramírez','Vargas','1990-09-12','F',13,'carolina.ramírez6161@yahoo.com','Colombiana'),(696,'Nicolás',NULL,'Ortega','Patiño','1997-02-20','M',7,'nicolás.ortega2872@hotmail.com','Colombiana'),(697,'Cristian',NULL,'Castaño','Herrera','1986-10-28','M',4,'cristian.castaño6986@uniandes.edu.co','Colombiana'),(698,'Carlos','Elena','Hernández','Cruz','1992-10-27','M',10,'carlos.hernández8367@uniandes.edu.co','Colombiana'),(699,'José',NULL,'Mejía','Salazar','1990-03-22','M',11,'josé.mejía0502@gmail.com','Colombiana'),(700,'Fernando','Felipe','González','Salazar','1984-04-03','M',3,'fernando.gonzález6801@yahoo.com','Colombiana'),(701,'Diana','Javier','Torres','Gómez','2003-06-06','F',14,'diana.torres3191@yahoo.com','Colombiana'),(702,'Fernanda',NULL,'Castro','Ríos','2003-11-12','F',8,'fernanda.castro8779@unal.edu.co','Colombiana'),(703,'Fernanda','Javier','Pérez','Quintero','1992-03-26','F',5,'fernanda.pérez3496@hotmail.com','Venezolana'),(704,'Paula',NULL,'Ramírez','Vargas','1992-11-02','F',3,'paula.ramírez3670@hotmail.com','Colombiana'),(705,'Valentina','Javier','Navarro','Cruz','1985-09-04','F',12,'valentina.navarro8007@hotmail.com','Colombiana'),(706,'Esteban','Alejandra','Castaño','Gómez','1985-10-17','M',2,'esteban.castaño8278@hotmail.com','Colombiana'),(707,'Eliana','Beatriz','Gómez','Mendoza','1995-04-07','F',8,'eliana.gómez6920@uniandes.edu.co','Colombiana'),(708,'Juan',NULL,'Castaño','Quintero','1994-09-23','M',13,'juan.castaño5441@gmail.com','Venezolana'),(709,'Miguel','Cristina','González','Gómez','1998-10-07','M',14,'miguel.gonzález5140@hotmail.com','Colombiana'),(710,'David',NULL,'Castro','Montoya','1985-03-19','M',15,'david.castro6085@hotmail.com','Colombiana'),(711,'Camilo',NULL,'Rodríguez','Mejía','1996-01-28','M',1,'camilo.rodríguez0251@outlook.com','Colombiana'),(712,'Camilo','Marcela','Castaño','Salazar','1990-02-03','M',4,'camilo.castaño8377@gmail.com','Colombiana'),(713,'Ángela','Isabel','López','Herrera','1994-12-05','F',9,'ángela.lópez2799@uniandes.edu.co','Colombiana'),(714,'Gabriela',NULL,'Gómez','Gómez','1987-07-20','F',1,'gabriela.gómez3777@gmail.com','Colombiana'),(715,'Gabriela',NULL,'Navarro','Cruz','1993-03-13','F',4,'gabriela.navarro4191@unal.edu.co','Colombiana'),(716,'Camila',NULL,'Martínez','Morales','1989-09-11','F',14,'camila.martínez5881@uniandes.edu.co','Venezolana'),(717,'Santiago','Rocío','Morales','Ortega','2000-10-03','M',13,'santiago.morales1385@outlook.com','Colombiana'),(718,'Daniel','Alejandra','López','Zapata','1993-06-26','M',4,'daniel.lópez0288@unal.edu.co','Colombiana'),(719,'Natalia','Patricia','Martínez','Valencia','2005-03-05','F',15,'natalia.martínez9678@yahoo.com','Colombiana'),(720,'Laura','Cristina','Ramírez','Bautista','1987-05-09','F',10,'laura.ramírez3361@uniandes.edu.co','Colombiana'),(721,'Santiago',NULL,'Salazar','Cruz','1996-04-05','M',2,'santiago.salazar0198@outlook.com','Colombiana'),(722,'Julián',NULL,'Navarro','Ríos','2002-12-31','M',15,'julián.navarro2307@unal.edu.co','Colombiana'),(723,'Juliana','Alejandro','Hernández','Herrera','1988-05-18','F',11,'juliana.hernández1552@uniandes.edu.co','Venezolana'),(724,'Isabella',NULL,'Rodríguez','Ortega','2002-07-11','F',10,'isabella.rodríguez0659@uniandes.edu.co','Colombiana'),(725,'Andrés','Ricardo','Ramírez','Gómez','1992-07-10','M',9,'andrés.ramírez7738@hotmail.com','Colombiana'),(726,'Gabriela','Antonio','Torres','Bautista','2001-08-14','F',8,'gabriela.torres1592@outlook.com','Colombiana'),(727,'Santiago','Javier','Ramírez','Valencia','2002-04-11','M',14,'santiago.ramírez6770@uniandes.edu.co','Colombiana'),(728,'Fernando',NULL,'Castaño','Ríos','1987-04-26','M',11,'fernando.castaño3699@gmail.com','Venezolana'),(729,'Juliana','Alejandro','Gómez','Montoya','1984-11-16','F',2,'juliana.gómez2333@unal.edu.co','Colombiana'),(730,'Cristian','Rocío','Ramírez','Ríos','1980-11-15','M',15,'cristian.ramírez8775@outlook.com','Colombiana'),(731,'Paula','Ricardo','Navarro','Valencia','1992-01-03','F',1,'paula.navarro7329@outlook.com','Colombiana'),(732,'Felipe','Patricia','Morales','Torres','1980-11-05','M',7,'felipe.morales5072@hotmail.com','Colombiana'),(733,'Laura','Alejandro','Pérez','Cruz','1996-12-23','F',8,'laura.pérez9179@unal.edu.co','Colombiana'),(734,'Andrés','Beatriz','Morales','Reyes','1986-04-30','M',1,'andrés.morales0063@outlook.com','Colombiana'),(735,'Sebastián','Patricia','Vargas','Ruiz','2003-12-03','M',3,'sebastián.vargas6221@hotmail.com','Colombiana'),(736,'Sara','Rocío','Sánchez','Valencia','1981-03-26','F',9,'sara.sánchez1379@unal.edu.co','Colombiana'),(737,'José',NULL,'Vargas','Ortega','2004-04-12','M',12,'josé.vargas5377@yahoo.com','Colombiana'),(738,'Isabella',NULL,'Martínez','Montoya','1988-11-23','F',9,'isabella.martínez3538@uniandes.edu.co','Colombiana'),(739,'María','Felipe','Navarro','Patiño','1980-10-06','F',7,'maría.navarro5921@yahoo.com','Colombiana'),(740,'Camila',NULL,'Hernández','Patiño','1993-10-05','F',15,'camila.hernández6260@unal.edu.co','Venezolana'),(741,'Juliana','Elena','Martínez','Morales','1992-07-23','F',9,'juliana.martínez2397@uniandes.edu.co','Colombiana'),(742,'Luis','Martín','Martínez','Ortega','1981-03-06','M',9,'luis.martínez3430@unal.edu.co','Colombiana'),(743,'Sofía','Manuel','Castaño','Morales','1982-10-10','F',13,'sofía.castaño4843@gmail.com','Colombiana'),(744,'José',NULL,'Gómez','Reyes','1983-09-04','M',12,'josé.gómez5293@outlook.com','Colombiana'),(745,'Ángela','Antonio','Navarro','Reyes','1982-07-08','F',10,'ángela.navarro1548@hotmail.com','Colombiana'),(746,'Camila',NULL,'Navarro','Cruz','1984-03-05','F',12,'camila.navarro5655@hotmail.com','Colombiana'),(747,'Andrés','Ricardo','Pérez','Torres','1983-02-24','M',11,'andrés.pérez5291@outlook.com','Colombiana'),(748,'Valentina',NULL,'Salazar','Quintero','2000-04-12','F',14,'valentina.salazar0514@yahoo.com','Ecuatoriana'),(749,'Mateo',NULL,'Ruiz','Ortega','1986-09-23','M',3,'mateo.ruiz1643@gmail.com','Colombiana'),(750,'Natalia','Teresa','López','Torres','1994-06-27','F',13,'natalia.lópez2840@uniandes.edu.co','Colombiana'),(751,'Carolina','Alejandra','Torres','Valencia','1991-04-12','F',2,'carolina.torres3520@hotmail.com','Colombiana'),(752,'Fernando','Alejandra','Ruiz','Reyes','1999-04-11','M',10,'fernando.ruiz9447@unal.edu.co','Colombiana'),(753,'Fernanda','Patricia','Morales','Salazar','1987-05-05','F',4,'fernanda.morales3658@yahoo.com','Colombiana'),(754,'Daniela','Alejandra','López','Cruz','2001-09-21','F',13,'daniela.lópez2800@yahoo.com','Colombiana'),(755,'Isabella','Antonio','Vargas','Salazar','1999-10-19','F',9,'isabella.vargas0023@uniandes.edu.co','Colombiana'),(756,'Ángela','Felipe','Gómez','Cruz','1986-11-22','F',5,'ángela.gómez9132@uniandes.edu.co','Colombiana'),(757,'Santiago','Eduardo','Torres','Quintero','1989-10-18','M',12,'santiago.torres3609@uniandes.edu.co','Colombiana'),(758,'Mateo','Felipe','Ruiz','Morales','2004-07-07','M',3,'mateo.ruiz8159@outlook.com','Colombiana'),(759,'Camila','Patricia','García','Mejía','1983-10-05','F',14,'camila.garcía9687@hotmail.com','Venezolana'),(760,'Daniel','Lucía','González','Reyes','2005-10-11','M',9,'daniel.gonzález4992@unal.edu.co','Colombiana'),(761,'Juan',NULL,'Morales','Mejía','1992-08-07','M',7,'juan.morales3463@outlook.com','Colombiana'),(762,'Luis',NULL,'López','Quintero','2001-10-02','M',15,'luis.lópez4069@unal.edu.co','Colombiana'),(763,'Daniel','Alejandro','Mejía','Patiño','1982-09-21','M',13,'daniel.mejía4212@uniandes.edu.co','Colombiana'),(764,'Daniela','Andrés','Salazar','Mejía','1984-04-03','F',2,'daniela.salazar7461@outlook.com','Colombiana'),(765,'Laura','Alejandra','González','Morales','2005-11-05','F',6,'laura.gonzález9485@uniandes.edu.co','Colombiana'),(766,'Natalia',NULL,'González','Cruz','1991-02-24','F',2,'natalia.gonzález5330@hotmail.com','Venezolana'),(767,'Nicolás',NULL,'Sánchez','Ríos','2005-09-08','M',12,'nicolás.sánchez5863@yahoo.com','Colombiana'),(768,'Sebastián','Ricardo','Vargas','Gómez','1981-08-03','M',2,'sebastián.vargas1332@hotmail.com','Colombiana'),(769,'Julián','Martín','González','Cruz','1985-10-05','M',10,'julián.gonzález6888@uniandes.edu.co','Colombiana'),(770,'Diana',NULL,'Navarro','Herrera','2000-12-29','F',2,'diana.navarro8006@unal.edu.co','Colombiana'),(771,'Diana','Teresa','Ramírez','Morales','2005-05-14','F',11,'diana.ramírez6642@hotmail.com','Venezolana'),(772,'Gabriela',NULL,'Ramírez','Reyes','1981-01-29','F',10,'gabriela.ramírez9252@unal.edu.co','Colombiana'),(773,'Paula',NULL,'Morales','Cruz','1997-12-18','F',14,'paula.morales2127@yahoo.com','Colombiana'),(774,'Julián','Alejandro','Vargas','Ruiz','1983-07-13','M',5,'julián.vargas9333@outlook.com','Colombiana'),(775,'Tomás','Manuel','Salazar','Zapata','2004-11-02','M',7,'tomás.salazar2064@outlook.com','Colombiana'),(776,'Camilo','Lucía','López','Patiño','1991-07-24','M',10,'camilo.lópez4575@yahoo.com','Venezolana'),(777,'Andrés','Cristina','Hernández','Ortega','1996-08-26','M',14,'andrés.hernández9405@uniandes.edu.co','Colombiana'),(778,'Carlos','Elena','Torres','Montoya','2005-04-23','M',7,'carlos.torres4463@outlook.com','Colombiana'),(779,'Felipe','Lucía','Pérez','Herrera','1997-11-22','M',1,'felipe.pérez8980@hotmail.com','Colombiana'),(780,'Luis','Alejandra','Castaño','Morales','1983-10-16','M',13,'luis.castaño6691@yahoo.com','Colombiana'),(781,'Ángela','Cristina','González','Gómez','1987-09-19','F',12,'ángela.gonzález3940@gmail.com','Colombiana'),(782,'Jorge',NULL,'Castro','Valencia','1983-01-19','M',2,'jorge.castro9613@hotmail.com','Colombiana'),(783,'Camilo',NULL,'Martínez','Morales','1983-05-11','M',7,'camilo.martínez7352@outlook.com','Colombiana'),(784,'Miguel',NULL,'Vargas','Torres','1983-04-29','M',3,'miguel.vargas7886@unal.edu.co','Colombiana'),(785,'Daniel','Antonio','Castaño','Vargas','1980-02-03','M',6,'daniel.castaño9356@uniandes.edu.co','Venezolana'),(786,'Lucía',NULL,'Torres','Salazar','1983-09-18','F',2,'lucía.torres5065@gmail.com','Colombiana'),(787,'Tomás','Javier','Vargas','Reyes','1999-02-23','M',1,'tomás.vargas1432@unal.edu.co','Colombiana'),(788,'Juan',NULL,'Navarro','Patiño','2003-02-21','M',9,'juan.navarro5990@outlook.com','Colombiana'),(789,'Paula','Rocío','López','Morales','1986-08-02','F',10,'paula.lópez1544@gmail.com','Colombiana'),(790,'Ángela','Antonio','López','Cruz','1997-09-02','F',3,'ángela.lópez9751@yahoo.com','Colombiana'),(791,'Fernando','Beatriz','González','Bautista','2004-01-07','M',8,'fernando.gonzález5199@uniandes.edu.co','Colombiana'),(792,'Sara','Andrés','Ortega','Vargas','2001-08-04','F',9,'sara.ortega5862@hotmail.com','Colombiana'),(793,'Luis','Eduardo','Rodríguez','Ortega','1994-12-06','M',10,'luis.rodríguez3282@yahoo.com','Venezolana'),(794,'Camila',NULL,'Castro','Cruz','1985-07-08','F',13,'camila.castro9613@outlook.com','Colombiana'),(795,'Camila',NULL,'Salazar','Ríos','1994-03-01','F',11,'camila.salazar6275@unal.edu.co','Colombiana'),(796,'Lucía','Ricardo','Torres','Mejía','1995-11-16','F',1,'lucía.torres1588@yahoo.com','Venezolana'),(797,'Fernando','Alejandra','Castaño','Ruiz','2005-09-11','M',10,'fernando.castaño9027@unal.edu.co','Colombiana'),(798,'Camilo',NULL,'Morales','Quintero','1990-05-29','M',10,'camilo.morales9099@hotmail.com','Colombiana'),(799,'Juan','Rocío','Martínez','Mendoza','1985-09-22','M',10,'juan.martínez0347@unal.edu.co','Colombiana'),(800,'Cristian','Cristina','Pérez','Herrera','1991-11-02','M',4,'cristian.pérez4300@uniandes.edu.co','Venezolana'),(801,'Diana','Isabel','Martínez','Reyes','1998-07-24','F',3,'diana.martínez9685@uniandes.edu.co','Venezolana'),(802,'Eliana',NULL,'Hernández','Rojas','1984-11-26','F',5,'eliana.hernández4071@hotmail.com','Colombiana'),(803,'David',NULL,'Hernández','Rojas','1983-04-12','M',8,'david.hernández8450@yahoo.com','Colombiana'),(804,'Ángela',NULL,'Morales','Mejía','2002-07-08','F',9,'ángela.morales3142@yahoo.com','Colombiana'),(805,'Gabriela',NULL,'Navarro','Mendoza','1981-10-31','F',13,'gabriela.navarro0343@yahoo.com','Colombiana'),(806,'Sofía',NULL,'García','Ríos','1985-12-20','F',12,'sofía.garcía6436@unal.edu.co','Colombiana'),(807,'María',NULL,'Sánchez','Ortega','1986-01-08','F',13,'maría.sánchez9732@outlook.com','Colombiana'),(808,'Paula','Andrés','Mejía','Salazar','1992-09-22','F',5,'paula.mejía0943@gmail.com','Colombiana'),(809,'Lucía','Beatriz','Sánchez','Bautista','1988-09-20','F',2,'lucía.sánchez5530@uniandes.edu.co','Colombiana'),(810,'Mateo',NULL,'Rodríguez','Torres','2005-03-15','M',12,'mateo.rodríguez2660@hotmail.com','Colombiana'),(811,'Miguel',NULL,'Ramírez','Mejía','1996-12-27','M',4,'miguel.ramírez4610@hotmail.com','Colombiana'),(812,'Esteban','Teresa','Navarro','Valencia','1988-09-17','M',12,'esteban.navarro8257@gmail.com','Venezolana'),(813,'Miguel','Eduardo','Mejía','Mendoza','1998-03-04','M',9,'miguel.mejía5687@uniandes.edu.co','Colombiana'),(814,'Luis','Beatriz','Pérez','Torres','1991-01-06','M',9,'luis.pérez3886@uniandes.edu.co','Venezolana'),(815,'José','Martín','Ramírez','Valencia','1988-03-02','M',12,'josé.ramírez7329@uniandes.edu.co','Venezolana'),(816,'Luis','Elena','González','Quintero','1999-11-05','M',1,'luis.gonzález0740@gmail.com','Colombiana'),(817,'Esteban',NULL,'Martínez','Ríos','1984-08-07','M',2,'esteban.martínez1792@hotmail.com','Colombiana'),(818,'Nicolás',NULL,'Sánchez','Morales','1995-05-04','M',11,'nicolás.sánchez6463@hotmail.com','Venezolana'),(819,'Daniel','José','Mejía','Gómez','1984-09-21','M',6,'daniel.mejía0492@uniandes.edu.co','Venezolana'),(820,'Esteban','Elena','Rodríguez','Montoya','1989-05-02','M',9,'esteban.rodríguez4657@outlook.com','Colombiana'),(821,'Juliana','Martín','Navarro','Salazar','2004-09-29','F',2,'juliana.navarro0370@outlook.com','Colombiana'),(822,'Gabriela',NULL,'Morales','Mendoza','1996-11-23','F',1,'gabriela.morales3314@uniandes.edu.co','Venezolana'),(823,'Sofía','Antonio','Hernández','Ríos','1997-06-07','F',8,'sofía.hernández7982@yahoo.com','Colombiana'),(824,'Sofía','Lucía','Gómez','Ríos','1999-01-08','F',7,'sofía.gómez7963@uniandes.edu.co','Colombiana'),(825,'Andrea','Eduardo','Morales','Torres','1994-10-14','F',9,'andrea.morales8349@hotmail.com','Colombiana'),(826,'Diana','José','Ramírez','Quintero','2005-09-05','F',8,'diana.ramírez1779@yahoo.com','Colombiana'),(827,'Tomás','Beatriz','Ruiz','Ortega','1996-12-29','M',10,'tomás.ruiz1727@yahoo.com','Colombiana'),(828,'Valentina','Manuel','Salazar','Rojas','1989-04-02','F',5,'valentina.salazar1653@uniandes.edu.co','Venezolana'),(829,'David','Martín','Morales','Ruiz','2000-03-11','M',7,'david.morales8072@uniandes.edu.co','Colombiana'),(830,'Daniel',NULL,'López','Patiño','2002-04-17','M',10,'daniel.lópez0535@uniandes.edu.co','Colombiana'),(831,'Sebastián',NULL,'Vargas','Ríos','1997-01-02','M',11,'sebastián.vargas0531@outlook.com','Colombiana'),(832,'Jorge','Eduardo','Sánchez','Gómez','1991-08-15','M',11,'jorge.sánchez9543@hotmail.com','Colombiana'),(833,'Felipe','Patricia','González','Herrera','1987-09-16','M',3,'felipe.gonzález3184@uniandes.edu.co','Colombiana'),(834,'Lucía',NULL,'Castaño','Salazar','1984-08-13','F',7,'lucía.castaño3602@outlook.com','Venezolana'),(835,'Sebastián',NULL,'López','Gómez','1985-01-27','M',2,'sebastián.lópez7370@gmail.com','Colombiana'),(836,'Felipe',NULL,'Mejía','Ríos','1995-02-20','M',14,'felipe.mejía5170@yahoo.com','Colombiana'),(837,'Gabriela',NULL,'García','Ortega','2001-11-05','F',13,'gabriela.garcía3024@yahoo.com','Colombiana'),(838,'Santiago','Rocío','Gómez','Montoya','1992-09-29','M',15,'santiago.gómez5104@gmail.com','Colombiana'),(839,'Paula','José','Gómez','Salazar','1983-06-27','F',8,'paula.gómez2449@uniandes.edu.co','Colombiana'),(840,'Mateo',NULL,'Vargas','Morales','1980-09-03','M',2,'mateo.vargas7681@uniandes.edu.co','Colombiana'),(841,'Valentina',NULL,'López','Reyes','1993-09-13','F',4,'valentina.lópez8854@yahoo.com','Colombiana'),(842,'Andrea','José','Ortega','Cruz','1994-05-15','F',13,'andrea.ortega7555@gmail.com','Colombiana'),(843,'Miguel','Marcela','Ruiz','Gómez','1992-09-29','M',11,'miguel.ruiz1344@outlook.com','Colombiana'),(844,'Sara','Ricardo','Castaño','Zapata','1984-09-05','F',15,'sara.castaño3377@gmail.com','Colombiana'),(845,'Carolina',NULL,'Morales','Rojas','1999-11-14','F',14,'carolina.morales3565@hotmail.com','Colombiana'),(846,'Daniel','Eduardo','González','Herrera','1981-02-22','M',10,'daniel.gonzález8448@gmail.com','Colombiana'),(847,'Andrea','Felipe','Torres','Herrera','2002-07-23','F',13,'andrea.torres4433@unal.edu.co','Colombiana'),(848,'Fernanda','Andrés','García','Montoya','1983-06-10','F',3,'fernanda.garcía3615@hotmail.com','Colombiana'),(849,'Sofía','Andrés','Salazar','Mejía','1992-03-01','F',3,'sofía.salazar8262@uniandes.edu.co','Colombiana'),(850,'Julián',NULL,'Ramírez','Gómez','1982-10-21','M',8,'julián.ramírez0997@outlook.com','Colombiana'),(851,'Andrea','Ricardo','Castro','Patiño','1980-01-18','F',1,'andrea.castro5667@uniandes.edu.co','Colombiana'),(852,'Tomás','Ricardo','Salazar','Torres','1992-07-25','M',13,'tomás.salazar2949@gmail.com','Colombiana'),(853,'Andrés',NULL,'Sánchez','Gómez','2003-05-28','M',8,'andrés.sánchez2248@hotmail.com','Colombiana'),(854,'José','Isabel','Hernández','Cruz','1993-05-27','M',3,'josé.hernández3123@gmail.com','Colombiana'),(855,'Esteban',NULL,'Castro','Montoya','1986-07-28','M',14,'esteban.castro6958@uniandes.edu.co','Colombiana'),(856,'Sara',NULL,'Salazar','Mendoza','1982-02-16','F',8,'sara.salazar8454@yahoo.com','Colombiana'),(857,'Luis','Rocío','González','Zapata','1984-04-21','M',11,'luis.gonzález7388@outlook.com','Colombiana'),(858,'Valentina','Eduardo','Torres','Bautista','2002-08-10','F',8,'valentina.torres2995@yahoo.com','Colombiana'),(859,'Laura',NULL,'Ruiz','Ortega','1998-09-18','F',13,'laura.ruiz7507@unal.edu.co','Colombiana'),(860,'Diana','Patricia','López','Quintero','1986-05-29','F',10,'diana.lópez6117@outlook.com','Colombiana'),(861,'Fernanda','Isabel','Gómez','Ortega','1994-07-19','F',12,'fernanda.gómez9536@gmail.com','Colombiana'),(862,'Lucía',NULL,'Pérez','Cruz','2001-08-13','F',8,'lucía.pérez3227@gmail.com','Ecuatoriana'),(863,'Diana','Javier','Castro','Bautista','1995-06-14','F',14,'diana.castro5397@yahoo.com','Colombiana'),(864,'Laura','Alejandro','Ortega','Ruiz','2000-08-21','F',4,'laura.ortega9286@outlook.com','Colombiana'),(865,'Fernanda',NULL,'García','Reyes','1991-08-17','F',15,'fernanda.garcía9515@hotmail.com','Colombiana'),(866,'Luis',NULL,'Torres','Montoya','2001-01-29','M',12,'luis.torres8318@uniandes.edu.co','Colombiana'),(867,'Sebastián','Patricia','Castro','Zapata','1988-06-09','M',7,'sebastián.castro4944@hotmail.com','Colombiana'),(868,'Camilo',NULL,'Hernández','Rojas','1983-06-29','M',11,'camilo.hernández5790@hotmail.com','Colombiana'),(869,'Paula','Isabel','Ortega','Bautista','1995-07-24','F',5,'paula.ortega7467@yahoo.com','Colombiana'),(870,'Daniel',NULL,'López','Cruz','1999-10-05','M',8,'daniel.lópez4215@uniandes.edu.co','Colombiana'),(871,'Eliana',NULL,'Navarro','Mejía','1985-01-26','F',4,'eliana.navarro4957@yahoo.com','Colombiana'),(872,'Carolina','Ricardo','González','Reyes','1982-01-29','F',14,'carolina.gonzález2438@yahoo.com','Colombiana'),(873,'Jorge',NULL,'Hernández','Mejía','1990-11-17','M',13,'jorge.hernández2178@yahoo.com','Colombiana'),(874,'Laura',NULL,'López','Zapata','1992-04-08','F',6,'laura.lópez9207@outlook.com','Colombiana'),(875,'Miguel','Elena','Castro','Salazar','1997-06-04','M',11,'miguel.castro9760@yahoo.com','Colombiana'),(876,'Sebastián','Alejandro','López','Morales','1990-11-01','M',15,'sebastián.lópez4800@gmail.com','Venezolana'),(877,'Andrés',NULL,'Ruiz','Montoya','1995-10-29','M',11,'andrés.ruiz8486@hotmail.com','Colombiana'),(878,'Isabella',NULL,'Hernández','Gómez','1988-12-21','F',6,'isabella.hernández3051@hotmail.com','Colombiana'),(879,'Carolina','Rocío','Rodríguez','Torres','2003-03-20','F',12,'carolina.rodríguez2869@uniandes.edu.co','Venezolana'),(880,'Camila',NULL,'Ortega','Mejía','2004-01-14','F',15,'camila.ortega3766@gmail.com','Colombiana'),(881,'Cristian',NULL,'Rodríguez','Mejía','1986-04-18','M',9,'cristian.rodríguez5780@gmail.com','Colombiana'),(882,'Luis','Alejandra','Pérez','Gómez','1988-08-26','M',10,'luis.pérez3401@uniandes.edu.co','Colombiana'),(883,'Nicolás','Isabel','Vargas','Cruz','2000-08-31','M',5,'nicolás.vargas8550@yahoo.com','Colombiana'),(884,'Diana','José','Castaño','Quintero','1989-03-28','F',3,'diana.castaño4370@gmail.com','Colombiana'),(885,'Carlos','Isabel','Mejía','Ríos','1982-08-05','M',14,'carlos.mejía7613@unal.edu.co','Colombiana'),(886,'Cristian','Beatriz','Mejía','Ortega','1993-05-23','M',4,'cristian.mejía4334@unal.edu.co','Colombiana'),(887,'Carolina','Antonio','Gómez','Vargas','1999-04-01','F',14,'carolina.gómez2364@yahoo.com','Colombiana'),(888,'Julián',NULL,'Martínez','Ortega','1990-06-27','M',8,'julián.martínez4846@outlook.com','Venezolana'),(889,'Sara','Antonio','Torres','Quintero','1995-12-26','F',9,'sara.torres6147@outlook.com','Colombiana'),(890,'Fernando','Andrés','Sánchez','Zapata','1987-04-08','M',2,'fernando.sánchez0897@unal.edu.co','Colombiana'),(891,'Laura','Andrés','López','Ríos','1983-10-07','F',9,'laura.lópez5465@outlook.com','Colombiana'),(892,'Andrea','Javier','González','Rojas','1981-08-18','F',8,'andrea.gonzález8898@outlook.com','Colombiana'),(893,'Andrea','Manuel','Castaño','Vargas','1983-09-03','F',1,'andrea.castaño6908@gmail.com','Colombiana'),(894,'Miguel','Elena','Castaño','Bautista','1981-03-29','M',1,'miguel.castaño8709@outlook.com','Colombiana'),(895,'Camilo',NULL,'Torres','Torres','1981-07-24','M',15,'camilo.torres7810@uniandes.edu.co','Colombiana'),(896,'David','Felipe','Torres','Ruiz','2004-05-22','M',1,'david.torres2629@unal.edu.co','Colombiana'),(897,'Laura','Manuel','López','Zapata','1992-12-12','F',1,'laura.lópez3417@outlook.com','Colombiana'),(898,'Julián',NULL,'Vargas','Cruz','1991-12-28','M',9,'julián.vargas4830@gmail.com','Colombiana'),(899,'Isabella','Patricia','Ruiz','Cruz','1996-04-24','F',14,'isabella.ruiz9189@uniandes.edu.co','Colombiana'),(900,'Eliana','Alejandro','Morales','Torres','1982-10-21','F',14,'eliana.morales2122@uniandes.edu.co','Colombiana'),(901,'Juan','Antonio','González','Gómez','1998-05-22','M',4,'juan.gonzález5369@unal.edu.co','Colombiana'),(902,'Miguel','Isabel','Pérez','Vargas','1999-12-07','M',2,'miguel.pérez8247@uniandes.edu.co','Colombiana'),(903,'Manuela',NULL,'Torres','Cruz','1999-12-01','F',15,'manuela.torres2832@gmail.com','Colombiana'),(904,'Andrea',NULL,'Castaño','Vargas','1998-12-27','F',1,'andrea.castaño8967@outlook.com','Colombiana'),(905,'María',NULL,'Vargas','Gómez','1998-09-04','F',3,'maría.vargas7194@hotmail.com','Colombiana'),(906,'José',NULL,'Sánchez','Ruiz','1980-12-06','M',12,'josé.sánchez6681@outlook.com','Colombiana'),(907,'Andrés','Felipe','López','Vargas','2000-07-17','M',1,'andrés.lópez1934@unal.edu.co','Colombiana'),(908,'David','Eduardo','Vargas','Morales','1982-08-07','M',3,'david.vargas8592@yahoo.com','Colombiana'),(909,'Juan',NULL,'Ortega','Ríos','1997-09-06','M',13,'juan.ortega4062@yahoo.com','Colombiana'),(910,'Gabriela','Teresa','Castro','Rojas','1983-04-08','F',5,'gabriela.castro4744@yahoo.com','Colombiana'),(911,'Manuela','Cristina','Ortega','Ortega','1995-01-02','F',8,'manuela.ortega2316@hotmail.com','Venezolana'),(912,'Luis','Beatriz','Castaño','Mendoza','1992-01-18','M',12,'luis.castaño2815@gmail.com','Colombiana'),(913,'Felipe','Manuel','Gómez','Ortega','1989-11-11','M',14,'felipe.gómez7791@uniandes.edu.co','Colombiana'),(914,'José',NULL,'Martínez','Zapata','1995-10-11','M',3,'josé.martínez9194@uniandes.edu.co','Colombiana'),(915,'Miguel','José','Rodríguez','Ruiz','1992-06-01','M',14,'miguel.rodríguez8412@uniandes.edu.co','Colombiana'),(916,'Mateo','Teresa','Vargas','Salazar','1994-10-04','M',7,'mateo.vargas5412@gmail.com','Colombiana'),(917,'José',NULL,'Torres','Torres','1987-04-20','M',1,'josé.torres3181@uniandes.edu.co','Colombiana'),(918,'Lucía','Isabel','Hernández','Mendoza','1994-01-13','F',11,'lucía.hernández4617@uniandes.edu.co','Venezolana'),(919,'David','Isabel','Ramírez','Mendoza','1985-12-14','M',15,'david.ramírez3499@gmail.com','Colombiana'),(920,'Andrés',NULL,'Martínez','Herrera','1985-09-27','M',10,'andrés.martínez6504@unal.edu.co','Colombiana'),(921,'David','Alejandro','Navarro','Valencia','1985-09-15','M',1,'david.navarro6906@uniandes.edu.co','Colombiana'),(922,'Daniela',NULL,'Torres','Mendoza','2004-05-18','F',3,'daniela.torres4984@uniandes.edu.co','Colombiana'),(923,'Isabella',NULL,'Pérez','Ortega','1998-09-01','F',6,'isabella.pérez3507@unal.edu.co','Colombiana'),(924,'Ángela',NULL,'Ruiz','Reyes','1996-11-05','F',13,'ángela.ruiz8532@outlook.com','Colombiana'),(925,'Miguel','Teresa','Ruiz','Valencia','1998-05-17','M',12,'miguel.ruiz7363@unal.edu.co','Ecuatoriana'),(926,'Camila',NULL,'López','Valencia','1983-05-07','F',5,'camila.lópez1179@outlook.com','Colombiana'),(927,'Gabriela','Patricia','Navarro','Rojas','1995-04-19','F',2,'gabriela.navarro0768@unal.edu.co','Colombiana'),(928,'Isabella',NULL,'Vargas','Zapata','2001-08-12','F',4,'isabella.vargas0643@uniandes.edu.co','Colombiana'),(929,'Valentina','Alejandra','Torres','Cruz','1987-11-04','F',6,'valentina.torres9279@uniandes.edu.co','Colombiana'),(930,'Valentina',NULL,'Torres','Torres','1980-06-21','F',15,'valentina.torres5994@yahoo.com','Colombiana'),(931,'Manuela','Cristina','Gómez','Ríos','1980-09-12','F',11,'manuela.gómez6708@outlook.com','Colombiana'),(932,'José',NULL,'Ortega','Herrera','1988-02-25','M',10,'josé.ortega2084@gmail.com','Venezolana'),(933,'Daniela',NULL,'López','Cruz','2005-10-22','F',8,'daniela.lópez4267@gmail.com','Colombiana'),(934,'Laura',NULL,'Castro','Bautista','1982-04-23','F',9,'laura.castro2783@gmail.com','Colombiana'),(935,'Juliana','Cristina','Castaño','Mejía','1991-05-28','F',8,'juliana.castaño3935@unal.edu.co','Colombiana'),(936,'Daniel','Beatriz','Ruiz','Salazar','1993-04-29','M',6,'daniel.ruiz0993@yahoo.com','Colombiana'),(937,'Julián','Andrés','Morales','Vargas','1983-07-01','M',15,'julián.morales7161@outlook.com','Colombiana'),(938,'Paula','Martín','Vargas','Rojas','1985-08-11','F',7,'paula.vargas9315@gmail.com','Colombiana'),(939,'Santiago','Alejandro','Castro','Quintero','1984-09-16','M',1,'santiago.castro8727@uniandes.edu.co','Colombiana'),(940,'José','Cristina','Castro','Herrera','1989-11-26','M',11,'josé.castro4457@gmail.com','Colombiana'),(941,'David',NULL,'Torres','Herrera','1982-06-03','M',10,'david.torres0823@gmail.com','Colombiana'),(942,'Esteban','Elena','Vargas','Cruz','1983-09-06','M',3,'esteban.vargas6638@yahoo.com','Colombiana'),(943,'Tomás','Beatriz','Sánchez','Cruz','2003-12-29','M',7,'tomás.sánchez9347@yahoo.com','Venezolana'),(944,'Eliana','Alejandra','Torres','Rojas','1996-10-21','F',3,'eliana.torres0437@outlook.com','Colombiana'),(945,'Sebastián',NULL,'González','Zapata','1998-06-21','M',9,'sebastián.gonzález7758@uniandes.edu.co','Colombiana'),(946,'Fernando',NULL,'Pérez','Zapata','2004-05-28','M',1,'fernando.pérez1965@outlook.com','Colombiana'),(947,'Tomás',NULL,'Vargas','Ríos','1989-12-15','M',14,'tomás.vargas9778@uniandes.edu.co','Colombiana'),(948,'Sofía',NULL,'Castro','Herrera','1983-10-09','F',10,'sofía.castro1667@hotmail.com','Venezolana'),(949,'Santiago',NULL,'Gómez','Ríos','1980-01-28','M',3,'santiago.gómez9723@yahoo.com','Venezolana'),(950,'Felipe',NULL,'Castaño','Ríos','2003-06-15','M',7,'felipe.castaño1781@outlook.com','Colombiana'),(951,'Mateo',NULL,'Rodríguez','Montoya','1992-01-17','M',9,'mateo.rodríguez9044@gmail.com','Colombiana'),(952,'Andrea',NULL,'Ruiz','Zapata','2005-02-18','F',13,'andrea.ruiz4386@outlook.com','Colombiana'),(953,'Jorge','Eduardo','Ruiz','Mendoza','2003-03-26','M',6,'jorge.ruiz5456@gmail.com','Colombiana'),(954,'Fernanda',NULL,'Ramírez','Salazar','1999-01-02','F',2,'fernanda.ramírez0789@outlook.com','Colombiana'),(955,'Valentina','Javier','Castaño','Patiño','1994-05-07','F',3,'valentina.castaño4042@hotmail.com','Colombiana'),(956,'Ángela','Lucía','Navarro','Reyes','2005-07-03','F',10,'ángela.navarro9589@yahoo.com','Colombiana'),(957,'Nicolás',NULL,'Ruiz','Salazar','2002-08-02','M',6,'nicolás.ruiz6173@hotmail.com','Colombiana'),(958,'Camila','Manuel','Mejía','Gómez','1998-04-24','F',2,'camila.mejía6145@yahoo.com','Colombiana'),(959,'Eliana',NULL,'Salazar','Ortega','2001-08-28','F',12,'eliana.salazar1408@outlook.com','Colombiana'),(960,'Sara','Manuel','Pérez','Valencia','1999-04-04','F',8,'sara.pérez1101@outlook.com','Colombiana'),(961,'Camilo','Javier','Castaño','Cruz','1989-12-02','M',5,'camilo.castaño0690@outlook.com','Colombiana'),(962,'Andrea','Isabel','Mejía','Mejía','1998-06-06','F',5,'andrea.mejía9044@hotmail.com','Colombiana'),(963,'Felipe','Lucía','Rodríguez','Cruz','1989-07-10','M',4,'felipe.rodríguez1461@unal.edu.co','Colombiana'),(964,'Gabriela','Teresa','Morales','Ortega','1998-09-04','F',1,'gabriela.morales6517@gmail.com','Colombiana'),(965,'Natalia',NULL,'López','Bautista','1997-04-29','F',1,'natalia.lópez2606@outlook.com','Colombiana'),(966,'Manuela',NULL,'Pérez','Salazar','1982-08-01','F',14,'manuela.pérez2198@uniandes.edu.co','Colombiana'),(967,'Miguel',NULL,'García','Salazar','1987-01-07','M',4,'miguel.garcía9916@gmail.com','Colombiana'),(968,'Sara',NULL,'Pérez','Quintero','2002-11-22','F',13,'sara.pérez5557@gmail.com','Ecuatoriana'),(969,'Tomás','Manuel','Ruiz','Herrera','1989-01-15','M',1,'tomás.ruiz3951@yahoo.com','Colombiana'),(970,'Camilo','Cristina','Mejía','Ruiz','1995-12-29','M',5,'camilo.mejía6984@unal.edu.co','Colombiana'),(971,'Cristian','Cristina','Pérez','Montoya','1985-09-20','M',3,'cristian.pérez7632@gmail.com','Colombiana'),(972,'José','Alejandra','Pérez','Valencia','1983-07-25','M',3,'josé.pérez4283@uniandes.edu.co','Colombiana'),(973,'Julián','Rocío','Pérez','Salazar','2000-03-05','M',14,'julián.pérez1251@outlook.com','Colombiana'),(974,'Esteban','Eduardo','Torres','Quintero','2004-09-25','M',4,'esteban.torres2044@outlook.com','Colombiana'),(975,'Esteban','Teresa','Martínez','Rojas','1996-04-01','M',13,'esteban.martínez8899@unal.edu.co','Colombiana'),(976,'Miguel',NULL,'Ortega','Salazar','1996-03-29','M',5,'miguel.ortega0374@outlook.com','Colombiana'),(977,'Miguel','Beatriz','Ruiz','Torres','2002-08-22','M',14,'miguel.ruiz1529@gmail.com','Colombiana'),(978,'Carlos','José','Ramírez','Cruz','1985-03-16','M',14,'carlos.ramírez0481@unal.edu.co','Colombiana'),(979,'Nicolás',NULL,'González','Herrera','1981-06-18','M',5,'nicolás.gonzález9880@uniandes.edu.co','Colombiana'),(980,'Paula','Teresa','Ruiz','Cruz','1997-05-25','F',7,'paula.ruiz7098@unal.edu.co','Colombiana'),(981,'Camila',NULL,'Salazar','Gómez','1991-10-25','F',1,'camila.salazar1340@outlook.com','Colombiana'),(982,'Cristian','Alejandra','Navarro','Morales','1986-02-23','M',7,'cristian.navarro8778@uniandes.edu.co','Colombiana'),(983,'Diana',NULL,'Rodríguez','Salazar','1995-02-07','F',15,'diana.rodríguez4958@uniandes.edu.co','Venezolana'),(984,'Cristian','José','Castaño','Salazar','1999-04-19','M',14,'cristian.castaño9877@uniandes.edu.co','Colombiana'),(985,'Fernanda','Eduardo','Salazar','Quintero','1989-07-21','F',4,'fernanda.salazar6330@gmail.com','Colombiana'),(986,'Jorge','Isabel','Ortega','Cruz','2005-10-20','M',2,'jorge.ortega6621@hotmail.com','Venezolana'),(987,'Sara','Antonio','García','Morales','1992-09-14','F',10,'sara.garcía8081@unal.edu.co','Colombiana'),(988,'Sebastián','Andrés','Ramírez','Valencia','1993-06-12','M',12,'sebastián.ramírez9215@gmail.com','Colombiana'),(989,'Sara',NULL,'Ortega','Mejía','1996-10-16','F',6,'sara.ortega4904@unal.edu.co','Colombiana'),(990,'José','Alejandro','Ramírez','Gómez','1999-08-01','M',11,'josé.ramírez2361@yahoo.com','Colombiana'),(991,'Gabriela','Cristina','Ramírez','Torres','1990-10-13','F',12,'gabriela.ramírez8724@gmail.com','Colombiana'),(992,'Natalia',NULL,'Rodríguez','Ríos','1985-03-07','F',15,'natalia.rodríguez6374@unal.edu.co','Colombiana'),(993,'Mateo',NULL,'Gómez','Ruiz','1986-05-14','M',3,'mateo.gómez0508@unal.edu.co','Colombiana'),(994,'Esteban','José','Navarro','Torres','1985-09-21','M',1,'esteban.navarro0906@uniandes.edu.co','Colombiana'),(995,'Laura','Martín','Ramírez','Zapata','1997-11-10','F',8,'laura.ramírez3583@uniandes.edu.co','Venezolana'),(996,'Gabriela',NULL,'Hernández','Mendoza','1995-08-25','F',11,'gabriela.hernández7677@gmail.com','Colombiana'),(997,'Carolina','Antonio','Torres','Zapata','2003-11-20','F',8,'carolina.torres3040@uniandes.edu.co','Colombiana'),(998,'Valentina',NULL,'López','Quintero','1989-11-06','F',6,'valentina.lópez7394@unal.edu.co','Colombiana'),(999,'Valentina','Teresa','González','Gómez','1990-12-26','F',1,'valentina.gonzález3035@outlook.com','Colombiana'),(1000,'José',NULL,'García','Rojas','2003-08-03','M',4,'josé.garcía3467@gmail.com','Colombiana'),(1001,'Carlos','Isabel','Torres','Herrera','1984-02-10','M',3,'carlos.torres7491@outlook.com','Colombiana'),(1002,'Tomás','Patricia','López','Salazar','2000-01-29','M',9,'tomás.lópez0538@yahoo.com','Colombiana'),(1003,'Paula','Isabel','Gómez','Quintero','1991-02-27','F',13,'paula.gómez0359@yahoo.com','Colombiana'),(1004,'Andrés','Cristina','González','Ortega','2004-09-23','M',14,'andrés.gonzález2853@unal.edu.co','Colombiana'),(1005,'Nicolás',NULL,'Morales','Mejía','2003-09-09','M',7,'nicolás.morales1778@gmail.com','Colombiana'),(1006,'Cristian','Isabel','González','Morales','1988-06-05','M',14,'cristian.gonzález6045@gmail.com','Colombiana'),(1007,'Juan',NULL,'Torres','Patiño','1999-05-12','M',14,'juan.torres0368@yahoo.com','Colombiana'),(1008,'Andrea',NULL,'Gómez','Gómez','1992-04-14','F',15,'andrea.gómez2576@yahoo.com','Colombiana'),(1009,'Camila',NULL,'Castaño','Patiño','1997-10-16','F',10,'camila.castaño2624@outlook.com','Colombiana'),(1010,'Manuela','Lucía','Mejía','Valencia','1992-03-23','F',10,'manuela.mejía1965@unal.edu.co','Colombiana'),(1011,'Julián','Felipe','Torres','Ruiz','1995-05-25','M',6,'julián.torres4522@hotmail.com','Colombiana'),(1012,'Luis','Beatriz','Castaño','Patiño','1981-03-07','M',3,'luis.castaño2164@yahoo.com','Colombiana'),(1013,'Camilo','Antonio','Vargas','Salazar','1993-11-04','M',7,'camilo.vargas3886@hotmail.com','Colombiana'),(1014,'Diana','Felipe','Ruiz','Morales','1996-12-06','F',11,'diana.ruiz5984@gmail.com','Venezolana'),(1015,'Jorge','Lucía','López','Mendoza','1987-02-24','M',11,'jorge.lópez0239@outlook.com','Colombiana'),(1016,'Andrés','Beatriz','Gómez','Bautista','2002-05-02','M',12,'andrés.gómez0575@uniandes.edu.co','Colombiana'),(1017,'Cristian',NULL,'Vargas','Montoya','1987-11-20','M',10,'cristian.vargas4380@outlook.com','Colombiana'),(1018,'Julián',NULL,'Castaño','Zapata','1983-09-20','M',1,'julián.castaño7655@hotmail.com','Colombiana'),(1019,'Valentina','Andrés','Hernández','Ruiz','1997-09-10','F',5,'valentina.hernández3111@unal.edu.co','Colombiana'),(1020,'Lucía','Cristina','Torres','Zapata','1989-02-21','F',9,'lucía.torres2554@outlook.com','Colombiana'),(1021,'Carlos','Antonio','Torres','Bautista','1990-01-19','M',11,'carlos.torres2481@gmail.com','Colombiana'),(1022,'Laura','Patricia','Hernández','Vargas','1985-09-28','F',9,'laura.hernández9300@yahoo.com','Colombiana'),(1023,'Cristian','Andrés','Ortega','Herrera','2000-04-11','M',10,'cristian.ortega7342@outlook.com','Colombiana'),(1024,'Miguel','Beatriz','Gómez','Quintero','1980-09-10','M',6,'miguel.gómez5501@uniandes.edu.co','Colombiana'),(1025,'Natalia','Isabel','Sánchez','Torres','1984-04-23','F',12,'natalia.sánchez1324@gmail.com','Colombiana'),(1026,'Julián',NULL,'Ortega','Ortega','2003-01-12','M',9,'julián.ortega6474@unal.edu.co','Colombiana'),(1027,'Laura','Felipe','López','Reyes','1993-04-14','F',14,'laura.lópez4314@unal.edu.co','Colombiana'),(1028,'Valentina',NULL,'Navarro','Vargas','1985-06-18','F',5,'valentina.navarro8167@hotmail.com','Colombiana'),(1029,'Gabriela','Cristina','Castaño','Gómez','1987-12-16','F',13,'gabriela.castaño8737@hotmail.com','Colombiana'),(1030,'Diana','Patricia','Gómez','Ruiz','1987-10-30','F',5,'diana.gómez6725@hotmail.com','Colombiana'),(1031,'Juan','Isabel','Ruiz','Reyes','1993-06-26','M',15,'juan.ruiz2341@unal.edu.co','Colombiana'),(1032,'Juan','Andrés','Pérez','Bautista','1991-12-04','M',13,'juan.pérez7832@unal.edu.co','Colombiana'),(1033,'Felipe',NULL,'González','Zapata','1998-09-23','M',7,'felipe.gonzález2201@yahoo.com','Colombiana'),(1034,'Nicolás',NULL,'Castaño','Ortega','1992-05-07','M',4,'nicolás.castaño1397@outlook.com','Ecuatoriana'),(1035,'Eliana',NULL,'Torres','Reyes','1989-06-15','F',11,'eliana.torres6654@outlook.com','Venezolana'),(1036,'David','José','Hernández','Patiño','1986-05-17','M',6,'david.hernández2794@unal.edu.co','Colombiana'),(1037,'Nicolás','Felipe','Sánchez','Quintero','1988-09-09','M',8,'nicolás.sánchez7005@unal.edu.co','Colombiana'),(1038,'Sebastián','Alejandro','Martínez','Zapata','1998-07-31','M',5,'sebastián.martínez0458@gmail.com','Colombiana'),(1039,'David','Andrés','Mejía','Bautista','2003-08-08','M',12,'david.mejía2204@hotmail.com','Colombiana'),(1040,'Carlos','Rocío','Salazar','Ríos','1985-11-03','M',10,'carlos.salazar1057@yahoo.com','Colombiana'),(1041,'Carolina','Isabel','Ortega','Rojas','2000-03-15','F',8,'carolina.ortega6754@gmail.com','Colombiana'),(1042,'Jorge',NULL,'Morales','Zapata','1989-02-08','M',1,'jorge.morales6584@outlook.com','Colombiana'),(1043,'Daniel','Ricardo','López','Ríos','1981-09-18','M',9,'daniel.lópez7673@unal.edu.co','Venezolana'),(1044,'Juliana','Elena','Ruiz','Morales','1999-08-05','F',11,'juliana.ruiz0790@gmail.com','Colombiana'),(1045,'Cristian',NULL,'Morales','Cruz','1999-04-19','M',11,'cristian.morales6658@gmail.com','Colombiana'),(1046,'Valentina',NULL,'Ruiz','Herrera','1989-05-09','F',6,'valentina.ruiz8201@gmail.com','Colombiana'),(1047,'Paula',NULL,'Pérez','Patiño','1989-07-12','F',13,'paula.pérez2184@yahoo.com','Colombiana'),(1048,'Camilo',NULL,'Martínez','Patiño','1993-05-19','M',9,'camilo.martínez9964@hotmail.com','Colombiana'),(1049,'Tomás',NULL,'Vargas','Salazar','1991-12-16','M',7,'tomás.vargas0742@yahoo.com','Colombiana'),(1050,'Gabriela','Lucía','Castaño','Ruiz','1990-04-03','F',3,'gabriela.castaño3423@unal.edu.co','Colombiana'),(1051,'Natalia',NULL,'Navarro','Ruiz','1988-10-16','F',4,'natalia.navarro2513@outlook.com','Venezolana'),(1052,'Camilo','Patricia','Mejía','Zapata','1987-05-13','M',12,'camilo.mejía3304@uniandes.edu.co','Colombiana'),(1053,'Tomás','Manuel','Vargas','Mendoza','2004-12-26','M',12,'tomás.vargas4359@outlook.com','Colombiana'),(1054,'Juan','Lucía','Castro','Valencia','1989-05-31','M',2,'juan.castro0081@yahoo.com','Colombiana'),(1055,'Fernanda','Ricardo','González','Montoya','1984-04-21','F',14,'fernanda.gonzález3114@gmail.com','Colombiana'),(1056,'Esteban','Felipe','Castaño','Quintero','1989-03-21','M',10,'esteban.castaño0784@outlook.com','Colombiana'),(1057,'Carlos','Andrés','Pérez','Torres','1990-11-15','M',9,'carlos.pérez4835@gmail.com','Colombiana'),(1058,'Nicolás',NULL,'López','Salazar','1984-12-07','M',9,'nicolás.lópez5603@outlook.com','Colombiana'),(1059,'Tomás','Martín','Mejía','Ortega','1999-04-01','M',14,'tomás.mejía0097@uniandes.edu.co','Colombiana'),(1060,'Carlos','Andrés','González','Rojas','1998-05-02','M',3,'carlos.gonzález9657@uniandes.edu.co','Colombiana'),(1061,'Carolina','Cristina','Hernández','Torres','2003-03-31','F',10,'carolina.hernández4574@unal.edu.co','Colombiana'),(1062,'Isabella','Lucía','Navarro','Mejía','1998-01-11','F',1,'isabella.navarro2135@yahoo.com','Venezolana'),(1063,'Sebastián',NULL,'Hernández','Herrera','2001-05-14','M',9,'sebastián.hernández6969@gmail.com','Colombiana'),(1064,'José',NULL,'Ruiz','Reyes','1995-05-24','M',5,'josé.ruiz6870@unal.edu.co','Colombiana'),(1065,'David','Andrés','Hernández','Vargas','1992-10-24','M',14,'david.hernández1632@hotmail.com','Colombiana'),(1066,'José','Beatriz','Ortega','Rojas','1987-01-24','M',2,'josé.ortega6663@unal.edu.co','Colombiana'),(1067,'Andrea','Patricia','Mejía','Patiño','1983-08-08','F',15,'andrea.mejía1833@unal.edu.co','Colombiana'),(1068,'Valentina','Rocío','González','Rojas','1983-06-07','F',5,'valentina.gonzález9127@outlook.com','Venezolana'),(1069,'Juan',NULL,'Ortega','Valencia','1998-11-15','M',15,'juan.ortega9215@hotmail.com','Colombiana'),(1070,'Esteban','Rocío','González','Zapata','2004-08-22','M',9,'esteban.gonzález8117@outlook.com','Colombiana'),(1071,'Juliana','Antonio','Ramírez','Salazar','1981-05-23','F',13,'juliana.ramírez1588@unal.edu.co','Colombiana'),(1072,'Juliana',NULL,'Mejía','Torres','1994-06-18','F',10,'juliana.mejía9919@outlook.com','Colombiana'),(1073,'Sebastián','Rocío','Ruiz','Quintero','2005-01-24','M',3,'sebastián.ruiz7130@uniandes.edu.co','Colombiana'),(1074,'Andrés','Lucía','Rodríguez','Bautista','1986-01-27','M',10,'andrés.rodríguez1608@gmail.com','Colombiana'),(1075,'Jorge','Patricia','Gómez','Reyes','1988-07-13','M',14,'jorge.gómez3985@gmail.com','Venezolana'),(1076,'Carolina','Alejandro','Torres','Quintero','1992-02-27','F',12,'carolina.torres7259@outlook.com','Colombiana'),(1077,'Daniela',NULL,'López','Morales','1994-06-02','F',13,'daniela.lópez4530@unal.edu.co','Colombiana'),(1078,'Isabella','Eduardo','Gómez','Montoya','1987-09-01','F',6,'isabella.gómez3146@uniandes.edu.co','Colombiana'),(1079,'Sara',NULL,'Martínez','Cruz','2002-12-07','F',6,'sara.martínez1216@yahoo.com','Colombiana'),(1080,'Nicolás','José','Vargas','Bautista','1987-11-03','M',12,'nicolás.vargas6029@gmail.com','Colombiana'),(1081,'Andrea',NULL,'Torres','Morales','2001-07-26','F',7,'andrea.torres1001@gmail.com','Colombiana'),(1082,'Manuela',NULL,'Navarro','Vargas','1998-04-04','F',8,'manuela.navarro3045@hotmail.com','Colombiana'),(1083,'Julián','Elena','Ramírez','Valencia','2003-04-06','M',6,'julián.ramírez3041@yahoo.com','Colombiana'),(1084,'Jorge','Teresa','Ramírez','Ríos','1999-08-02','M',15,'jorge.ramírez9942@uniandes.edu.co','Colombiana'),(1085,'Manuela','José','Castro','Ríos','1983-03-16','F',10,'manuela.castro6717@yahoo.com','Colombiana'),(1086,'Lucía',NULL,'Hernández','Mejía','2004-11-12','F',10,'lucía.hernández9194@uniandes.edu.co','Colombiana'),(1087,'Valentina',NULL,'Pérez','Valencia','1982-05-02','F',9,'valentina.pérez8924@outlook.com','Venezolana'),(1088,'Jorge','Elena','Vargas','Cruz','1989-10-02','M',5,'jorge.vargas3763@uniandes.edu.co','Colombiana'),(1089,'María','Eduardo','Torres','Quintero','1996-11-07','F',14,'maría.torres8120@gmail.com','Colombiana'),(1090,'Nicolás','Eduardo','Martínez','Rojas','1986-02-19','M',2,'nicolás.martínez5121@yahoo.com','Colombiana'),(1091,'Laura','Cristina','Ortega','Bautista','2001-07-17','F',11,'laura.ortega7950@hotmail.com','Colombiana'),(1092,'Jorge','Felipe','González','Bautista','2002-04-16','M',9,'jorge.gonzález6205@unal.edu.co','Colombiana'),(1093,'Andrea','Rocío','Mejía','Quintero','1993-04-07','F',15,'andrea.mejía9943@hotmail.com','Colombiana'),(1094,'Fernando','Javier','Rodríguez','Ruiz','1986-06-09','M',14,'fernando.rodríguez8822@uniandes.edu.co','Colombiana'),(1095,'Isabella','Manuel','García','Bautista','2003-11-15','F',15,'isabella.garcía3667@gmail.com','Colombiana'),(1096,'Santiago','Ricardo','Vargas','Reyes','1984-02-09','M',12,'santiago.vargas8955@gmail.com','Colombiana'),(1097,'Esteban','Alejandra','Castaño','Morales','1983-09-05','M',3,'esteban.castaño5014@gmail.com','Venezolana'),(1098,'Camila',NULL,'González','Salazar','1984-01-12','F',13,'camila.gonzález2465@uniandes.edu.co','Colombiana'),(1099,'Felipe',NULL,'Ruiz','Rojas','1985-04-12','M',6,'felipe.ruiz3443@gmail.com','Colombiana'),(1100,'Camila','Andrés','López','Mejía','1999-05-19','F',5,'camila.lópez3692@unal.edu.co','Colombiana'),(1101,'Eliana',NULL,'Morales','Torres','1987-03-06','F',7,'eliana.morales2513@hotmail.com','Colombiana'),(1102,'Esteban','Marcela','Mejía','Gómez','1980-10-03','M',2,'esteban.mejía0047@yahoo.com','Colombiana'),(1103,'Natalia',NULL,'Vargas','Morales','1980-06-15','F',2,'natalia.vargas7338@unal.edu.co','Colombiana'),(1104,'Juliana','José','López','Reyes','1995-12-24','F',1,'juliana.lópez9553@yahoo.com','Colombiana'),(1105,'Carolina',NULL,'Navarro','Rojas','2000-08-09','F',2,'carolina.navarro9603@hotmail.com','Colombiana'),(1106,'José','Eduardo','Castro','Patiño','1986-09-19','M',12,'josé.castro6008@outlook.com','Colombiana'),(1107,'Juan','Patricia','Ortega','Ríos','1989-06-26','M',3,'juan.ortega4440@gmail.com','Colombiana'),(1108,'Andrés',NULL,'Rodríguez','Torres','1991-10-31','M',12,'andrés.rodríguez0400@yahoo.com','Colombiana'),(1109,'Cristian',NULL,'Ramírez','Valencia','2003-03-29','M',12,'cristian.ramírez2393@unal.edu.co','Colombiana'),(1110,'Manuela','Marcela','Vargas','Patiño','2004-04-20','F',13,'manuela.vargas6581@hotmail.com','Colombiana'),(1111,'Jorge',NULL,'Rodríguez','Cruz','2001-08-23','M',12,'jorge.rodríguez4750@yahoo.com','Colombiana'),(1112,'Carolina','Andrés','Rodríguez','Ruiz','1985-11-28','F',14,'carolina.rodríguez7969@outlook.com','Colombiana'),(1113,'Tomás','Teresa','Hernández','Morales','1985-12-08','M',2,'tomás.hernández0063@hotmail.com','Colombiana'),(1114,'Natalia','Alejandro','Torres','Quintero','2005-12-04','F',12,'natalia.torres7055@unal.edu.co','Colombiana'),(1115,'Carolina','Marcela','Ortega','Torres','1994-03-10','F',4,'carolina.ortega7784@outlook.com','Colombiana'),(1116,'Ángela',NULL,'Salazar','Bautista','2003-09-09','F',9,'ángela.salazar5206@yahoo.com','Colombiana'),(1117,'Andrea','Elena','Rodríguez','Valencia','1990-02-18','F',14,'andrea.rodríguez9945@uniandes.edu.co','Colombiana'),(1118,'Cristian',NULL,'Ramírez','Ruiz','1995-02-13','M',4,'cristian.ramírez6084@outlook.com','Venezolana'),(1119,'Sara','Lucía','Castro','Montoya','1986-03-18','F',4,'sara.castro9989@outlook.com','Colombiana'),(1120,'Andrés','Eduardo','Mejía','Rojas','1985-04-23','M',14,'andrés.mejía6111@hotmail.com','Colombiana'),(1121,'Camilo',NULL,'López','Gómez','1999-07-31','M',13,'camilo.lópez4959@outlook.com','Colombiana'),(1122,'Sara','Antonio','Pérez','Herrera','2000-03-14','F',12,'sara.pérez8973@gmail.com','Colombiana'),(1123,'José',NULL,'Gómez','Zapata','1992-07-18','M',14,'josé.gómez8385@uniandes.edu.co','Colombiana'),(1124,'Fernando','Andrés','Ortega','Ruiz','1981-06-11','M',6,'fernando.ortega4224@yahoo.com','Colombiana'),(1125,'Daniel',NULL,'Castro','Zapata','1991-07-11','M',9,'daniel.castro7918@unal.edu.co','Venezolana'),(1126,'Ángela',NULL,'Rodríguez','Cruz','1986-09-06','F',14,'ángela.rodríguez2989@uniandes.edu.co','Colombiana'),(1127,'Sara','Teresa','Morales','Torres','1999-01-25','F',9,'sara.morales5481@unal.edu.co','Colombiana'),(1128,'Esteban','Eduardo','Ortega','Morales','1981-12-10','M',4,'esteban.ortega9130@hotmail.com','Colombiana'),(1129,'Diana','Isabel','Rodríguez','Zapata','1985-06-06','F',10,'diana.rodríguez3911@outlook.com','Venezolana'),(1130,'Nicolás','Manuel','Ruiz','Reyes','2001-01-19','M',2,'nicolás.ruiz8670@yahoo.com','Colombiana'),(1131,'Ángela',NULL,'Rodríguez','Torres','1991-09-02','F',12,'ángela.rodríguez0327@uniandes.edu.co','Colombiana'),(1132,'Isabella','Teresa','Torres','Quintero','1987-04-02','F',7,'isabella.torres8392@hotmail.com','Colombiana'),(1133,'Miguel',NULL,'Rodríguez','Ruiz','2001-05-19','M',4,'miguel.rodríguez3231@gmail.com','Ecuatoriana'),(1134,'Sara',NULL,'Rodríguez','Rojas','1997-01-11','F',2,'sara.rodríguez6862@hotmail.com','Colombiana'),(1135,'José','Martín','Martínez','Ríos','1989-04-09','M',13,'josé.martínez6247@gmail.com','Venezolana'),(1136,'Fernando',NULL,'Hernández','Torres','1999-07-26','M',10,'fernando.hernández8318@yahoo.com','Colombiana'),(1137,'Nicolás',NULL,'Hernández','Mendoza','1997-09-10','M',8,'nicolás.hernández1091@unal.edu.co','Colombiana'),(1138,'Daniel',NULL,'Ramírez','Rojas','2005-09-20','M',6,'daniel.ramírez7331@uniandes.edu.co','Colombiana'),(1139,'Nicolás','Andrés','Pérez','Torres','1993-06-20','M',11,'nicolás.pérez9129@gmail.com','Colombiana'),(1140,'Camilo',NULL,'Gómez','Torres','2002-02-14','M',3,'camilo.gómez9392@gmail.com','Colombiana'),(1141,'Laura',NULL,'Castro','Torres','1992-05-06','F',13,'laura.castro2119@unal.edu.co','Venezolana'),(1142,'Diana','Alejandra','Vargas','Bautista','1983-02-10','F',4,'diana.vargas4969@gmail.com','Colombiana'),(1143,'Miguel','Cristina','Rodríguez','Cruz','2002-10-16','M',12,'miguel.rodríguez6752@uniandes.edu.co','Colombiana'),(1144,'Camila','Javier','Ruiz','Quintero','2004-10-24','F',9,'camila.ruiz1137@uniandes.edu.co','Colombiana'),(1145,'Fernando',NULL,'Morales','Quintero','2003-01-16','M',10,'fernando.morales0209@hotmail.com','Colombiana'),(1146,'Sebastián','Cristina','López','Zapata','2001-07-05','M',4,'sebastián.lópez0542@uniandes.edu.co','Colombiana'),(1147,'Juliana','Beatriz','Pérez','Ortega','1994-10-16','F',6,'juliana.pérez7101@yahoo.com','Colombiana'),(1148,'Luis','Manuel','Salazar','Zapata','1999-02-02','M',9,'luis.salazar5574@unal.edu.co','Colombiana'),(1149,'Sebastián',NULL,'Morales','Herrera','1990-03-22','M',1,'sebastián.morales6137@yahoo.com','Colombiana'),(1150,'Andrea','Manuel','Salazar','Rojas','1986-10-04','F',11,'andrea.salazar1235@yahoo.com','Colombiana'),(1151,'Juliana','Patricia','Castaño','Reyes','1994-01-20','F',15,'juliana.castaño3676@outlook.com','Colombiana'),(1152,'Valentina','Andrés','González','Zapata','1988-04-01','F',8,'valentina.gonzález7034@unal.edu.co','Colombiana'),(1153,'Fernanda','Marcela','Castro','Gómez','1986-10-11','F',4,'fernanda.castro5823@gmail.com','Colombiana'),(1154,'Daniela',NULL,'López','Mendoza','1998-10-01','F',11,'daniela.lópez2072@yahoo.com','Venezolana'),(1155,'Daniela','Antonio','Torres','Cruz','1998-06-28','F',15,'daniela.torres0530@gmail.com','Colombiana'),(1156,'Daniela','José','Ramírez','Valencia','1990-02-16','F',4,'daniela.ramírez7273@hotmail.com','Colombiana'),(1157,'Nicolás','Eduardo','Rodríguez','Bautista','1987-08-25','M',13,'nicolás.rodríguez7038@unal.edu.co','Colombiana'),(1158,'Daniel','José','Torres','Reyes','1987-01-09','M',8,'daniel.torres6324@hotmail.com','Colombiana'),(1159,'Valentina',NULL,'Salazar','Morales','1991-07-04','F',1,'valentina.salazar8517@yahoo.com','Colombiana'),(1160,'Tomás','Ricardo','Ortega','Ríos','1995-12-14','M',13,'tomás.ortega1035@uniandes.edu.co','Colombiana'),(1161,'Nicolás','Lucía','Vargas','Vargas','1994-09-12','M',12,'nicolás.vargas8392@unal.edu.co','Venezolana'),(1162,'Sara','Beatriz','Pérez','Mejía','1987-01-19','F',8,'sara.pérez6792@unal.edu.co','Colombiana'),(1163,'Sofía','Cristina','Ortega','Bautista','1988-03-11','F',8,'sofía.ortega8892@unal.edu.co','Colombiana'),(1164,'Lucía',NULL,'Navarro','Herrera','2004-05-06','F',13,'lucía.navarro0614@hotmail.com','Colombiana'),(1165,'Carlos','Isabel','Ruiz','Ruiz','2000-05-15','M',4,'carlos.ruiz5789@unal.edu.co','Colombiana'),(1166,'Camila',NULL,'González','Gómez','1988-12-12','F',1,'camila.gonzález9702@uniandes.edu.co','Colombiana'),(1167,'Daniel',NULL,'Morales','Herrera','1993-02-17','M',12,'daniel.morales0238@unal.edu.co','Colombiana'),(1168,'Eliana',NULL,'Torres','Rojas','1987-12-15','F',10,'eliana.torres2231@outlook.com','Colombiana'),(1169,'Juan','Martín','Castaño','Cruz','1981-04-12','M',8,'juan.castaño6167@yahoo.com','Colombiana'),(1170,'Camila','Felipe','Salazar','Gómez','2004-06-16','F',6,'camila.salazar6043@outlook.com','Colombiana'),(1171,'Nicolás','Cristina','Mejía','Herrera','1989-05-08','M',11,'nicolás.mejía3026@hotmail.com','Colombiana'),(1172,'Juan','Alejandra','Navarro','Ortega','1984-10-07','M',3,'juan.navarro4845@yahoo.com','Colombiana'),(1173,'Eliana',NULL,'García','Ortega','1985-03-27','F',2,'eliana.garcía1584@outlook.com','Colombiana'),(1174,'Cristian','Elena','Mejía','Gómez','2000-09-18','M',6,'cristian.mejía3966@unal.edu.co','Venezolana'),(1175,'Daniela','Cristina','Ortega','Salazar','1992-04-30','F',13,'daniela.ortega3246@outlook.com','Colombiana'),(1176,'Camilo',NULL,'Ortega','Herrera','2004-01-14','M',2,'camilo.ortega9763@gmail.com','Colombiana'),(1177,'Manuela',NULL,'Castro','Zapata','1996-01-22','F',11,'manuela.castro6823@unal.edu.co','Colombiana'),(1178,'Laura','Isabel','Martínez','Mejía','1986-12-06','F',15,'laura.martínez8539@hotmail.com','Colombiana'),(1179,'Natalia','Andrés','Pérez','Quintero','2003-11-29','F',5,'natalia.pérez5687@gmail.com','Colombiana'),(1180,'Andrea',NULL,'Rodríguez','Torres','1987-04-04','F',14,'andrea.rodríguez9265@uniandes.edu.co','Colombiana'),(1181,'Julián','Isabel','Hernández','Patiño','2001-08-07','M',2,'julián.hernández8846@yahoo.com','Colombiana'),(1182,'David','José','López','Reyes','1998-03-08','M',1,'david.lópez3173@hotmail.com','Colombiana'),(1183,'Juan','Elena','Sánchez','Mendoza','2003-11-08','M',15,'juan.sánchez3258@yahoo.com','Colombiana'),(1184,'Mateo',NULL,'Hernández','Torres','2004-01-02','M',10,'mateo.hernández5941@outlook.com','Colombiana'),(1185,'Sebastián','Javier','García','Montoya','2005-10-14','M',3,'sebastián.garcía7673@yahoo.com','Colombiana'),(1186,'Daniel','Manuel','Martínez','Ruiz','1988-03-19','M',6,'daniel.martínez5886@yahoo.com','Colombiana'),(1187,'Carlos',NULL,'Ruiz','Morales','1985-02-22','M',11,'carlos.ruiz6903@yahoo.com','Colombiana'),(1188,'Sebastián','Martín','Sánchez','Salazar','1986-11-22','M',1,'sebastián.sánchez6732@unal.edu.co','Colombiana'),(1189,'Isabella',NULL,'Mejía','Gómez','1994-03-02','F',15,'isabella.mejía5417@gmail.com','Colombiana'),(1190,'Natalia','José','Mejía','Gómez','1993-02-25','F',15,'natalia.mejía3809@hotmail.com','Colombiana'),(1191,'Diana',NULL,'Castaño','Montoya','1985-02-18','F',10,'diana.castaño9892@hotmail.com','Colombiana'),(1192,'Ángela','Cristina','Torres','Zapata','1981-07-28','F',11,'ángela.torres6209@yahoo.com','Colombiana'),(1193,'María',NULL,'Ruiz','Salazar','1991-03-17','F',6,'maría.ruiz7579@hotmail.com','Colombiana'),(1194,'Camilo','Isabel','Castaño','Morales','1997-10-10','M',3,'camilo.castaño8507@outlook.com','Venezolana'),(1195,'Tomás','Marcela','Ortega','Torres','2003-11-08','M',6,'tomás.ortega4603@unal.edu.co','Colombiana'),(1196,'David',NULL,'Rodríguez','Mendoza','2005-02-07','M',15,'david.rodríguez2255@outlook.com','Colombiana'),(1197,'Tomás','Beatriz','Hernández','Montoya','1997-05-21','M',1,'tomás.hernández2261@gmail.com','Colombiana'),(1198,'Andrea',NULL,'Ruiz','Zapata','1999-09-27','F',2,'andrea.ruiz1531@hotmail.com','Colombiana'),(1199,'Isabella','Martín','Pérez','Ríos','1984-05-08','F',14,'isabella.pérez6989@yahoo.com','Colombiana'),(1200,'Andrea','Alejandro','Torres','Salazar','1998-01-26','F',2,'andrea.torres5734@uniandes.edu.co','Colombiana'),(1201,'Julián','Beatriz','Pérez','Ortega','2005-05-22','M',15,'julián.pérez8431@outlook.com','Colombiana'),(1202,'Lucía',NULL,'Sánchez','Valencia','1989-11-19','F',7,'lucía.sánchez2839@outlook.com','Colombiana'),(1203,'Fernanda',NULL,'Gómez','Salazar','1994-11-02','F',9,'fernanda.gómez2181@hotmail.com','Colombiana'),(1204,'Carlos',NULL,'Martínez','Mendoza','1980-10-13','M',13,'carlos.martínez8620@outlook.com','Colombiana'),(1205,'Eliana','Eduardo','Vargas','Ríos','1995-10-20','F',9,'eliana.vargas2277@outlook.com','Colombiana'),(1206,'Natalia','Javier','García','Herrera','2003-07-04','F',1,'natalia.garcía5087@uniandes.edu.co','Colombiana'),(1207,'Lucía','Rocío','Salazar','Ortega','2000-09-04','F',14,'lucía.salazar2939@gmail.com','Colombiana'),(1208,'Isabella',NULL,'García','Ríos','1992-05-24','F',4,'isabella.garcía0710@yahoo.com','Colombiana'),(1209,'Santiago','Antonio','Morales','Cruz','1993-06-18','M',11,'santiago.morales0022@hotmail.com','Colombiana'),(1210,'Carlos','Elena','Mejía','Morales','1983-07-10','M',2,'carlos.mejía2663@yahoo.com','Colombiana'),(1211,'Andrea','Patricia','López','Salazar','1996-09-22','F',11,'andrea.lópez8142@gmail.com','Colombiana'),(1212,'Luis',NULL,'Martínez','Salazar','2002-08-22','M',10,'luis.martínez7449@gmail.com','Colombiana'),(1213,'Miguel',NULL,'González','Vargas','1990-07-31','M',14,'miguel.gonzález1462@unal.edu.co','Colombiana'),(1214,'Juan',NULL,'Hernández','Bautista','1984-03-25','M',7,'juan.hernández2808@yahoo.com','Colombiana'),(1215,'Eliana','Rocío','González','Zapata','1990-06-15','F',7,'eliana.gonzález8413@gmail.com','Colombiana'),(1216,'Mateo','Patricia','Castro','Valencia','1983-01-15','M',13,'mateo.castro3328@outlook.com','Colombiana'),(1217,'Eliana',NULL,'Castro','Ruiz','1989-07-04','F',6,'eliana.castro4575@outlook.com','Colombiana'),(1218,'Camila',NULL,'Salazar','Quintero','2005-01-17','F',6,'camila.salazar6013@gmail.com','Colombiana'),(1219,'Juliana','Cristina','Martínez','Valencia','1999-12-21','F',6,'juliana.martínez4366@yahoo.com','Colombiana'),(1220,'Fernando',NULL,'Torres','Herrera','1988-02-07','M',15,'fernando.torres9647@yahoo.com','Colombiana'),(1221,'Laura',NULL,'Salazar','Montoya','2003-05-16','F',1,'laura.salazar4281@hotmail.com','Venezolana'),(1222,'Andrea','Felipe','Gómez','Quintero','1997-09-25','F',6,'andrea.gómez0564@outlook.com','Colombiana'),(1223,'Nicolás',NULL,'Vargas','Reyes','1980-02-14','M',6,'nicolás.vargas0135@gmail.com','Colombiana'),(1224,'José','José','Martínez','Morales','1981-02-22','M',7,'josé.martínez0348@gmail.com','Colombiana'),(1225,'Mateo',NULL,'Pérez','Quintero','1993-05-26','M',13,'mateo.pérez0598@uniandes.edu.co','Colombiana'),(1226,'Lucía',NULL,'López','Bautista','1981-03-17','F',1,'lucía.lópez0690@outlook.com','Venezolana'),(1227,'Isabella','Isabel','Vargas','Mendoza','1986-01-28','F',14,'isabella.vargas9214@yahoo.com','Colombiana'),(1228,'Daniela','José','García','Patiño','1997-07-11','F',5,'daniela.garcía2612@outlook.com','Colombiana'),(1229,'Andrea',NULL,'Martínez','Ríos','1982-11-16','F',2,'andrea.martínez8898@gmail.com','Colombiana'),(1230,'Valentina','Rocío','Rodríguez','Ríos','1982-03-06','F',4,'valentina.rodríguez3689@unal.edu.co','Colombiana'),(1231,'Natalia','Beatriz','Ruiz','Morales','1991-09-03','F',8,'natalia.ruiz0778@gmail.com','Colombiana'),(1232,'Manuela',NULL,'Hernández','Bautista','1984-01-08','F',7,'manuela.hernández9182@gmail.com','Colombiana'),(1233,'María','Patricia','Morales','Bautista','1988-09-03','F',10,'maría.morales9257@unal.edu.co','Colombiana'),(1234,'Luis',NULL,'Hernández','Ortega','2001-08-13','M',14,'luis.hernández4451@uniandes.edu.co','Colombiana'),(1235,'Mateo','Patricia','Ortega','Gómez','1981-05-04','M',14,'mateo.ortega9583@unal.edu.co','Colombiana'),(1236,'Esteban','Patricia','Ramírez','Gómez','1992-08-17','M',11,'esteban.ramírez1060@gmail.com','Colombiana'),(1237,'Juan','Teresa','Salazar','Torres','2001-10-31','M',10,'juan.salazar5541@outlook.com','Colombiana'),(1238,'Carolina','Martín','Castaño','Bautista','1990-02-11','F',6,'carolina.castaño7432@unal.edu.co','Colombiana'),(1239,'Ángela','José','Hernández','Cruz','2000-10-15','F',10,'ángela.hernández8622@yahoo.com','Colombiana'),(1240,'Paula',NULL,'Castaño','Mejía','1983-08-12','F',8,'paula.castaño4198@uniandes.edu.co','Colombiana'),(1241,'Tomás','Lucía','Ruiz','Patiño','1982-07-10','M',8,'tomás.ruiz4593@gmail.com','Venezolana'),(1242,'Carolina','Alejandra','García','Salazar','1981-02-01','F',7,'carolina.garcía2517@gmail.com','Colombiana'),(1243,'Paula','Rocío','Torres','Ortega','1991-03-05','F',11,'paula.torres2997@outlook.com','Colombiana'),(1244,'Andrés','Javier','Morales','Ruiz','1986-04-01','M',5,'andrés.morales0448@unal.edu.co','Colombiana'),(1245,'Mateo',NULL,'González','Mejía','1998-12-13','M',2,'mateo.gonzález2249@yahoo.com','Colombiana'),(1246,'Santiago','Marcela','Hernández','Zapata','1996-04-28','M',4,'santiago.hernández5372@uniandes.edu.co','Colombiana'),(1247,'Julián',NULL,'Castro','Gómez','1998-07-06','M',12,'julián.castro8146@yahoo.com','Venezolana'),(1248,'Mateo','Patricia','Hernández','Ríos','2000-03-23','M',9,'mateo.hernández3203@outlook.com','Colombiana'),(1249,'Andrés','Lucía','Salazar','Patiño','1980-07-23','M',1,'andrés.salazar6369@gmail.com','Colombiana'),(1250,'Daniela','Marcela','García','Quintero','1990-08-07','F',3,'daniela.garcía9634@unal.edu.co','Colombiana'),(1251,'Julián',NULL,'Mejía','Zapata','1998-12-16','M',14,'julián.mejía5738@uniandes.edu.co','Colombiana'),(1252,'Sara',NULL,'Vargas','Ortega','1995-10-24','F',4,'sara.vargas4358@hotmail.com','Venezolana'),(1253,'Santiago','Manuel','Rodríguez','Rojas','1996-03-05','M',2,'santiago.rodríguez2345@outlook.com','Colombiana'),(1254,'Carolina',NULL,'Ruiz','Bautista','1989-03-04','F',2,'carolina.ruiz2798@hotmail.com','Venezolana'),(1255,'Camila',NULL,'Mejía','Zapata','2005-10-28','F',12,'camila.mejía4057@gmail.com','Colombiana'),(1256,'Juan','Cristina','Ruiz','Zapata','2004-06-25','M',2,'juan.ruiz9487@yahoo.com','Colombiana'),(1257,'María',NULL,'García','Zapata','1991-09-05','F',13,'maría.garcía5364@hotmail.com','Colombiana'),(1258,'Miguel','Javier','Morales','Ríos','2003-02-21','M',1,'miguel.morales5659@gmail.com','Colombiana'),(1259,'Juan',NULL,'Sánchez','Vargas','1988-03-22','M',15,'juan.sánchez4783@hotmail.com','Colombiana'),(1260,'Juliana','Cristina','García','Ortega','1993-08-11','F',15,'juliana.garcía1829@hotmail.com','Colombiana'),(1261,'Fernando',NULL,'Mejía','Mendoza','1994-02-12','M',8,'fernando.mejía4972@yahoo.com','Colombiana'),(1262,'Sara',NULL,'Pérez','Quintero','1980-06-03','F',3,'sara.pérez2998@hotmail.com','Colombiana'),(1263,'Mateo','Elena','García','Valencia','2000-11-23','M',9,'mateo.garcía0917@gmail.com','Colombiana'),(1264,'Lucía','Patricia','Morales','Torres','1995-01-19','F',11,'lucía.morales1700@gmail.com','Colombiana'),(1265,'José',NULL,'López','Mendoza','1985-01-24','M',14,'josé.lópez7540@outlook.com','Colombiana'),(1266,'Manuela',NULL,'López','Cruz','1986-01-05','F',8,'manuela.lópez4527@unal.edu.co','Colombiana'),(1267,'Cristian','José','García','Patiño','1993-10-14','M',8,'cristian.garcía0482@unal.edu.co','Colombiana'),(1268,'Camilo',NULL,'Ramírez','Morales','1982-01-05','M',11,'camilo.ramírez1318@hotmail.com','Colombiana'),(1269,'Sara',NULL,'García','Patiño','1994-06-05','F',8,'sara.garcía1473@gmail.com','Colombiana'),(1270,'Andrea','Beatriz','López','Ruiz','1990-07-11','F',10,'andrea.lópez2441@gmail.com','Venezolana'),(1271,'Daniel','Eduardo','Mejía','Rojas','1999-06-23','M',11,'daniel.mejía8596@gmail.com','Colombiana'),(1272,'Valentina','Eduardo','Castaño','Herrera','2001-08-01','F',14,'valentina.castaño7557@outlook.com','Colombiana'),(1273,'Juan',NULL,'García','Morales','2001-05-19','M',10,'juan.garcía9291@outlook.com','Colombiana'),(1274,'Juan',NULL,'Ruiz','Torres','2003-07-18','M',7,'juan.ruiz6088@outlook.com','Colombiana'),(1275,'Laura','Cristina','Torres','Cruz','1988-09-21','F',1,'laura.torres3713@yahoo.com','Colombiana'),(1276,'Andrés','Alejandro','Hernández','Vargas','1987-01-02','M',7,'andrés.hernández8273@outlook.com','Colombiana'),(1277,'Fernando',NULL,'Navarro','Gómez','2003-01-29','M',14,'fernando.navarro2663@uniandes.edu.co','Colombiana'),(1278,'Gabriela','Alejandro','Rodríguez','Ríos','2000-08-16','F',4,'gabriela.rodríguez1156@outlook.com','Colombiana'),(1279,'Lucía','Lucía','Rodríguez','Patiño','1987-02-21','F',8,'lucía.rodríguez8921@unal.edu.co','Colombiana'),(1280,'Sofía',NULL,'Ramírez','Gómez','1986-03-15','F',8,'sofía.ramírez6579@unal.edu.co','Colombiana'),(1281,'Manuela','Javier','Navarro','Mendoza','1995-10-06','F',2,'manuela.navarro3414@yahoo.com','Colombiana'),(1282,'Mateo',NULL,'Ramírez','Morales','1987-05-25','M',9,'mateo.ramírez7361@uniandes.edu.co','Colombiana'),(1283,'Paula','Beatriz','Ruiz','Morales','1983-12-02','F',5,'paula.ruiz4092@unal.edu.co','Colombiana'),(1284,'Eliana','Ricardo','Morales','Ríos','2005-05-06','F',14,'eliana.morales5661@yahoo.com','Venezolana'),(1285,'Isabella',NULL,'Salazar','Valencia','1994-09-22','F',13,'isabella.salazar5349@yahoo.com','Venezolana'),(1286,'Daniel','Alejandro','Morales','Torres','2005-06-23','M',9,'daniel.morales2686@hotmail.com','Colombiana'),(1287,'Jorge',NULL,'Mejía','Bautista','1986-08-26','M',14,'jorge.mejía0390@hotmail.com','Colombiana'),(1288,'Fernando','Andrés','Castaño','Rojas','1987-10-30','M',12,'fernando.castaño3732@yahoo.com','Colombiana'),(1289,'Juliana',NULL,'Morales','Cruz','1981-01-29','F',8,'juliana.morales5927@yahoo.com','Colombiana'),(1290,'Camilo',NULL,'Sánchez','Ríos','1998-01-20','M',2,'camilo.sánchez4616@outlook.com','Colombiana'),(1291,'María',NULL,'Ortega','Mejía','1987-02-05','F',2,'maría.ortega2594@hotmail.com','Colombiana'),(1292,'Sofía','Elena','González','Salazar','1993-01-30','F',10,'sofía.gonzález1207@gmail.com','Colombiana'),(1293,'Santiago','Ricardo','Morales','Quintero','1998-08-12','M',8,'santiago.morales0427@gmail.com','Colombiana'),(1294,'Fernando','José','López','Montoya','1987-12-06','M',6,'fernando.lópez0054@gmail.com','Colombiana'),(1295,'Andrea','Javier','López','Herrera','1982-09-28','F',9,'andrea.lópez9127@outlook.com','Colombiana'),(1296,'Manuela','Eduardo','Gómez','Gómez','1993-07-05','F',2,'manuela.gómez1334@gmail.com','Colombiana'),(1297,'Mateo','Patricia','Morales','Quintero','1983-09-13','M',5,'mateo.morales1866@unal.edu.co','Colombiana'),(1298,'Camila',NULL,'Rodríguez','Montoya','1998-01-11','F',9,'camila.rodríguez9190@unal.edu.co','Colombiana'),(1299,'Juliana','Felipe','Ramírez','Herrera','1993-09-05','F',13,'juliana.ramírez2836@yahoo.com','Colombiana'),(1300,'David','Marcela','Castaño','Torres','1986-03-16','M',11,'david.castaño0197@hotmail.com','Colombiana'),(1301,'Daniela','Felipe','López','Herrera','1984-08-07','F',9,'daniela.lópez2199@unal.edu.co','Colombiana'),(1302,'David','José','Hernández','Bautista','2005-01-08','M',9,'david.hernández7311@uniandes.edu.co','Colombiana'),(1303,'Ángela',NULL,'Ramírez','Mendoza','1981-03-27','F',6,'ángela.ramírez8615@gmail.com','Colombiana'),(1304,'Tomás',NULL,'Hernández','Cruz','1988-01-10','M',13,'tomás.hernández3259@uniandes.edu.co','Colombiana'),(1305,'Sofía','Felipe','Torres','Herrera','2000-05-01','F',10,'sofía.torres7676@hotmail.com','Colombiana'),(1306,'Miguel','Alejandro','Gómez','Montoya','1983-12-26','M',15,'miguel.gómez0592@yahoo.com','Colombiana'),(1307,'Sebastián','Antonio','Ruiz','Zapata','1984-05-14','M',13,'sebastián.ruiz3145@gmail.com','Colombiana'),(1308,'Fernando',NULL,'Vargas','Rojas','1993-08-22','M',7,'fernando.vargas9626@outlook.com','Colombiana'),(1309,'Fernando','Teresa','Mejía','Valencia','1981-06-15','M',3,'fernando.mejía4077@yahoo.com','Colombiana'),(1310,'Juan',NULL,'Mejía','Ortega','1988-04-16','M',1,'juan.mejía2750@hotmail.com','Colombiana'),(1311,'Carlos',NULL,'García','Mejía','2005-05-09','M',14,'carlos.garcía8352@outlook.com','Colombiana'),(1312,'María',NULL,'Rodríguez','Ruiz','1990-11-14','F',4,'maría.rodríguez6699@gmail.com','Colombiana'),(1313,'Carlos',NULL,'Ramírez','Torres','1993-10-29','M',1,'carlos.ramírez4512@unal.edu.co','Colombiana'),(1314,'Manuela','Teresa','Navarro','Valencia','2003-07-18','F',14,'manuela.navarro8845@uniandes.edu.co','Colombiana'),(1315,'Valentina',NULL,'González','Torres','2003-02-22','F',2,'valentina.gonzález7195@yahoo.com','Colombiana'),(1316,'Julián',NULL,'Ortega','Herrera','1997-02-13','M',5,'julián.ortega5864@yahoo.com','Colombiana'),(1317,'Santiago','Isabel','Navarro','Torres','1983-07-26','M',4,'santiago.navarro3391@outlook.com','Colombiana'),(1318,'Felipe',NULL,'Navarro','Montoya','1986-11-06','M',11,'felipe.navarro2319@hotmail.com','Ecuatoriana'),(1319,'Esteban',NULL,'Martínez','Morales','1996-08-30','M',7,'esteban.martínez6056@gmail.com','Colombiana'),(1320,'Valentina','Alejandro','Gómez','Montoya','2004-12-25','F',2,'valentina.gómez2535@hotmail.com','Colombiana'),(1321,'Esteban',NULL,'Castro','Herrera','2000-08-04','M',8,'esteban.castro1598@hotmail.com','Ecuatoriana'),(1322,'Eliana',NULL,'Mejía','Bautista','1983-11-12','F',6,'eliana.mejía2199@unal.edu.co','Venezolana'),(1323,'Laura',NULL,'Salazar','Quintero','1987-02-20','F',12,'laura.salazar8637@hotmail.com','Colombiana'),(1324,'Eliana','Isabel','Pérez','Ríos','1980-03-04','F',14,'eliana.pérez9981@yahoo.com','Colombiana'),(1325,'Andrea','Elena','García','Bautista','1986-07-23','F',15,'andrea.garcía8195@hotmail.com','Colombiana'),(1326,'David','José','Ortega','Zapata','1980-04-11','M',7,'david.ortega4586@outlook.com','Colombiana'),(1327,'Fernanda','Antonio','Gómez','Vargas','1980-06-18','F',7,'fernanda.gómez7332@unal.edu.co','Colombiana'),(1328,'Isabella',NULL,'Ortega','Bautista','1993-04-14','F',11,'isabella.ortega4600@uniandes.edu.co','Colombiana'),(1329,'José','Teresa','García','Morales','1999-10-04','M',3,'josé.garcía3583@unal.edu.co','Colombiana'),(1330,'Luis','Patricia','Rodríguez','Torres','1982-03-21','M',14,'luis.rodríguez7690@unal.edu.co','Colombiana'),(1331,'Sara','Cristina','Salazar','Cruz','2003-05-01','F',10,'sara.salazar6000@outlook.com','Colombiana'),(1332,'Diana',NULL,'Vargas','Patiño','1991-01-06','F',13,'diana.vargas7995@uniandes.edu.co','Colombiana'),(1333,'Juan','Beatriz','Ortega','Rojas','1992-10-09','M',10,'juan.ortega6946@gmail.com','Colombiana'),(1334,'Juliana','Andrés','Ortega','Herrera','1995-12-22','F',13,'juliana.ortega6227@outlook.com','Colombiana'),(1335,'Julián',NULL,'Castro','Patiño','1994-02-22','M',4,'julián.castro2088@hotmail.com','Colombiana'),(1336,'Luis','Eduardo','Hernández','Mejía','1984-02-15','M',2,'luis.hernández7157@gmail.com','Colombiana'),(1337,'Sebastián','Eduardo','Navarro','Reyes','1982-05-07','M',3,'sebastián.navarro2938@outlook.com','Venezolana'),(1338,'José','Javier','Navarro','Cruz','2004-01-27','M',1,'josé.navarro9364@yahoo.com','Colombiana'),(1339,'Fernanda','Beatriz','Mejía','Quintero','1988-04-01','F',15,'fernanda.mejía1502@uniandes.edu.co','Colombiana'),(1340,'Camila','Antonio','Hernández','Ortega','1988-03-08','F',14,'camila.hernández5220@unal.edu.co','Colombiana'),(1341,'Diana',NULL,'Navarro','Salazar','1980-04-09','F',15,'diana.navarro5789@yahoo.com','Colombiana'),(1342,'Camila',NULL,'González','Quintero','1986-08-13','F',4,'camila.gonzález4905@uniandes.edu.co','Colombiana'),(1343,'Diana','Manuel','Ruiz','Ruiz','1998-09-05','F',12,'diana.ruiz5970@uniandes.edu.co','Colombiana'),(1344,'Miguel','Rocío','Castaño','Patiño','1983-12-18','M',13,'miguel.castaño6231@unal.edu.co','Colombiana'),(1345,'Andrés','Beatriz','Gómez','Mendoza','2001-07-07','M',8,'andrés.gómez7344@outlook.com','Colombiana'),(1346,'Paula',NULL,'Navarro','Reyes','1998-12-03','F',3,'paula.navarro2387@gmail.com','Colombiana'),(1347,'Esteban','Alejandra','Salazar','Zapata','2000-04-27','M',14,'esteban.salazar1486@hotmail.com','Colombiana'),(1348,'Juliana','Cristina','Hernández','Salazar','1980-01-26','F',11,'juliana.hernández4152@gmail.com','Colombiana'),(1349,'Santiago','Alejandra','Castro','Vargas','1986-02-21','M',14,'santiago.castro3940@outlook.com','Colombiana'),(1350,'Jorge',NULL,'Ortega','Quintero','1984-12-19','M',14,'jorge.ortega1644@outlook.com','Colombiana'),(1351,'María',NULL,'García','Zapata','2002-01-02','F',2,'maría.garcía5487@outlook.com','Colombiana'),(1352,'Santiago','Beatriz','Ortega','Valencia','1982-08-11','M',6,'santiago.ortega8459@yahoo.com','Colombiana'),(1353,'Cristian','Teresa','Torres','Quintero','2002-11-14','M',14,'cristian.torres8381@unal.edu.co','Colombiana'),(1354,'Camilo','Ricardo','Rodríguez','Torres','1997-04-10','M',14,'camilo.rodríguez2428@outlook.com','Colombiana'),(1355,'David','Martín','Pérez','Ortega','1981-03-09','M',13,'david.pérez2060@yahoo.com','Colombiana'),(1356,'Juliana','Rocío','Ortega','Reyes','1992-07-31','F',11,'juliana.ortega1909@unal.edu.co','Venezolana'),(1357,'Carolina','Alejandra','González','Vargas','2004-05-25','F',9,'carolina.gonzález0712@unal.edu.co','Colombiana'),(1358,'Jorge',NULL,'Torres','Ruiz','1983-06-22','M',15,'jorge.torres1777@hotmail.com','Colombiana'),(1359,'Laura',NULL,'Castaño','Reyes','1994-09-02','F',4,'laura.castaño7180@yahoo.com','Colombiana'),(1360,'José',NULL,'Ruiz','Montoya','2001-06-04','M',11,'josé.ruiz6580@uniandes.edu.co','Ecuatoriana'),(1361,'Felipe','Isabel','Ramírez','Zapata','1989-02-07','M',8,'felipe.ramírez1971@yahoo.com','Colombiana'),(1362,'Julián',NULL,'Gómez','Ríos','1991-07-06','M',8,'julián.gómez7959@unal.edu.co','Colombiana'),(1363,'Sara','Teresa','Gómez','Montoya','1988-09-26','F',4,'sara.gómez1000@hotmail.com','Colombiana'),(1364,'Miguel','Cristina','García','Salazar','1982-03-25','M',4,'miguel.garcía2135@uniandes.edu.co','Colombiana'),(1365,'Julián',NULL,'Ruiz','Reyes','1997-03-12','M',3,'julián.ruiz7676@yahoo.com','Venezolana'),(1366,'Valentina','Teresa','González','Gómez','1987-05-04','F',4,'valentina.gonzález9930@gmail.com','Colombiana'),(1367,'Gabriela',NULL,'Gómez','Zapata','1990-11-06','F',12,'gabriela.gómez9300@hotmail.com','Colombiana'),(1368,'Fernando','Manuel','Torres','Patiño','2004-04-02','M',7,'fernando.torres1752@gmail.com','Colombiana'),(1369,'Daniela',NULL,'Pérez','Valencia','1982-03-25','F',8,'daniela.pérez2835@gmail.com','Colombiana'),(1370,'Valentina','Elena','Gómez','Ortega','1990-03-29','F',14,'valentina.gómez8659@gmail.com','Colombiana'),(1371,'Santiago',NULL,'Rodríguez','Bautista','2000-07-15','M',5,'santiago.rodríguez6223@uniandes.edu.co','Colombiana'),(1372,'María','Patricia','Vargas','Ortega','1989-11-18','F',2,'maría.vargas2884@outlook.com','Colombiana'),(1373,'Camila',NULL,'Castro','Mendoza','1993-12-24','F',5,'camila.castro1403@gmail.com','Colombiana'),(1374,'Jorge','Javier','Torres','Morales','1985-09-11','M',14,'jorge.torres4647@uniandes.edu.co','Colombiana'),(1375,'Gabriela',NULL,'Pérez','Zapata','1986-08-12','F',13,'gabriela.pérez7058@uniandes.edu.co','Colombiana'),(1376,'Valentina','Javier','Pérez','Salazar','2001-06-23','F',12,'valentina.pérez0370@uniandes.edu.co','Colombiana'),(1377,'Juan',NULL,'Mejía','Mejía','1984-08-17','M',3,'juan.mejía2573@uniandes.edu.co','Colombiana'),(1378,'Gabriela','Alejandra','López','Zapata','2005-03-07','F',4,'gabriela.lópez6319@outlook.com','Venezolana'),(1379,'Andrés','Eduardo','Mejía','Valencia','2004-03-31','M',3,'andrés.mejía5641@gmail.com','Colombiana'),(1380,'Carlos','Felipe','Ramírez','Valencia','1991-02-22','M',4,'carlos.ramírez2131@uniandes.edu.co','Colombiana'),(1381,'José','Javier','Castaño','Mendoza','1990-08-26','M',14,'josé.castaño3622@unal.edu.co','Colombiana'),(1382,'Andrea','Andrés','Rodríguez','Mejía','1989-03-05','F',4,'andrea.rodríguez4983@hotmail.com','Colombiana'),(1383,'Laura','Ricardo','Mejía','Quintero','2003-08-23','F',6,'laura.mejía5106@uniandes.edu.co','Venezolana'),(1384,'Natalia',NULL,'Castro','Mejía','2003-04-30','F',13,'natalia.castro3089@yahoo.com','Colombiana'),(1385,'Felipe',NULL,'López','Ríos','1995-06-18','M',7,'felipe.lópez1892@gmail.com','Colombiana'),(1386,'Tomás',NULL,'Morales','Quintero','1991-06-22','M',3,'tomás.morales1023@outlook.com','Colombiana'),(1387,'Sofía','Cristina','González','Mejía','1988-09-18','F',13,'sofía.gonzález8919@hotmail.com','Colombiana'),(1388,'Sofía','Beatriz','Mejía','Morales','1986-02-08','F',15,'sofía.mejía3258@yahoo.com','Colombiana'),(1389,'Isabella','Ricardo','Salazar','Ortega','1980-08-04','F',14,'isabella.salazar2679@outlook.com','Colombiana'),(1390,'Eliana','Isabel','Torres','Montoya','1981-11-08','F',12,'eliana.torres6268@yahoo.com','Colombiana'),(1391,'Fernanda','Cristina','Hernández','Bautista','2001-08-10','F',12,'fernanda.hernández9241@gmail.com','Colombiana'),(1392,'Ángela','Eduardo','Castaño','Reyes','2001-11-04','F',15,'ángela.castaño6634@uniandes.edu.co','Colombiana'),(1393,'Sofía','Antonio','Sánchez','Vargas','1982-11-30','F',2,'sofía.sánchez9571@hotmail.com','Colombiana'),(1394,'Sebastián','José','Hernández','Patiño','1992-09-03','M',6,'sebastián.hernández3279@outlook.com','Colombiana'),(1395,'Ángela','Antonio','Vargas','Ortega','1994-05-14','F',1,'ángela.vargas9672@outlook.com','Colombiana'),(1396,'Sara','Patricia','Navarro','Valencia','1987-08-23','F',12,'sara.navarro9451@yahoo.com','Colombiana'),(1397,'Mateo',NULL,'Rodríguez','Herrera','1988-03-05','M',13,'mateo.rodríguez3851@yahoo.com','Colombiana'),(1398,'Fernanda',NULL,'Pérez','Zapata','1996-06-27','F',15,'fernanda.pérez7175@uniandes.edu.co','Venezolana'),(1399,'Miguel',NULL,'Martínez','Mejía','1998-03-14','M',1,'miguel.martínez3421@unal.edu.co','Colombiana'),(1400,'Miguel','Lucía','Torres','Zapata','2002-03-28','M',9,'miguel.torres4126@hotmail.com','Colombiana'),(1401,'Cristian','Manuel','Salazar','Cruz','1992-04-12','M',2,'cristian.salazar3858@unal.edu.co','Colombiana'),(1402,'Sebastián','Marcela','Vargas','Quintero','1987-07-23','M',2,'sebastián.vargas7204@uniandes.edu.co','Colombiana'),(1403,'Santiago',NULL,'Morales','Cruz','1991-02-08','M',8,'santiago.morales9429@hotmail.com','Colombiana'),(1404,'Mateo','Elena','González','Quintero','1990-03-03','M',12,'mateo.gonzález3664@unal.edu.co','Colombiana'),(1405,'Juan','Ricardo','Ramírez','Vargas','1986-03-11','M',3,'juan.ramírez2331@hotmail.com','Colombiana'),(1406,'Sara','Antonio','Salazar','Quintero','1988-02-15','F',12,'sara.salazar0357@outlook.com','Venezolana'),(1407,'Cristian',NULL,'Ruiz','Rojas','1983-04-07','M',6,'cristian.ruiz3451@hotmail.com','Colombiana'),(1408,'Natalia','Isabel','Torres','Rojas','1993-03-26','F',10,'natalia.torres7818@hotmail.com','Colombiana'),(1409,'Lucía',NULL,'Ortega','Valencia','1983-07-23','F',6,'lucía.ortega9875@unal.edu.co','Colombiana'),(1410,'Manuela',NULL,'Ramírez','Ortega','1989-02-06','F',3,'manuela.ramírez5228@unal.edu.co','Colombiana'),(1411,'Camilo','Cristina','Hernández','Quintero','1986-06-07','M',1,'camilo.hernández7905@outlook.com','Colombiana'),(1412,'Manuela',NULL,'Rodríguez','Patiño','2005-02-19','F',11,'manuela.rodríguez6003@gmail.com','Colombiana'),(1413,'Carolina','Beatriz','Vargas','Rojas','1991-02-27','F',7,'carolina.vargas8670@gmail.com','Colombiana'),(1414,'Laura','Beatriz','Ruiz','Torres','1987-04-15','F',12,'laura.ruiz2953@unal.edu.co','Colombiana'),(1415,'Camilo',NULL,'González','Ruiz','1982-02-25','M',13,'camilo.gonzález3187@hotmail.com','Colombiana'),(1416,'Diana',NULL,'Castro','Ríos','1980-08-05','F',10,'diana.castro5631@uniandes.edu.co','Colombiana'),(1417,'José',NULL,'Martínez','Mejía','2005-08-19','M',4,'josé.martínez8772@hotmail.com','Colombiana'),(1418,'Camila',NULL,'Salazar','Quintero','1990-03-03','F',1,'camila.salazar4620@gmail.com','Colombiana'),(1419,'Carlos','Alejandra','Martínez','Ruiz','1999-05-21','M',1,'carlos.martínez7309@hotmail.com','Colombiana'),(1420,'Valentina','Andrés','Ruiz','Quintero','1980-03-11','F',11,'valentina.ruiz9581@uniandes.edu.co','Colombiana'),(1421,'Natalia',NULL,'Pérez','Ortega','1998-12-21','F',15,'natalia.pérez4926@outlook.com','Venezolana'),(1422,'Lucía',NULL,'Martínez','Valencia','1998-10-17','F',4,'lucía.martínez1440@unal.edu.co','Colombiana'),(1423,'José',NULL,'Salazar','Quintero','1990-04-17','M',4,'josé.salazar0785@outlook.com','Colombiana'),(1424,'Camila','Lucía','Hernández','Ríos','1991-12-11','F',11,'camila.hernández5804@unal.edu.co','Colombiana'),(1425,'Diana','Antonio','Navarro','Herrera','1999-08-25','F',15,'diana.navarro6116@uniandes.edu.co','Venezolana'),(1426,'Santiago',NULL,'Morales','Rojas','1991-09-26','M',12,'santiago.morales9933@unal.edu.co','Colombiana'),(1427,'Camilo',NULL,'Ortega','Gómez','1991-07-25','M',4,'camilo.ortega7133@outlook.com','Colombiana'),(1428,'Mateo','Andrés','López','Ruiz','1980-09-05','M',3,'mateo.lópez0958@hotmail.com','Colombiana'),(1429,'Andrea',NULL,'Ruiz','Ortega','2001-08-31','F',3,'andrea.ruiz6500@uniandes.edu.co','Colombiana'),(1430,'Manuela','Andrés','Salazar','Ríos','1997-10-06','F',5,'manuela.salazar1651@uniandes.edu.co','Colombiana'),(1431,'Julián',NULL,'Vargas','Bautista','1991-04-13','M',1,'julián.vargas7358@hotmail.com','Venezolana'),(1432,'Valentina','Andrés','Martínez','Quintero','1984-08-24','F',9,'valentina.martínez7419@outlook.com','Colombiana'),(1433,'Gabriela','Beatriz','Martínez','Torres','2005-10-18','F',15,'gabriela.martínez4812@hotmail.com','Colombiana'),(1434,'Valentina','Manuel','Torres','Zapata','1984-04-29','F',11,'valentina.torres0923@yahoo.com','Colombiana'),(1435,'Manuela','Eduardo','Gómez','Ruiz','1990-09-06','F',5,'manuela.gómez1449@hotmail.com','Colombiana'),(1436,'Esteban','Ricardo','García','Ruiz','1981-10-06','M',9,'esteban.garcía0574@gmail.com','Colombiana'),(1437,'José','Beatriz','Ramírez','Rojas','1987-02-20','M',6,'josé.ramírez1202@uniandes.edu.co','Venezolana'),(1438,'Camila',NULL,'Salazar','Mendoza','2000-01-23','F',11,'camila.salazar4155@uniandes.edu.co','Ecuatoriana'),(1439,'Juliana','Andrés','Castaño','Mendoza','1991-01-18','F',14,'juliana.castaño4348@yahoo.com','Colombiana'),(1440,'Santiago',NULL,'Martínez','Mejía','1997-05-20','M',6,'santiago.martínez9282@unal.edu.co','Colombiana'),(1441,'Carlos','Elena','Sánchez','Mendoza','1990-05-03','M',1,'carlos.sánchez7074@hotmail.com','Colombiana'),(1442,'Ángela','Alejandra','Torres','Zapata','1994-09-19','F',5,'ángela.torres4136@hotmail.com','Colombiana'),(1443,'Ángela',NULL,'Salazar','Bautista','1983-07-01','F',14,'ángela.salazar8766@yahoo.com','Colombiana'),(1444,'Mateo','Felipe','Ortega','Zapata','1995-04-02','M',9,'mateo.ortega2790@unal.edu.co','Colombiana'),(1445,'Fernando','Rocío','Torres','Morales','1999-04-19','M',14,'fernando.torres4343@yahoo.com','Colombiana'),(1446,'Miguel','Antonio','Vargas','Morales','1990-01-21','M',2,'miguel.vargas3551@unal.edu.co','Venezolana'),(1447,'David','Lucía','Mejía','Reyes','1998-05-18','M',6,'david.mejía7317@unal.edu.co','Colombiana'),(1448,'Fernanda',NULL,'Martínez','Rojas','1983-12-10','F',2,'fernanda.martínez1693@hotmail.com','Colombiana'),(1449,'Carlos','Manuel','Ruiz','Gómez','1997-06-09','M',9,'carlos.ruiz6186@gmail.com','Colombiana'),(1450,'Natalia',NULL,'Pérez','Rojas','1984-07-28','F',4,'natalia.pérez5135@gmail.com','Colombiana'),(1451,'Paula',NULL,'López','Quintero','1992-10-26','F',2,'paula.lópez6121@unal.edu.co','Colombiana'),(1452,'Julián',NULL,'Ruiz','Montoya','1991-12-19','M',8,'julián.ruiz8307@uniandes.edu.co','Colombiana'),(1453,'Camilo',NULL,'Navarro','Rojas','2005-06-14','M',15,'camilo.navarro0595@hotmail.com','Colombiana'),(1454,'Laura','Manuel','Morales','Rojas','1995-09-03','F',4,'laura.morales0313@hotmail.com','Colombiana'),(1455,'Carolina','Cristina','González','Morales','1985-04-16','F',6,'carolina.gonzález8584@uniandes.edu.co','Colombiana'),(1456,'Daniela','Eduardo','López','Torres','2005-01-14','F',10,'daniela.lópez3940@gmail.com','Colombiana'),(1457,'Luis',NULL,'Ramírez','Zapata','2005-10-16','M',3,'luis.ramírez5839@yahoo.com','Colombiana'),(1458,'María','Felipe','Mejía','Ríos','1990-06-24','F',11,'maría.mejía3132@hotmail.com','Colombiana'),(1459,'Paula','Teresa','García','Ortega','1987-07-22','F',13,'paula.garcía2291@outlook.com','Colombiana'),(1460,'Sofía',NULL,'Mejía','Reyes','1981-06-07','F',12,'sofía.mejía1443@unal.edu.co','Colombiana'),(1461,'Carlos','Martín','Ramírez','Zapata','1994-03-28','M',3,'carlos.ramírez6733@uniandes.edu.co','Colombiana'),(1462,'Diana','Alejandra','Castro','Gómez','2001-12-15','F',6,'diana.castro1881@hotmail.com','Colombiana'),(1463,'Felipe','Antonio','Ramírez','Morales','2003-07-30','M',9,'felipe.ramírez1011@uniandes.edu.co','Colombiana'),(1464,'Manuela','Marcela','Martínez','Ríos','1998-01-29','F',13,'manuela.martínez4869@hotmail.com','Colombiana'),(1465,'Nicolás','Antonio','García','Ortega','1992-11-09','M',2,'nicolás.garcía4526@uniandes.edu.co','Colombiana'),(1466,'Andrea','Manuel','Pérez','Herrera','1983-09-22','F',14,'andrea.pérez7924@unal.edu.co','Colombiana'),(1467,'Fernando','José','Ortega','Rojas','1981-06-11','M',8,'fernando.ortega8774@outlook.com','Colombiana'),(1468,'Tomás','Ricardo','Gómez','Rojas','2003-09-29','M',9,'tomás.gómez3024@uniandes.edu.co','Colombiana'),(1469,'Isabella','José','Ramírez','Bautista','2000-10-01','F',5,'isabella.ramírez6642@yahoo.com','Colombiana'),(1470,'Isabella','Manuel','Rodríguez','Valencia','1991-10-21','F',4,'isabella.rodríguez3449@hotmail.com','Colombiana'),(1471,'Diana',NULL,'Hernández','Ruiz','2003-07-09','F',10,'diana.hernández8910@uniandes.edu.co','Colombiana'),(1472,'José',NULL,'Navarro','Patiño','1990-06-19','M',9,'josé.navarro5217@hotmail.com','Colombiana'),(1473,'Juan',NULL,'Gómez','Valencia','1988-10-04','M',3,'juan.gómez3269@unal.edu.co','Colombiana'),(1474,'Fernando',NULL,'López','Gómez','1987-04-20','M',6,'fernando.lópez0167@outlook.com','Colombiana'),(1475,'Carlos',NULL,'Rodríguez','Montoya','2005-08-03','M',8,'carlos.rodríguez7538@uniandes.edu.co','Colombiana'),(1476,'Lucía',NULL,'Ortega','Ortega','1980-12-15','F',7,'lucía.ortega9759@uniandes.edu.co','Colombiana'),(1477,'Valentina',NULL,'Ruiz','Bautista','1999-08-08','F',13,'valentina.ruiz7043@outlook.com','Colombiana'),(1478,'Felipe','Andrés','Castro','Morales','1991-05-26','M',12,'felipe.castro7935@unal.edu.co','Colombiana'),(1479,'Isabella',NULL,'Castaño','Reyes','1990-01-09','F',4,'isabella.castaño9235@hotmail.com','Colombiana'),(1480,'Camila',NULL,'Ruiz','Reyes','1987-12-07','F',13,'camila.ruiz3691@yahoo.com','Colombiana'),(1481,'Eliana','Martín','Martínez','Ortega','1996-08-28','F',5,'eliana.martínez1380@uniandes.edu.co','Colombiana'),(1482,'Fernando',NULL,'Rodríguez','Zapata','2001-07-23','M',13,'fernando.rodríguez7308@outlook.com','Venezolana'),(1483,'Gabriela',NULL,'López','Ortega','1992-08-03','F',4,'gabriela.lópez2972@gmail.com','Colombiana'),(1484,'Santiago',NULL,'López','Quintero','1984-04-04','M',2,'santiago.lópez1996@unal.edu.co','Colombiana'),(1485,'Paula',NULL,'Torres','Bautista','1993-04-23','F',9,'paula.torres1443@outlook.com','Colombiana'),(1486,'Eliana','Antonio','Morales','Mendoza','1984-10-21','F',12,'eliana.morales0608@uniandes.edu.co','Colombiana'),(1487,'Juliana','Eduardo','Castaño','Ruiz','2004-06-08','F',8,'juliana.castaño4386@hotmail.com','Venezolana'),(1488,'Lucía',NULL,'Ramírez','Vargas','2000-07-07','F',10,'lucía.ramírez9197@outlook.com','Colombiana'),(1489,'Miguel','Felipe','Sánchez','Bautista','1991-11-03','M',2,'miguel.sánchez0234@uniandes.edu.co','Venezolana'),(1490,'Paula',NULL,'Vargas','Zapata','1987-01-14','F',1,'paula.vargas6409@hotmail.com','Colombiana'),(1491,'Juan','Antonio','González','Gómez','1999-11-22','M',12,'juan.gonzález3925@uniandes.edu.co','Colombiana'),(1492,'Fernando',NULL,'Gómez','Gómez','1987-06-23','M',6,'fernando.gómez0673@hotmail.com','Colombiana'),(1493,'Mateo',NULL,'Salazar','Quintero','1988-06-18','M',6,'mateo.salazar6368@outlook.com','Venezolana'),(1494,'Juan',NULL,'Castro','Mendoza','2002-07-28','M',3,'juan.castro8536@unal.edu.co','Colombiana'),(1495,'Diana',NULL,'Vargas','Rojas','1983-01-01','F',7,'diana.vargas4975@gmail.com','Colombiana'),(1496,'Esteban',NULL,'González','Herrera','1984-11-19','M',10,'esteban.gonzález4810@yahoo.com','Colombiana'),(1497,'Camila','Felipe','García','Rojas','2003-02-20','F',4,'camila.garcía2631@unal.edu.co','Colombiana'),(1498,'Santiago','Patricia','García','Vargas','2005-12-17','M',2,'santiago.garcía8109@gmail.com','Colombiana'),(1499,'Paula','Patricia','Morales','Torres','1986-02-12','F',9,'paula.morales8735@unal.edu.co','Venezolana'),(1500,'Isabella','Cristina','Salazar','Bautista','1988-04-15','F',11,'isabella.salazar5223@unal.edu.co','Venezolana'),(1501,'Juliana',NULL,'Sánchez','Salazar','2004-01-01','F',12,'juliana.sánchez1014@uniandes.edu.co','Colombiana'),(1502,'Tomás','Javier','Ramírez','Ruiz','1995-06-07','M',12,'tomás.ramírez7173@uniandes.edu.co','Colombiana'),(1503,'María','Rocío','Morales','Mejía','2003-10-20','F',9,'maría.morales5042@uniandes.edu.co','Colombiana'),(1504,'Sebastián','Lucía','Navarro','Ríos','1994-11-06','M',10,'sebastián.navarro6597@unal.edu.co','Colombiana'),(1505,'Ángela','Rocío','Martínez','Cruz','2002-06-08','F',1,'ángela.martínez3263@gmail.com','Colombiana'),(1506,'Carlos',NULL,'Rodríguez','Quintero','2001-02-19','M',8,'carlos.rodríguez4125@unal.edu.co','Colombiana'),(1507,'Juliana','Andrés','Ortega','Herrera','1984-06-20','F',3,'juliana.ortega3074@gmail.com','Venezolana'),(1508,'Jorge',NULL,'Pérez','Salazar','1998-08-04','M',1,'jorge.pérez6241@yahoo.com','Colombiana'),(1509,'Andrés','Isabel','Mejía','Ruiz','1992-12-19','M',5,'andrés.mejía5306@gmail.com','Colombiana'),(1510,'Sebastián',NULL,'González','Ríos','2003-10-15','M',3,'sebastián.gonzález4687@unal.edu.co','Colombiana'),(1511,'Paula','Cristina','Pérez','Valencia','1995-02-09','F',5,'paula.pérez7243@yahoo.com','Colombiana'),(1512,'Daniel',NULL,'Pérez','Quintero','1994-07-05','M',10,'daniel.pérez9060@yahoo.com','Colombiana'),(1513,'Valentina',NULL,'Pérez','Rojas','1998-07-11','F',12,'valentina.pérez1424@unal.edu.co','Colombiana'),(1514,'Sebastián','Beatriz','García','Rojas','1984-07-14','M',12,'sebastián.garcía7935@hotmail.com','Venezolana'),(1515,'Fernanda',NULL,'Navarro','Morales','1990-05-23','F',7,'fernanda.navarro5970@uniandes.edu.co','Colombiana'),(1516,'Nicolás','Rocío','Gómez','Zapata','1986-02-21','M',12,'nicolás.gómez4640@unal.edu.co','Colombiana'),(1517,'Isabella','Teresa','Ramírez','Ríos','1992-11-12','F',2,'isabella.ramírez5910@hotmail.com','Colombiana'),(1518,'Natalia',NULL,'Ramírez','Zapata','1989-01-20','F',10,'natalia.ramírez4466@outlook.com','Colombiana'),(1519,'Isabella','Alejandro','Vargas','Vargas','1980-11-30','F',6,'isabella.vargas9399@unal.edu.co','Colombiana'),(1520,'José','Ricardo','Gómez','Rojas','1984-05-19','M',9,'josé.gómez5792@hotmail.com','Venezolana'),(1521,'Luis',NULL,'Ruiz','Vargas','1988-03-29','M',5,'luis.ruiz2938@unal.edu.co','Colombiana'),(1522,'María',NULL,'Ramírez','Bautista','1998-01-29','F',10,'maría.ramírez8148@yahoo.com','Colombiana'),(1523,'Natalia','Eduardo','García','Ortega','1999-09-19','F',10,'natalia.garcía6358@yahoo.com','Colombiana'),(1524,'Andrea','Andrés','González','Patiño','1988-12-22','F',14,'andrea.gonzález3081@unal.edu.co','Colombiana'),(1525,'Isabella',NULL,'Salazar','Quintero','1989-10-31','F',4,'isabella.salazar6741@outlook.com','Colombiana'),(1526,'Carlos',NULL,'Morales','Mendoza','2001-04-13','M',6,'carlos.morales2316@uniandes.edu.co','Colombiana'),(1527,'Ángela','Lucía','Vargas','Morales','2003-12-23','F',10,'ángela.vargas7171@uniandes.edu.co','Colombiana'),(1528,'Valentina',NULL,'López','Cruz','1996-01-24','F',11,'valentina.lópez4813@unal.edu.co','Colombiana'),(1529,'José',NULL,'Ramírez','Patiño','1986-08-04','M',14,'josé.ramírez2603@unal.edu.co','Colombiana'),(1530,'María','Antonio','Morales','Cruz','2002-11-26','F',7,'maría.morales6418@unal.edu.co','Colombiana'),(1531,'Fernanda','Antonio','Gómez','Gómez','2005-11-08','F',1,'fernanda.gómez4235@gmail.com','Colombiana'),(1532,'Julián',NULL,'Ortega','Salazar','1988-05-02','M',10,'julián.ortega8667@hotmail.com','Venezolana'),(1533,'Felipe','Ricardo','Hernández','Herrera','1994-12-14','M',3,'felipe.hernández5037@uniandes.edu.co','Colombiana'),(1534,'Luis','Javier','Pérez','Salazar','1999-09-11','M',12,'luis.pérez4457@yahoo.com','Colombiana'),(1535,'Nicolás','Javier','Castro','Quintero','1982-03-29','M',12,'nicolás.castro0517@gmail.com','Colombiana'),(1536,'Carolina',NULL,'Torres','Mendoza','1986-01-19','F',10,'carolina.torres7752@outlook.com','Colombiana'),(1537,'Camila',NULL,'Martínez','Ríos','2000-08-25','F',2,'camila.martínez5488@hotmail.com','Colombiana'),(1538,'Tomás','Teresa','González','Reyes','1993-10-31','M',9,'tomás.gonzález8265@unal.edu.co','Colombiana'),(1539,'Mateo','Manuel','Vargas','Torres','1999-10-12','M',8,'mateo.vargas6238@yahoo.com','Colombiana'),(1540,'Carlos','Teresa','Vargas','Ríos','1980-09-07','M',7,'carlos.vargas7315@unal.edu.co','Colombiana'),(1541,'Manuela',NULL,'Ramírez','Valencia','1991-04-24','F',7,'manuela.ramírez1810@unal.edu.co','Colombiana'),(1542,'Sebastián','Andrés','Martínez','Salazar','2005-01-31','M',2,'sebastián.martínez0659@hotmail.com','Colombiana'),(1543,'Sofía','Alejandra','Vargas','Torres','1980-02-23','F',11,'sofía.vargas3662@uniandes.edu.co','Colombiana'),(1544,'Sara','Rocío','Rodríguez','Ríos','2004-10-23','F',15,'sara.rodríguez8841@unal.edu.co','Colombiana'),(1545,'Juan',NULL,'Ortega','Valencia','1997-12-11','M',15,'juan.ortega7566@uniandes.edu.co','Colombiana'),(1546,'Nicolás',NULL,'López','Montoya','2005-10-03','M',10,'nicolás.lópez4225@gmail.com','Colombiana'),(1547,'Cristian',NULL,'Ruiz','Valencia','1990-01-22','M',7,'cristian.ruiz2836@outlook.com','Colombiana'),(1548,'Mateo',NULL,'Ruiz','Ortega','1988-08-20','M',3,'mateo.ruiz4786@hotmail.com','Colombiana'),(1549,'Juliana','Felipe','Rodríguez','Ríos','1996-02-09','F',15,'juliana.rodríguez1122@uniandes.edu.co','Colombiana'),(1550,'Cristian','Elena','Ruiz','Ríos','2004-05-14','M',1,'cristian.ruiz4407@hotmail.com','Colombiana'),(1551,'María','Antonio','Torres','Zapata','1998-08-24','F',11,'maría.torres1270@hotmail.com','Colombiana'),(1552,'Cristian',NULL,'García','Vargas','1989-09-09','M',2,'cristian.garcía1261@unal.edu.co','Colombiana'),(1553,'Nicolás','Cristina','López','Patiño','1983-06-04','M',15,'nicolás.lópez1582@hotmail.com','Colombiana'),(1554,'Camila','Alejandro','Torres','Ortega','2003-09-05','F',8,'camila.torres3642@gmail.com','Venezolana'),(1555,'Sebastián','Andrés','Ortega','Montoya','2005-04-01','M',14,'sebastián.ortega8122@gmail.com','Colombiana'),(1556,'Andrés','Alejandra','González','Gómez','1997-01-03','M',7,'andrés.gonzález5474@uniandes.edu.co','Colombiana'),(1557,'Jorge','José','Hernández','Zapata','1991-05-07','M',14,'jorge.hernández6286@yahoo.com','Colombiana'),(1558,'Luis',NULL,'González','Bautista','1995-01-09','M',8,'luis.gonzález0215@hotmail.com','Colombiana'),(1559,'Eliana','José','Sánchez','Salazar','1991-10-12','F',6,'eliana.sánchez8499@yahoo.com','Colombiana'),(1560,'Fernanda','Javier','Hernández','Herrera','1989-09-01','F',9,'fernanda.hernández0829@outlook.com','Colombiana'),(1561,'Miguel',NULL,'Mejía','Cruz','1993-07-10','M',10,'miguel.mejía1179@gmail.com','Venezolana'),(1562,'Fernanda','Patricia','González','Reyes','1986-06-08','F',7,'fernanda.gonzález2799@unal.edu.co','Colombiana'),(1563,'Santiago','Antonio','Hernández','Salazar','1994-04-04','M',5,'santiago.hernández3630@outlook.com','Colombiana'),(1564,'Camila','Martín','Vargas','Mendoza','1980-02-23','F',9,'camila.vargas5646@uniandes.edu.co','Colombiana'),(1565,'Santiago','Alejandro','Castaño','Montoya','1987-05-20','M',10,'santiago.castaño3606@yahoo.com','Colombiana'),(1566,'Natalia',NULL,'Castro','Reyes','2005-12-18','F',12,'natalia.castro2618@outlook.com','Colombiana'),(1567,'Ángela','Teresa','Martínez','Rojas','1992-07-29','F',13,'ángela.martínez2213@unal.edu.co','Venezolana'),(1568,'Daniela',NULL,'Ramírez','Valencia','1996-04-11','F',14,'daniela.ramírez6917@unal.edu.co','Colombiana'),(1569,'Sara','Rocío','Navarro','Montoya','1984-01-16','F',7,'sara.navarro9284@outlook.com','Colombiana'),(1570,'Luis','Javier','Navarro','Patiño','1984-03-07','M',7,'luis.navarro6260@unal.edu.co','Venezolana'),(1571,'Jorge','Alejandra','Hernández','Torres','2001-01-26','M',10,'jorge.hernández0963@gmail.com','Colombiana'),(1572,'Lucía','Isabel','González','Ortega','1998-07-17','F',7,'lucía.gonzález0289@gmail.com','Venezolana'),(1573,'Lucía',NULL,'González','Reyes','1990-06-05','F',7,'lucía.gonzález9578@unal.edu.co','Colombiana'),(1574,'Sebastián','Andrés','Ortega','Valencia','1988-08-14','M',1,'sebastián.ortega1457@uniandes.edu.co','Colombiana'),(1575,'José','Elena','Gómez','Mendoza','1997-01-12','M',9,'josé.gómez3732@yahoo.com','Colombiana'),(1576,'David','Isabel','Torres','Zapata','1987-09-19','M',3,'david.torres8815@unal.edu.co','Colombiana'),(1577,'Paula','Lucía','García','Torres','1997-08-14','F',12,'paula.garcía0338@gmail.com','Colombiana'),(1578,'Natalia',NULL,'Sánchez','Bautista','1987-06-19','F',15,'natalia.sánchez9447@yahoo.com','Colombiana'),(1579,'Fernando',NULL,'Navarro','Montoya','1982-08-24','M',8,'fernando.navarro9542@hotmail.com','Colombiana'),(1580,'José','Cristina','Castro','Montoya','2000-01-19','M',12,'josé.castro3106@outlook.com','Colombiana'),(1581,'Julián','Marcela','López','Valencia','1996-04-05','M',5,'julián.lópez9432@yahoo.com','Colombiana'),(1582,'Nicolás',NULL,'Martínez','Patiño','1990-04-09','M',9,'nicolás.martínez4853@outlook.com','Colombiana'),(1583,'Laura',NULL,'Navarro','Herrera','1987-08-17','F',15,'laura.navarro9133@uniandes.edu.co','Venezolana'),(1584,'Sara','Elena','García','Zapata','1996-04-18','F',10,'sara.garcía9982@gmail.com','Colombiana'),(1585,'Isabella',NULL,'López','Mejía','1983-07-07','F',8,'isabella.lópez4241@uniandes.edu.co','Colombiana'),(1586,'Nicolás',NULL,'Ortega','Gómez','1981-08-25','M',9,'nicolás.ortega6315@yahoo.com','Colombiana'),(1587,'Diana','Rocío','García','Valencia','1996-04-25','F',11,'diana.garcía2875@unal.edu.co','Colombiana'),(1588,'Eliana',NULL,'Castro','Gómez','1998-12-07','F',12,'eliana.castro2238@yahoo.com','Colombiana'),(1589,'David','Beatriz','Morales','Ríos','2001-01-18','M',6,'david.morales3774@hotmail.com','Venezolana'),(1590,'Mateo',NULL,'Sánchez','Cruz','2003-02-06','M',7,'mateo.sánchez3726@outlook.com','Colombiana'),(1591,'Manuela','Manuel','Hernández','Quintero','1987-08-04','F',1,'manuela.hernández9958@gmail.com','Colombiana'),(1592,'Andrea','Elena','Castro','Mejía','2005-10-24','F',6,'andrea.castro6354@outlook.com','Colombiana'),(1593,'Jorge','Beatriz','Castro','Bautista','1982-07-04','M',14,'jorge.castro0965@outlook.com','Venezolana'),(1594,'Diana','Patricia','Sánchez','Reyes','2000-09-11','F',3,'diana.sánchez8851@gmail.com','Colombiana'),(1595,'Juliana','Lucía','Hernández','Salazar','2001-06-23','F',8,'juliana.hernández9388@outlook.com','Colombiana'),(1596,'Tomás',NULL,'Sánchez','Montoya','1993-08-25','M',11,'tomás.sánchez5043@yahoo.com','Colombiana'),(1597,'Santiago',NULL,'Ortega','Herrera','2003-06-02','M',3,'santiago.ortega9418@gmail.com','Colombiana'),(1598,'Carlos',NULL,'González','Reyes','1988-10-07','M',7,'carlos.gonzález6678@outlook.com','Colombiana'),(1599,'Carolina','Cristina','Pérez','Valencia','1994-08-16','F',8,'carolina.pérez3332@yahoo.com','Colombiana'),(1600,'Natalia','Lucía','Salazar','Mendoza','2004-10-18','F',3,'natalia.salazar2256@outlook.com','Colombiana'),(1601,'Natalia','Antonio','Morales','Cruz','2004-05-05','F',9,'natalia.morales1984@outlook.com','Colombiana'),(1602,'Carlos','Teresa','Torres','Bautista','1981-02-05','M',8,'carlos.torres0538@gmail.com','Colombiana'),(1603,'Camila',NULL,'Castaño','Herrera','2001-11-07','F',7,'camila.castaño2575@uniandes.edu.co','Venezolana'),(1604,'Juan',NULL,'Ramírez','Bautista','2005-05-08','M',5,'juan.ramírez4067@gmail.com','Colombiana'),(1605,'Miguel',NULL,'Rodríguez','Cruz','1996-07-20','M',4,'miguel.rodríguez0233@outlook.com','Colombiana'),(1606,'Carolina','Ricardo','López','Salazar','1989-01-12','F',7,'carolina.lópez5997@yahoo.com','Colombiana'),(1607,'Laura','Alejandra','Salazar','Cruz','1995-12-20','F',2,'laura.salazar9877@gmail.com','Colombiana'),(1608,'Camila','Eduardo','Ramírez','Morales','2003-11-03','F',14,'camila.ramírez5220@yahoo.com','Colombiana'),(1609,'Daniela','Ricardo','Navarro','Reyes','2001-09-20','F',3,'daniela.navarro6832@yahoo.com','Colombiana'),(1610,'Diana','Andrés','Salazar','Ríos','1980-01-28','F',5,'diana.salazar5344@unal.edu.co','Colombiana'),(1611,'Juliana',NULL,'González','Quintero','2004-08-27','F',14,'juliana.gonzález1056@uniandes.edu.co','Colombiana'),(1612,'Daniel','Elena','Castaño','Torres','1999-11-03','M',9,'daniel.castaño9996@uniandes.edu.co','Colombiana'),(1613,'Sofía','Alejandra','Sánchez','Vargas','1985-11-12','F',15,'sofía.sánchez0866@uniandes.edu.co','Colombiana'),(1614,'Camila','Patricia','Salazar','Bautista','1986-03-05','F',7,'camila.salazar2915@uniandes.edu.co','Colombiana'),(1615,'María',NULL,'Castaño','Gómez','1981-10-03','F',10,'maría.castaño2299@yahoo.com','Colombiana'),(1616,'Nicolás',NULL,'Mejía','Mejía','1988-08-15','M',10,'nicolás.mejía5054@unal.edu.co','Colombiana'),(1617,'Andrés','Cristina','Navarro','Morales','2005-04-22','M',7,'andrés.navarro7392@uniandes.edu.co','Colombiana'),(1618,'María','Martín','Castaño','Quintero','1998-02-22','F',2,'maría.castaño1643@uniandes.edu.co','Colombiana'),(1619,'Camilo','Antonio','González','Mejía','1981-04-27','M',13,'camilo.gonzález6591@gmail.com','Colombiana'),(1620,'Valentina','Alejandro','Gómez','Valencia','1987-02-26','F',3,'valentina.gómez3903@gmail.com','Colombiana'),(1621,'Luis','Martín','Morales','Reyes','1982-04-14','M',15,'luis.morales7154@outlook.com','Colombiana'),(1622,'Felipe',NULL,'Gómez','Ruiz','1990-03-28','M',3,'felipe.gómez6970@outlook.com','Colombiana'),(1623,'David',NULL,'Salazar','Patiño','1982-03-16','M',6,'david.salazar6196@yahoo.com','Colombiana'),(1624,'Santiago','Rocío','Vargas','Vargas','2005-03-09','M',6,'santiago.vargas6295@outlook.com','Colombiana'),(1625,'Jorge','Elena','Castro','Salazar','2003-07-31','M',11,'jorge.castro9955@outlook.com','Colombiana'),(1626,'Tomás',NULL,'Mejía','Gómez','2003-04-03','M',1,'tomás.mejía6765@uniandes.edu.co','Colombiana'),(1627,'Santiago',NULL,'Navarro','Gómez','2002-02-10','M',11,'santiago.navarro3672@outlook.com','Colombiana'),(1628,'Cristian',NULL,'López','Mendoza','1984-12-03','M',9,'cristian.lópez3662@outlook.com','Colombiana'),(1629,'Miguel',NULL,'Sánchez','Ortega','1992-03-24','M',2,'miguel.sánchez3193@outlook.com','Colombiana'),(1630,'Camila',NULL,'González','Ríos','1984-12-03','F',8,'camila.gonzález7321@gmail.com','Colombiana'),(1631,'Carlos','Antonio','García','Ríos','2002-08-09','M',14,'carlos.garcía1074@yahoo.com','Venezolana'),(1632,'Fernando','Patricia','Gómez','Herrera','1992-06-16','M',8,'fernando.gómez1311@outlook.com','Colombiana'),(1633,'Diana','Andrés','Rodríguez','Mejía','2000-10-12','F',12,'diana.rodríguez7166@outlook.com','Colombiana'),(1634,'Andrea','Felipe','Ramírez','Cruz','1987-05-19','F',7,'andrea.ramírez7264@uniandes.edu.co','Colombiana'),(1635,'Valentina','Alejandra','Mejía','Herrera','1993-03-05','F',7,'valentina.mejía0331@unal.edu.co','Colombiana'),(1636,'Tomás','Marcela','Ruiz','Gómez','1981-05-02','M',11,'tomás.ruiz5602@unal.edu.co','Colombiana'),(1637,'Diana','Eduardo','Ortega','Ortega','1997-06-12','F',7,'diana.ortega1571@uniandes.edu.co','Venezolana'),(1638,'Esteban','Martín','Martínez','Ríos','1999-02-06','M',15,'esteban.martínez5917@uniandes.edu.co','Colombiana'),(1639,'Cristian',NULL,'Torres','Vargas','1980-01-26','M',5,'cristian.torres5970@yahoo.com','Colombiana'),(1640,'Sebastián','Lucía','Ruiz','Valencia','1992-11-06','M',7,'sebastián.ruiz4441@uniandes.edu.co','Colombiana'),(1641,'Camilo',NULL,'Vargas','Cruz','2000-07-04','M',8,'camilo.vargas5044@gmail.com','Colombiana'),(1642,'Jorge',NULL,'Sánchez','Vargas','1988-06-09','M',2,'jorge.sánchez8818@hotmail.com','Colombiana'),(1643,'Andrea','Teresa','González','Vargas','2002-11-19','F',11,'andrea.gonzález0923@uniandes.edu.co','Colombiana'),(1644,'Gabriela','Cristina','Castro','Ruiz','1999-01-07','F',2,'gabriela.castro0851@outlook.com','Colombiana'),(1645,'Diana','Lucía','Castaño','Reyes','1987-06-20','F',1,'diana.castaño2144@outlook.com','Colombiana'),(1646,'Mateo',NULL,'Martínez','Herrera','1983-06-13','M',2,'mateo.martínez8993@gmail.com','Colombiana'),(1647,'Lucía','Antonio','Rodríguez','Mendoza','2005-03-02','F',1,'lucía.rodríguez6742@hotmail.com','Venezolana'),(1648,'Felipe','Alejandra','Ruiz','Gómez','2003-07-04','M',11,'felipe.ruiz9048@uniandes.edu.co','Colombiana'),(1649,'Miguel','Beatriz','González','Zapata','1980-04-14','M',9,'miguel.gonzález7532@uniandes.edu.co','Colombiana'),(1650,'Fernando',NULL,'Pérez','Valencia','2005-10-11','M',8,'fernando.pérez8487@outlook.com','Colombiana'),(1651,'Carolina',NULL,'Salazar','Morales','2001-11-17','F',4,'carolina.salazar1089@gmail.com','Venezolana'),(1652,'Diana',NULL,'Castro','Morales','1990-03-06','F',12,'diana.castro5686@uniandes.edu.co','Colombiana'),(1653,'Carolina','Cristina','Hernández','Torres','1988-11-28','F',3,'carolina.hernández0922@hotmail.com','Colombiana'),(1654,'Paula','Andrés','García','Herrera','1990-07-22','F',4,'paula.garcía9758@unal.edu.co','Colombiana'),(1655,'Luis','Beatriz','Hernández','Ruiz','2000-03-09','M',5,'luis.hernández7223@outlook.com','Colombiana'),(1656,'Mateo','Andrés','Morales','Ríos','1988-10-11','M',12,'mateo.morales1015@hotmail.com','Colombiana'),(1657,'Nicolás','Lucía','Martínez','Zapata','2001-04-27','M',8,'nicolás.martínez9199@gmail.com','Venezolana'),(1658,'Camila',NULL,'Torres','Torres','1981-06-25','F',6,'camila.torres0548@gmail.com','Colombiana'),(1659,'Daniel','Rocío','García','Gómez','1992-03-03','M',8,'daniel.garcía3613@hotmail.com','Colombiana'),(1660,'Isabella','Cristina','López','Bautista','1986-12-24','F',12,'isabella.lópez7945@outlook.com','Colombiana'),(1661,'Cristian','Eduardo','Rodríguez','Ortega','1984-12-02','M',13,'cristian.rodríguez7879@hotmail.com','Colombiana'),(1662,'Nicolás','Patricia','López','Ortega','2005-07-07','M',12,'nicolás.lópez7537@uniandes.edu.co','Colombiana'),(1663,'Fernanda',NULL,'Martínez','Torres','1994-01-20','F',6,'fernanda.martínez1599@outlook.com','Colombiana'),(1664,'Sebastián','Alejandra','Castro','Montoya','1986-08-04','M',14,'sebastián.castro0065@outlook.com','Colombiana'),(1665,'Jorge','Isabel','Pérez','Vargas','1994-01-02','M',15,'jorge.pérez1498@gmail.com','Colombiana'),(1666,'Tomás',NULL,'Martínez','Vargas','1983-09-16','M',5,'tomás.martínez9336@outlook.com','Venezolana'),(1667,'Santiago','Ricardo','García','Ríos','1998-04-11','M',6,'santiago.garcía1338@unal.edu.co','Colombiana'),(1668,'Miguel','Martín','Navarro','Patiño','1997-09-28','M',12,'miguel.navarro4805@hotmail.com','Colombiana'),(1669,'Julián','Elena','Morales','Gómez','1980-10-20','M',8,'julián.morales8002@yahoo.com','Colombiana'),(1670,'José','Patricia','Ortega','Ríos','2004-08-04','M',10,'josé.ortega2268@outlook.com','Colombiana'),(1671,'Daniela','Andrés','Gómez','Cruz','1998-04-17','F',10,'daniela.gómez4221@gmail.com','Colombiana'),(1672,'Lucía','Alejandro','Castro','Mendoza','1987-07-02','F',5,'lucía.castro3704@yahoo.com','Colombiana'),(1673,'Paula','Felipe','Ruiz','Ortega','1980-04-17','F',10,'paula.ruiz6997@hotmail.com','Colombiana'),(1674,'Tomás',NULL,'Navarro','Valencia','1991-02-20','M',14,'tomás.navarro8337@yahoo.com','Colombiana'),(1675,'Eliana',NULL,'García','Morales','2003-01-08','F',8,'eliana.garcía9788@outlook.com','Colombiana'),(1676,'Camilo','Marcela','Mejía','Vargas','1991-03-24','M',12,'camilo.mejía5797@unal.edu.co','Colombiana'),(1677,'Camilo','Marcela','Salazar','Reyes','1984-08-05','M',9,'camilo.salazar9366@gmail.com','Colombiana'),(1678,'Camila',NULL,'Castaño','Cruz','1998-06-12','F',9,'camila.castaño2392@gmail.com','Colombiana'),(1679,'Eliana',NULL,'Castaño','Zapata','1987-12-14','F',6,'eliana.castaño1683@yahoo.com','Colombiana'),(1680,'Fernando',NULL,'López','Vargas','1989-06-26','M',14,'fernando.lópez5959@yahoo.com','Colombiana'),(1681,'Natalia',NULL,'Ramírez','Cruz','1998-11-08','F',14,'natalia.ramírez3264@hotmail.com','Colombiana'),(1682,'Felipe',NULL,'González','Gómez','1998-11-12','M',4,'felipe.gonzález6259@yahoo.com','Colombiana'),(1683,'Sofía','Elena','González','Bautista','1991-07-10','F',14,'sofía.gonzález9015@outlook.com','Colombiana'),(1684,'Mateo','Ricardo','Sánchez','Cruz','1998-02-06','M',11,'mateo.sánchez4656@outlook.com','Colombiana'),(1685,'Camila','Beatriz','Ramírez','Herrera','1990-10-07','F',13,'camila.ramírez7997@uniandes.edu.co','Colombiana'),(1686,'Esteban','Elena','Vargas','Rojas','1982-04-30','M',7,'esteban.vargas3822@unal.edu.co','Colombiana'),(1687,'Mateo',NULL,'Mejía','Vargas','1995-01-24','M',14,'mateo.mejía5375@yahoo.com','Colombiana'),(1688,'Fernando',NULL,'Torres','Reyes','1981-03-05','M',3,'fernando.torres5939@yahoo.com','Colombiana'),(1689,'Mateo','Marcela','González','Morales','1993-02-15','M',12,'mateo.gonzález0938@yahoo.com','Colombiana'),(1690,'Julián','Elena','Vargas','Zapata','1981-03-27','M',1,'julián.vargas6736@outlook.com','Colombiana'),(1691,'Jorge','Javier','Rodríguez','Morales','1980-09-01','M',7,'jorge.rodríguez3026@hotmail.com','Colombiana'),(1692,'Carlos','Manuel','Ruiz','Gómez','1985-02-12','M',7,'carlos.ruiz4336@unal.edu.co','Venezolana'),(1693,'Carolina','Elena','González','Torres','1994-04-26','F',15,'carolina.gonzález5637@outlook.com','Colombiana'),(1694,'David',NULL,'Mejía','Mendoza','2000-01-21','M',14,'david.mejía6612@yahoo.com','Venezolana'),(1695,'Eliana',NULL,'Navarro','Rojas','2000-01-14','F',13,'eliana.navarro5441@hotmail.com','Colombiana'),(1696,'Jorge','Alejandra','Ortega','Salazar','1982-03-31','M',3,'jorge.ortega3545@unal.edu.co','Colombiana'),(1697,'Ángela','Manuel','Ruiz','Gómez','2000-05-16','F',8,'ángela.ruiz7067@outlook.com','Colombiana'),(1698,'Sara',NULL,'Salazar','Valencia','1983-07-14','F',2,'sara.salazar0410@uniandes.edu.co','Colombiana'),(1699,'Eliana','Alejandra','Vargas','Bautista','1988-01-09','F',15,'eliana.vargas0926@unal.edu.co','Colombiana'),(1700,'Daniel','Rocío','Castro','Cruz','2003-02-27','M',10,'daniel.castro2568@unal.edu.co','Colombiana'),(1701,'Julián','Alejandra','García','Salazar','2001-12-11','M',14,'julián.garcía0789@yahoo.com','Colombiana'),(1702,'Fernando',NULL,'Morales','Ruiz','2000-05-09','M',9,'fernando.morales1255@outlook.com','Colombiana'),(1703,'Santiago','Beatriz','García','Patiño','2001-08-20','M',3,'santiago.garcía2843@yahoo.com','Colombiana'),(1704,'Daniela','Teresa','Rodríguez','Torres','1981-09-17','F',14,'daniela.rodríguez0014@uniandes.edu.co','Colombiana'),(1705,'Cristian',NULL,'Ortega','Mendoza','2004-02-27','M',2,'cristian.ortega3905@gmail.com','Colombiana'),(1706,'Diana','Beatriz','Navarro','Patiño','1988-02-08','F',14,'diana.navarro4974@unal.edu.co','Colombiana'),(1707,'Esteban',NULL,'López','Torres','1984-04-24','M',5,'esteban.lópez6647@uniandes.edu.co','Colombiana'),(1708,'David',NULL,'Gómez','Reyes','1987-12-17','M',9,'david.gómez4899@unal.edu.co','Colombiana'),(1709,'Miguel','Beatriz','Ramírez','Zapata','1992-02-26','M',13,'miguel.ramírez2669@yahoo.com','Colombiana'),(1710,'Natalia','Martín','Torres','Valencia','1984-09-19','F',4,'natalia.torres1271@gmail.com','Colombiana'),(1711,'Andrés','Antonio','Castro','Patiño','1988-02-05','M',12,'andrés.castro8482@outlook.com','Colombiana'),(1712,'María','Alejandro','Torres','Salazar','1984-10-17','F',10,'maría.torres7690@outlook.com','Colombiana'),(1713,'Jorge','Ricardo','Mejía','Torres','1993-05-03','M',3,'jorge.mejía4978@yahoo.com','Colombiana'),(1714,'Daniel','Alejandro','Ruiz','Patiño','2000-02-07','M',9,'daniel.ruiz1360@hotmail.com','Colombiana'),(1715,'Luis','Andrés','López','Morales','1999-09-18','M',10,'luis.lópez0192@uniandes.edu.co','Colombiana'),(1716,'Fernando',NULL,'Mejía','Ruiz','2005-01-16','M',3,'fernando.mejía8292@outlook.com','Colombiana'),(1717,'Carolina',NULL,'Rodríguez','Morales','2006-01-03','F',14,'carolina.rodríguez8865@hotmail.com','Colombiana'),(1718,'Carolina',NULL,'Castro','Rojas','1987-06-08','F',3,'carolina.castro4566@hotmail.com','Colombiana'),(1719,'Natalia','Alejandro','Martínez','Zapata','1986-06-07','F',8,'natalia.martínez4353@hotmail.com','Venezolana'),(1720,'María',NULL,'Salazar','Patiño','2000-02-05','F',6,'maría.salazar5708@unal.edu.co','Colombiana'),(1721,'Carolina','Patricia','Vargas','Ríos','2004-05-08','F',12,'carolina.vargas4117@outlook.com','Colombiana'),(1722,'Miguel','Cristina','Ortega','Salazar','1986-05-08','M',2,'miguel.ortega9459@yahoo.com','Colombiana'),(1723,'Cristian','Ricardo','Mejía','Quintero','1995-01-08','M',2,'cristian.mejía9957@outlook.com','Colombiana'),(1724,'Daniel',NULL,'Rodríguez','Mejía','1998-10-16','M',7,'daniel.rodríguez0273@yahoo.com','Colombiana'),(1725,'Eliana','Rocío','Ortega','Herrera','1983-12-22','F',10,'eliana.ortega3228@gmail.com','Colombiana'),(1726,'Juliana','Rocío','González','Zapata','1995-12-25','F',7,'juliana.gonzález0664@hotmail.com','Colombiana'),(1727,'Cristian','Teresa','Morales','Mendoza','1995-06-25','M',12,'cristian.morales5035@uniandes.edu.co','Colombiana'),(1728,'Camilo','Alejandro','Rodríguez','Ortega','2000-03-13','M',13,'camilo.rodríguez0020@uniandes.edu.co','Colombiana'),(1729,'Luis','Beatriz','Pérez','Ortega','1990-11-01','M',15,'luis.pérez7419@hotmail.com','Colombiana'),(1730,'Juan',NULL,'Salazar','Vargas','1995-09-14','M',9,'juan.salazar5806@gmail.com','Colombiana'),(1731,'Camila','José','Gómez','Quintero','2005-06-28','F',15,'camila.gómez0218@outlook.com','Colombiana'),(1732,'Andrea',NULL,'Rodríguez','Salazar','1986-09-23','F',1,'andrea.rodríguez6112@outlook.com','Colombiana'),(1733,'María','Isabel','Ortega','Torres','1984-12-29','F',4,'maría.ortega2532@uniandes.edu.co','Colombiana'),(1734,'Andrea',NULL,'Rodríguez','Reyes','1983-02-22','F',10,'andrea.rodríguez2590@yahoo.com','Colombiana'),(1735,'Sofía','Isabel','López','Zapata','1989-02-02','F',4,'sofía.lópez3253@unal.edu.co','Colombiana'),(1736,'Diana','Cristina','Rodríguez','Rojas','2004-04-05','F',15,'diana.rodríguez8619@unal.edu.co','Colombiana'),(1737,'Camila',NULL,'Vargas','Vargas','1983-03-17','F',2,'camila.vargas3799@unal.edu.co','Colombiana'),(1738,'Ángela','Martín','Vargas','Zapata','1989-01-03','F',1,'ángela.vargas6706@outlook.com','Colombiana'),(1739,'Fernanda',NULL,'Castro','Rojas','1997-12-04','F',3,'fernanda.castro2085@yahoo.com','Colombiana'),(1740,'Miguel',NULL,'Ramírez','Cruz','1996-12-31','M',1,'miguel.ramírez9873@yahoo.com','Venezolana'),(1741,'Lucía','Cristina','Ortega','Ortega','2000-03-27','F',5,'lucía.ortega4231@uniandes.edu.co','Colombiana'),(1742,'Fernanda','Antonio','Hernández','Torres','1992-05-23','F',3,'fernanda.hernández3485@outlook.com','Colombiana'),(1743,'Lucía',NULL,'Salazar','Gómez','2001-04-03','F',6,'lucía.salazar3792@hotmail.com','Colombiana'),(1744,'Andrés','Cristina','Salazar','Zapata','1982-11-30','M',12,'andrés.salazar9471@hotmail.com','Colombiana'),(1745,'Camilo','Rocío','Rodríguez','Morales','1997-04-05','M',9,'camilo.rodríguez0723@hotmail.com','Colombiana'),(1746,'Laura','Andrés','Mejía','Salazar','1991-02-26','F',5,'laura.mejía8360@yahoo.com','Colombiana'),(1747,'Daniela',NULL,'Pérez','Salazar','2002-08-12','F',7,'daniela.pérez8369@unal.edu.co','Colombiana'),(1748,'Andrés','Eduardo','Mejía','Zapata','2005-09-20','M',14,'andrés.mejía6899@hotmail.com','Colombiana'),(1749,'Santiago','Alejandro','Castaño','Montoya','1995-12-15','M',2,'santiago.castaño3829@gmail.com','Colombiana'),(1750,'Luis',NULL,'Ramírez','Zapata','1981-11-19','M',10,'luis.ramírez2358@yahoo.com','Colombiana'),(1751,'Julián',NULL,'Pérez','Ríos','1985-01-22','M',12,'julián.pérez5012@yahoo.com','Colombiana'),(1752,'Cristian','Martín','Navarro','Bautista','1995-03-07','M',11,'cristian.navarro0906@uniandes.edu.co','Colombiana'),(1753,'Carlos',NULL,'Ramírez','Ruiz','1984-10-31','M',4,'carlos.ramírez6562@uniandes.edu.co','Colombiana'),(1754,'Laura','Andrés','Castaño','Rojas','1996-09-13','F',14,'laura.castaño1372@uniandes.edu.co','Colombiana'),(1755,'Esteban','Alejandra','Castro','Gómez','2001-07-15','M',6,'esteban.castro1102@gmail.com','Colombiana'),(1756,'Fernando','Alejandro','Navarro','Reyes','1990-06-02','M',5,'fernando.navarro5197@hotmail.com','Colombiana'),(1757,'Luis','Ricardo','Torres','Torres','2004-09-21','M',6,'luis.torres7389@yahoo.com','Venezolana'),(1758,'Daniel','Javier','García','Herrera','1993-07-27','M',1,'daniel.garcía8518@uniandes.edu.co','Colombiana'),(1759,'Isabella',NULL,'Hernández','Reyes','2000-08-22','F',7,'isabella.hernández2886@gmail.com','Colombiana'),(1760,'Juan',NULL,'González','Salazar','1999-05-02','M',5,'juan.gonzález2386@yahoo.com','Colombiana'),(1761,'Julián',NULL,'Castaño','Mendoza','2005-05-09','M',9,'julián.castaño4054@gmail.com','Colombiana'),(1762,'Felipe','Lucía','Castaño','Vargas','1999-01-05','M',6,'felipe.castaño5991@uniandes.edu.co','Colombiana'),(1763,'Esteban',NULL,'Ruiz','Torres','1995-04-13','M',14,'esteban.ruiz9402@yahoo.com','Colombiana'),(1764,'Juliana','Manuel','Castro','Vargas','2000-01-08','F',14,'juliana.castro6916@gmail.com','Colombiana'),(1765,'Eliana','Teresa','Hernández','Morales','1992-05-07','F',6,'eliana.hernández6820@yahoo.com','Colombiana'),(1766,'Isabella',NULL,'Castaño','Montoya','2003-12-15','F',13,'isabella.castaño4113@outlook.com','Colombiana'),(1767,'Santiago',NULL,'García','Valencia','2003-12-04','M',7,'santiago.garcía3093@uniandes.edu.co','Colombiana'),(1768,'Esteban','Marcela','Hernández','Cruz','1987-06-07','M',3,'esteban.hernández3210@uniandes.edu.co','Colombiana'),(1769,'Sofía',NULL,'Gómez','Ríos','1980-08-16','F',9,'sofía.gómez6007@yahoo.com','Venezolana'),(1770,'Isabella',NULL,'Mejía','Herrera','1989-10-28','F',11,'isabella.mejía3958@yahoo.com','Colombiana'),(1771,'Esteban','Eduardo','Ruiz','Zapata','1987-08-02','M',2,'esteban.ruiz1342@uniandes.edu.co','Colombiana'),(1772,'Natalia',NULL,'Ramírez','Rojas','1997-03-29','F',15,'natalia.ramírez7108@unal.edu.co','Colombiana'),(1773,'Manuela',NULL,'Mejía','Gómez','1985-04-04','F',15,'manuela.mejía0766@uniandes.edu.co','Colombiana'),(1774,'Eliana',NULL,'Mejía','Torres','1999-06-07','F',10,'eliana.mejía7924@uniandes.edu.co','Colombiana'),(1775,'José','José','López','Valencia','1993-06-16','M',10,'josé.lópez3935@hotmail.com','Colombiana'),(1776,'Carolina','Cristina','Castaño','Ríos','1983-05-05','F',12,'carolina.castaño2437@yahoo.com','Colombiana'),(1777,'Esteban','Martín','García','Patiño','1992-01-19','M',10,'esteban.garcía2113@uniandes.edu.co','Venezolana'),(1778,'Natalia','Alejandra','Morales','Cruz','1986-04-06','F',11,'natalia.morales8249@hotmail.com','Colombiana'),(1779,'Isabella',NULL,'Ruiz','Ríos','1982-02-01','F',6,'isabella.ruiz4298@yahoo.com','Colombiana'),(1780,'Sebastián',NULL,'Martínez','Zapata','1994-03-13','M',3,'sebastián.martínez9653@outlook.com','Colombiana'),(1781,'Esteban','Martín','Pérez','Torres','2002-03-07','M',7,'esteban.pérez7358@gmail.com','Colombiana'),(1782,'Julián',NULL,'Navarro','Ruiz','1997-09-13','M',14,'julián.navarro7191@unal.edu.co','Colombiana'),(1783,'Sara','Beatriz','Pérez','Morales','1996-01-25','F',10,'sara.pérez3899@gmail.com','Colombiana'),(1784,'Santiago','Javier','Ortega','Montoya','2001-04-20','M',4,'santiago.ortega5377@outlook.com','Colombiana'),(1785,'María','Lucía','Gómez','Herrera','2002-01-03','F',9,'maría.gómez8101@unal.edu.co','Colombiana'),(1786,'Andrés','Elena','Ramírez','Rojas','2003-07-14','M',2,'andrés.ramírez4182@hotmail.com','Colombiana'),(1787,'María','Felipe','Castaño','Torres','1999-05-18','F',11,'maría.castaño2366@yahoo.com','Colombiana'),(1788,'Miguel','Isabel','Rodríguez','Reyes','2004-01-04','M',3,'miguel.rodríguez5790@gmail.com','Venezolana'),(1789,'Laura',NULL,'Castro','Bautista','2003-11-04','F',12,'laura.castro3104@uniandes.edu.co','Colombiana'),(1790,'José',NULL,'Morales','Vargas','1982-09-02','M',1,'josé.morales5035@outlook.com','Colombiana'),(1791,'Laura',NULL,'Pérez','Mendoza','2004-04-07','F',14,'laura.pérez0185@outlook.com','Venezolana'),(1792,'Felipe',NULL,'Mejía','Mendoza','1985-09-04','M',7,'felipe.mejía1882@outlook.com','Colombiana'),(1793,'Isabella',NULL,'Gómez','Torres','1988-06-26','F',13,'isabella.gómez6255@gmail.com','Colombiana'),(1794,'Eliana',NULL,'Ortega','Quintero','1999-05-17','F',4,'eliana.ortega6168@yahoo.com','Colombiana'),(1795,'Daniel','Cristina','Ramírez','Bautista','1994-09-10','M',11,'daniel.ramírez0226@hotmail.com','Colombiana'),(1796,'Jorge','Beatriz','García','Rojas','1985-09-27','M',4,'jorge.garcía4021@hotmail.com','Colombiana'),(1797,'Sofía','Alejandro','Pérez','Mendoza','1993-11-01','F',12,'sofía.pérez5714@outlook.com','Colombiana'),(1798,'Paula','Andrés','Rodríguez','Gómez','1985-03-17','F',11,'paula.rodríguez9008@yahoo.com','Colombiana'),(1799,'Andrea','Alejandro','Ortega','Vargas','1991-03-28','F',7,'andrea.ortega8942@outlook.com','Colombiana'),(1800,'Mateo',NULL,'Mejía','Zapata','1990-01-04','M',4,'mateo.mejía4778@outlook.com','Colombiana'),(1801,'María',NULL,'Salazar','Mejía','2002-12-11','F',3,'maría.salazar4452@unal.edu.co','Venezolana'),(1802,'Laura',NULL,'López','Salazar','1998-08-17','F',14,'laura.lópez8930@outlook.com','Colombiana'),(1803,'Juliana','José','Ramírez','Quintero','1986-03-27','F',8,'juliana.ramírez9633@gmail.com','Colombiana'),(1804,'Gabriela',NULL,'Gómez','Zapata','2005-01-07','F',14,'gabriela.gómez5813@gmail.com','Colombiana'),(1805,'Tomás',NULL,'Castaño','Reyes','1984-07-22','M',6,'tomás.castaño7392@outlook.com','Colombiana'),(1806,'Lucía','Manuel','Morales','Reyes','2005-04-18','F',2,'lucía.morales5813@yahoo.com','Colombiana'),(1807,'Juan',NULL,'Mejía','Zapata','1980-07-15','M',7,'juan.mejía1523@uniandes.edu.co','Colombiana'),(1808,'Andrés','Rocío','Pérez','Mendoza','1981-11-27','M',1,'andrés.pérez9754@unal.edu.co','Colombiana'),(1809,'Fernando','Alejandro','Ruiz','Cruz','1991-01-03','M',7,'fernando.ruiz6481@yahoo.com','Colombiana'),(1810,'Lucía','Lucía','Castro','Valencia','1999-09-16','F',15,'lucía.castro7207@outlook.com','Colombiana'),(1811,'Daniel',NULL,'Salazar','Rojas','1991-01-26','M',5,'daniel.salazar4638@gmail.com','Colombiana'),(1812,'Ángela','Antonio','Martínez','Zapata','1990-01-03','F',3,'ángela.martínez9619@unal.edu.co','Colombiana'),(1813,'Juan',NULL,'Martínez','Ríos','1995-05-25','M',15,'juan.martínez9684@gmail.com','Colombiana'),(1814,'Luis','Javier','Morales','Ríos','1987-03-26','M',4,'luis.morales2534@hotmail.com','Colombiana'),(1815,'Tomás','Alejandro','Salazar','Morales','2000-10-09','M',4,'tomás.salazar9255@outlook.com','Venezolana'),(1816,'David',NULL,'Hernández','Mejía','1993-08-16','M',3,'david.hernández0680@uniandes.edu.co','Colombiana'),(1817,'Fernanda','Teresa','Sánchez','Montoya','2001-12-13','F',5,'fernanda.sánchez8104@unal.edu.co','Colombiana'),(1818,'Santiago',NULL,'Mejía','Valencia','1980-09-20','M',3,'santiago.mejía9865@yahoo.com','Colombiana'),(1819,'Luis',NULL,'Castro','Cruz','1993-11-30','M',1,'luis.castro8933@yahoo.com','Colombiana'),(1820,'Juliana',NULL,'Mejía','Montoya','1985-03-16','F',2,'juliana.mejía9679@outlook.com','Colombiana'),(1821,'Cristian',NULL,'Martínez','Vargas','2004-04-18','M',8,'cristian.martínez9832@gmail.com','Colombiana'),(1822,'Manuela',NULL,'Castro','Zapata','2000-09-14','F',9,'manuela.castro8446@yahoo.com','Colombiana'),(1823,'Gabriela',NULL,'García','Morales','2000-01-17','F',5,'gabriela.garcía0970@outlook.com','Colombiana'),(1824,'Andrea','José','Navarro','Ortega','2002-09-18','F',8,'andrea.navarro8704@uniandes.edu.co','Colombiana'),(1825,'Carlos','Isabel','Pérez','Reyes','1994-06-04','M',6,'carlos.pérez0558@unal.edu.co','Colombiana'),(1826,'Gabriela',NULL,'Mejía','Morales','1992-11-16','F',6,'gabriela.mejía4274@unal.edu.co','Colombiana'),(1827,'Eliana',NULL,'Salazar','Morales','1983-06-13','F',15,'eliana.salazar9121@gmail.com','Colombiana'),(1828,'Luis','Teresa','Navarro','Herrera','1985-09-22','M',2,'luis.navarro5963@outlook.com','Colombiana'),(1829,'Daniela','Patricia','Navarro','Valencia','2001-03-20','F',1,'daniela.navarro2730@yahoo.com','Colombiana'),(1830,'Daniela','Rocío','García','Herrera','1997-05-13','F',4,'daniela.garcía1065@unal.edu.co','Colombiana'),(1831,'Carlos','Eduardo','Ruiz','Patiño','2000-08-06','M',5,'carlos.ruiz4574@yahoo.com','Colombiana'),(1832,'Felipe','Martín','Rodríguez','Gómez','1990-01-17','M',8,'felipe.rodríguez9793@uniandes.edu.co','Colombiana'),(1833,'Juliana','Cristina','Castaño','Ríos','2001-11-26','F',14,'juliana.castaño6242@unal.edu.co','Colombiana'),(1834,'Tomás','Martín','López','Vargas','1989-10-08','M',1,'tomás.lópez7085@hotmail.com','Colombiana'),(1835,'Natalia',NULL,'Sánchez','Mendoza','1995-09-06','F',6,'natalia.sánchez2924@unal.edu.co','Colombiana'),(1836,'José',NULL,'Rodríguez','Gómez','1998-07-10','M',9,'josé.rodríguez4585@gmail.com','Colombiana'),(1837,'Camilo','Antonio','Morales','Bautista','1991-06-20','M',13,'camilo.morales9594@hotmail.com','Ecuatoriana'),(1838,'Carlos',NULL,'Navarro','Bautista','1990-07-13','M',10,'carlos.navarro8635@gmail.com','Colombiana'),(1839,'Camila',NULL,'López','Valencia','1985-09-13','F',5,'camila.lópez5105@yahoo.com','Colombiana'),(1840,'María','Lucía','Martínez','Valencia','1984-06-03','F',15,'maría.martínez8499@uniandes.edu.co','Colombiana'),(1841,'Sebastián','Martín','Navarro','Salazar','2005-09-17','M',6,'sebastián.navarro8116@gmail.com','Colombiana'),(1842,'Jorge','Patricia','Gómez','Herrera','1990-03-01','M',7,'jorge.gómez5332@hotmail.com','Colombiana'),(1843,'Fernanda',NULL,'González','Mendoza','2000-03-28','F',5,'fernanda.gonzález5134@outlook.com','Colombiana'),(1844,'Sara','Alejandro','López','Salazar','2000-03-02','F',7,'sara.lópez9426@hotmail.com','Venezolana'),(1845,'Nicolás','Beatriz','González','Quintero','1986-02-23','M',14,'nicolás.gonzález3464@gmail.com','Colombiana'),(1846,'Miguel','Elena','Rodríguez','Ruiz','1982-12-27','M',1,'miguel.rodríguez3638@hotmail.com','Colombiana'),(1847,'José','Martín','Martínez','Mejía','1997-04-22','M',4,'josé.martínez5064@unal.edu.co','Colombiana'),(1848,'Felipe','Teresa','López','Torres','1995-05-28','M',13,'felipe.lópez6837@unal.edu.co','Venezolana'),(1849,'Jorge',NULL,'Ortega','Mendoza','2000-10-08','M',5,'jorge.ortega2830@gmail.com','Colombiana'),(1850,'Felipe','Antonio','Mejía','Valencia','1988-02-16','M',10,'felipe.mejía5222@uniandes.edu.co','Colombiana'),(1851,'Ángela','Beatriz','Martínez','Torres','1987-02-15','F',1,'ángela.martínez3140@uniandes.edu.co','Colombiana'),(1852,'Manuela','Patricia','López','Ortega','2004-03-02','F',1,'manuela.lópez6061@outlook.com','Colombiana'),(1853,'Santiago','Elena','Navarro','Quintero','1989-10-24','M',7,'santiago.navarro2932@hotmail.com','Colombiana'),(1854,'Ángela','Manuel','Mejía','Ruiz','1991-09-15','F',10,'ángela.mejía8986@gmail.com','Colombiana'),(1855,'Esteban','Lucía','Martínez','Montoya','1993-02-14','M',7,'esteban.martínez4155@unal.edu.co','Colombiana'),(1856,'Paula','Ricardo','Pérez','Bautista','1981-04-10','F',1,'paula.pérez5673@uniandes.edu.co','Colombiana'),(1857,'Lucía','Isabel','Pérez','Ríos','1989-04-15','F',12,'lucía.pérez1866@yahoo.com','Colombiana'),(1858,'Paula','Ricardo','Hernández','Gómez','1984-01-23','F',1,'paula.hernández7980@unal.edu.co','Colombiana'),(1859,'Sebastián',NULL,'Rodríguez','Mendoza','1984-12-05','M',1,'sebastián.rodríguez3253@gmail.com','Venezolana'),(1860,'Nicolás','Andrés','González','Valencia','1984-10-09','M',13,'nicolás.gonzález6349@unal.edu.co','Colombiana'),(1861,'David','Javier','Salazar','Vargas','1999-03-28','M',9,'david.salazar1797@uniandes.edu.co','Colombiana'),(1862,'Valentina',NULL,'Ortega','Herrera','1986-09-13','F',3,'valentina.ortega1859@gmail.com','Colombiana'),(1863,'Esteban',NULL,'Rodríguez','Cruz','1991-05-22','M',12,'esteban.rodríguez7730@unal.edu.co','Colombiana'),(1864,'Sebastián','Javier','Mejía','Torres','2003-07-19','M',8,'sebastián.mejía2507@unal.edu.co','Colombiana'),(1865,'Laura','Javier','Torres','Mejía','1985-01-18','F',15,'laura.torres2411@unal.edu.co','Colombiana'),(1866,'Carlos','Manuel','González','Ortega','1984-09-12','M',7,'carlos.gonzález0410@unal.edu.co','Venezolana'),(1867,'José','Alejandra','Mejía','Herrera','1983-09-15','M',8,'josé.mejía3522@hotmail.com','Venezolana'),(1868,'Laura','Antonio','Castaño','Gómez','1997-12-14','F',3,'laura.castaño2959@hotmail.com','Colombiana'),(1869,'Camilo','Teresa','Ortega','Mejía','1996-08-26','M',1,'camilo.ortega0726@hotmail.com','Colombiana'),(1870,'Sofía','Manuel','Ramírez','Torres','2005-12-18','F',14,'sofía.ramírez6960@hotmail.com','Colombiana'),(1871,'David','José','Ramírez','Bautista','1982-03-16','M',10,'david.ramírez8132@uniandes.edu.co','Colombiana'),(1872,'Lucía','Ricardo','Sánchez','Rojas','1995-06-04','F',6,'lucía.sánchez3787@gmail.com','Colombiana'),(1873,'Jorge',NULL,'Martínez','Reyes','1987-03-10','M',8,'jorge.martínez6610@hotmail.com','Colombiana'),(1874,'Camilo',NULL,'Torres','Bautista','1984-12-19','M',5,'camilo.torres9913@hotmail.com','Colombiana'),(1875,'Juliana','Rocío','López','Mejía','1981-08-16','F',3,'juliana.lópez5073@hotmail.com','Venezolana'),(1876,'Carlos',NULL,'Ramírez','Ruiz','1984-12-22','M',12,'carlos.ramírez2891@yahoo.com','Colombiana'),(1877,'Fernando',NULL,'Hernández','Reyes','1985-04-30','M',12,'fernando.hernández1437@gmail.com','Colombiana'),(1878,'Andrés','Alejandra','Navarro','Mejía','1999-01-03','M',6,'andrés.navarro8727@outlook.com','Colombiana'),(1879,'Esteban',NULL,'Torres','Ortega','1996-04-08','M',8,'esteban.torres7552@yahoo.com','Colombiana'),(1880,'Daniel',NULL,'Ortega','Ríos','1994-04-02','M',13,'daniel.ortega8458@unal.edu.co','Colombiana'),(1881,'Felipe',NULL,'Torres','Ruiz','1982-10-30','M',15,'felipe.torres3725@unal.edu.co','Colombiana'),(1882,'Carolina','Manuel','Mejía','Ríos','1990-03-05','F',14,'carolina.mejía6971@outlook.com','Colombiana'),(1883,'Mateo',NULL,'Rodríguez','Salazar','1980-06-25','M',15,'mateo.rodríguez6980@hotmail.com','Venezolana'),(1884,'Carlos','Cristina','Ortega','Torres','1997-05-03','M',2,'carlos.ortega7652@uniandes.edu.co','Colombiana'),(1885,'Gabriela','Alejandro','Martínez','Quintero','2002-10-20','F',14,'gabriela.martínez1462@gmail.com','Colombiana'),(1886,'Juan',NULL,'Vargas','Torres','1982-07-11','M',5,'juan.vargas7574@hotmail.com','Venezolana'),(1887,'Camilo','Alejandro','Navarro','Rojas','1999-04-19','M',6,'camilo.navarro3364@hotmail.com','Colombiana'),(1888,'José','Marcela','Salazar','Zapata','1996-12-03','M',9,'josé.salazar2026@gmail.com','Colombiana'),(1889,'Camila','Ricardo','Castro','Bautista','1990-07-13','F',7,'camila.castro0455@gmail.com','Colombiana'),(1890,'Sofía','Antonio','Navarro','Ríos','1987-09-11','F',3,'sofía.navarro4698@hotmail.com','Colombiana'),(1891,'Daniela',NULL,'Martínez','Ruiz','2004-04-22','F',15,'daniela.martínez6397@hotmail.com','Colombiana'),(1892,'Carlos','Antonio','Castro','Zapata','1996-09-12','M',7,'carlos.castro8808@hotmail.com','Colombiana'),(1893,'Camila','Rocío','Castro','Mendoza','2004-03-08','F',10,'camila.castro4332@hotmail.com','Colombiana'),(1894,'Manuela','Rocío','Salazar','Ortega','1988-03-06','F',14,'manuela.salazar5324@uniandes.edu.co','Colombiana'),(1895,'Diana','Martín','Ruiz','Mejía','2000-12-11','F',14,'diana.ruiz5100@gmail.com','Venezolana'),(1896,'Miguel','Patricia','Mejía','Rojas','1986-03-29','M',7,'miguel.mejía0648@unal.edu.co','Colombiana'),(1897,'Camila','Lucía','Salazar','Salazar','1990-04-12','F',10,'camila.salazar6457@gmail.com','Colombiana'),(1898,'Santiago','Beatriz','López','Ríos','1995-08-26','M',7,'santiago.lópez2092@outlook.com','Colombiana'),(1899,'Paula','Andrés','García','Herrera','1996-06-14','F',1,'paula.garcía6444@outlook.com','Colombiana'),(1900,'Isabella','José','Castaño','Salazar','1980-01-26','F',12,'isabella.castaño4946@hotmail.com','Colombiana'),(1901,'Diana','Ricardo','González','Montoya','1998-11-08','F',1,'diana.gonzález4959@outlook.com','Colombiana'),(1902,'Santiago','Martín','Gómez','Quintero','2000-07-12','M',15,'santiago.gómez2238@uniandes.edu.co','Colombiana'),(1903,'Felipe',NULL,'Vargas','Mejía','1998-09-28','M',3,'felipe.vargas5549@unal.edu.co','Colombiana'),(1904,'Felipe',NULL,'Ruiz','Valencia','1998-06-26','M',4,'felipe.ruiz1432@unal.edu.co','Colombiana'),(1905,'Tomás','Andrés','Sánchez','Bautista','2002-06-17','M',2,'tomás.sánchez8283@unal.edu.co','Colombiana'),(1906,'Tomás',NULL,'Torres','Salazar','1997-09-10','M',5,'tomás.torres2841@hotmail.com','Colombiana'),(1907,'Andrés','Martín','Ramírez','Mendoza','1998-08-06','M',1,'andrés.ramírez0576@gmail.com','Colombiana'),(1908,'Valentina',NULL,'Martínez','Ríos','2000-08-03','F',6,'valentina.martínez1518@hotmail.com','Colombiana'),(1909,'Felipe','Marcela','Mejía','Herrera','1985-04-12','M',8,'felipe.mejía9274@gmail.com','Venezolana'),(1910,'Tomás','Isabel','Mejía','Vargas','2005-05-30','M',4,'tomás.mejía3327@uniandes.edu.co','Colombiana'),(1911,'Daniela',NULL,'Mejía','Zapata','1988-09-26','F',4,'daniela.mejía2594@outlook.com','Colombiana'),(1912,'Isabella','Isabel','Sánchez','Salazar','1980-08-13','F',4,'isabella.sánchez9223@unal.edu.co','Colombiana'),(1913,'Laura','Javier','Morales','Herrera','1980-11-29','F',12,'laura.morales0255@gmail.com','Colombiana'),(1914,'Andrés','Teresa','Torres','Torres','2000-07-26','M',1,'andrés.torres5411@hotmail.com','Colombiana'),(1915,'David',NULL,'Hernández','Morales','2004-06-09','M',15,'david.hernández0700@unal.edu.co','Colombiana'),(1916,'Julián',NULL,'Pérez','Ríos','1991-08-30','M',14,'julián.pérez2988@gmail.com','Venezolana'),(1917,'Manuela','Elena','Salazar','Montoya','1994-12-02','F',12,'manuela.salazar4384@hotmail.com','Colombiana'),(1918,'Fernando',NULL,'García','Mendoza','1991-02-09','M',6,'fernando.garcía8492@yahoo.com','Colombiana'),(1919,'Sebastián',NULL,'Ortega','Mejía','1988-07-10','M',15,'sebastián.ortega7935@yahoo.com','Colombiana'),(1920,'Manuela','Alejandra','Ramírez','Quintero','1990-10-11','F',9,'manuela.ramírez7653@unal.edu.co','Colombiana'),(1921,'Andrea',NULL,'Navarro','Ruiz','1981-11-22','F',1,'andrea.navarro1618@unal.edu.co','Colombiana'),(1922,'Camilo','Lucía','Vargas','Quintero','2000-12-13','M',3,'camilo.vargas3903@unal.edu.co','Colombiana'),(1923,'Eliana','Lucía','Salazar','Quintero','1998-09-26','F',4,'eliana.salazar1846@uniandes.edu.co','Colombiana'),(1924,'José','Andrés','Ortega','Herrera','1994-10-16','M',5,'josé.ortega8891@uniandes.edu.co','Colombiana'),(1925,'Luis',NULL,'Sánchez','Herrera','1992-09-22','M',4,'luis.sánchez3242@gmail.com','Colombiana'),(1926,'Natalia','Manuel','Navarro','Ríos','1996-10-22','F',13,'natalia.navarro5704@yahoo.com','Venezolana'),(1927,'Natalia','Andrés','Castaño','Patiño','2005-02-03','F',13,'natalia.castaño7961@gmail.com','Colombiana'),(1928,'José',NULL,'Castro','Patiño','2005-04-02','M',1,'josé.castro7436@uniandes.edu.co','Colombiana'),(1929,'Juliana','Alejandra','Castro','Herrera','1991-06-18','F',3,'juliana.castro6185@uniandes.edu.co','Colombiana'),(1930,'Lucía','Alejandro','Ortega','Gómez','1995-01-08','F',12,'lucía.ortega6202@hotmail.com','Colombiana'),(1931,'Diana','Alejandro','Mejía','Bautista','2004-05-23','F',14,'diana.mejía0848@unal.edu.co','Venezolana'),(1932,'Paula','Alejandra','Morales','Mendoza','2000-12-02','F',7,'paula.morales3445@outlook.com','Colombiana'),(1933,'Sofía',NULL,'Gómez','Zapata','1999-07-28','F',12,'sofía.gómez4016@uniandes.edu.co','Colombiana'),(1934,'Isabella',NULL,'Morales','Montoya','1989-04-05','F',10,'isabella.morales6498@outlook.com','Colombiana'),(1935,'Carolina','Teresa','Salazar','Bautista','2001-11-28','F',14,'carolina.salazar5985@hotmail.com','Colombiana'),(1936,'Valentina',NULL,'Castaño','Patiño','1987-12-24','F',13,'valentina.castaño9566@yahoo.com','Colombiana'),(1937,'Julián',NULL,'Torres','Valencia','1998-02-18','M',15,'julián.torres8001@yahoo.com','Colombiana'),(1938,'Juan',NULL,'García','Torres','1996-03-21','M',7,'juan.garcía4150@outlook.com','Colombiana'),(1939,'Valentina','Martín','González','Bautista','1987-08-05','F',7,'valentina.gonzález8752@unal.edu.co','Colombiana'),(1940,'Fernanda',NULL,'Sánchez','Mendoza','1990-07-02','F',1,'fernanda.sánchez2452@gmail.com','Venezolana'),(1941,'Esteban','Antonio','Vargas','Ortega','2001-07-19','M',4,'esteban.vargas4601@uniandes.edu.co','Colombiana'),(1942,'María','Eduardo','López','Mendoza','1983-02-20','F',14,'maría.lópez1559@hotmail.com','Venezolana'),(1943,'Fernanda','Ricardo','Ortega','Herrera','1997-04-19','F',5,'fernanda.ortega6283@gmail.com','Colombiana'),(1944,'Diana','Cristina','Pérez','Rojas','1987-08-09','F',14,'diana.pérez6454@hotmail.com','Colombiana'),(1945,'María',NULL,'Hernández','Mejía','2000-01-13','F',10,'maría.hernández1218@outlook.com','Colombiana'),(1946,'Tomás','Javier','García','Herrera','1997-10-31','M',12,'tomás.garcía4848@hotmail.com','Colombiana'),(1947,'Fernando',NULL,'González','Mejía','1995-01-13','M',13,'fernando.gonzález9390@yahoo.com','Colombiana'),(1948,'Laura','Patricia','López','Morales','2000-08-11','F',15,'laura.lópez4186@uniandes.edu.co','Colombiana'),(1949,'Daniel','Patricia','Castaño','Gómez','2005-09-17','M',13,'daniel.castaño4089@gmail.com','Venezolana'),(1950,'Julián','Beatriz','Hernández','Reyes','1989-04-11','M',7,'julián.hernández4023@yahoo.com','Colombiana'),(1951,'Lucía',NULL,'Castro','Herrera','1990-09-20','F',8,'lucía.castro8885@outlook.com','Colombiana'),(1952,'David',NULL,'López','Bautista','2001-12-08','M',4,'david.lópez3204@gmail.com','Colombiana'),(1953,'Cristian',NULL,'Martínez','Mendoza','1997-12-09','M',13,'cristian.martínez3845@yahoo.com','Colombiana'),(1954,'Juan',NULL,'Vargas','Reyes','1985-06-02','M',12,'juan.vargas8004@hotmail.com','Colombiana'),(1955,'Miguel','Ricardo','Navarro','Patiño','2005-07-24','M',9,'miguel.navarro0280@outlook.com','Colombiana'),(1956,'Diana','Isabel','Sánchez','Torres','1990-05-06','F',14,'diana.sánchez4436@gmail.com','Colombiana'),(1957,'Fernanda','Elena','Ruiz','Salazar','2004-03-31','F',2,'fernanda.ruiz9658@gmail.com','Colombiana'),(1958,'David','Manuel','Castaño','Morales','1982-05-21','M',3,'david.castaño2990@outlook.com','Venezolana'),(1959,'Nicolás','Elena','Vargas','Patiño','1982-07-13','M',10,'nicolás.vargas0774@gmail.com','Colombiana'),(1960,'Luis',NULL,'Salazar','Cruz','1981-06-15','M',2,'luis.salazar8802@outlook.com','Colombiana'),(1961,'Eliana','Beatriz','Ramírez','Reyes','1984-03-27','F',3,'eliana.ramírez1256@gmail.com','Colombiana'),(1962,'Felipe',NULL,'Hernández','Salazar','1992-10-25','M',8,'felipe.hernández7974@unal.edu.co','Colombiana'),(1963,'David',NULL,'García','Ruiz','2002-08-11','M',7,'david.garcía8681@uniandes.edu.co','Colombiana'),(1964,'Andrés','Alejandra','Vargas','Cruz','1986-12-06','M',11,'andrés.vargas9195@uniandes.edu.co','Venezolana'),(1965,'Cristian','Lucía','Torres','Quintero','1996-03-28','M',11,'cristian.torres9666@yahoo.com','Colombiana'),(1966,'Sofía','Javier','Navarro','Bautista','1992-12-16','F',10,'sofía.navarro2785@yahoo.com','Colombiana'),(1967,'Juliana',NULL,'Castaño','Gómez','1990-02-21','F',2,'juliana.castaño2269@yahoo.com','Colombiana'),(1968,'Fernando',NULL,'García','Vargas','2003-11-03','M',10,'fernando.garcía5291@yahoo.com','Colombiana'),(1969,'Manuela','Patricia','Navarro','Reyes','1993-11-20','F',8,'manuela.navarro7931@hotmail.com','Colombiana'),(1970,'Andrés','Marcela','Ruiz','Herrera','2005-01-10','M',15,'andrés.ruiz1318@uniandes.edu.co','Colombiana'),(1971,'Juan',NULL,'Ramírez','Gómez','1983-07-12','M',7,'juan.ramírez9846@unal.edu.co','Colombiana'),(1972,'Juliana','Rocío','Pérez','Bautista','1995-10-04','F',2,'juliana.pérez7386@yahoo.com','Colombiana'),(1973,'Felipe','Marcela','Castaño','Ríos','1982-12-31','M',14,'felipe.castaño5031@outlook.com','Colombiana'),(1974,'Felipe',NULL,'González','Ruiz','2002-08-16','M',2,'felipe.gonzález0277@unal.edu.co','Colombiana'),(1975,'Carolina','Martín','Castaño','Cruz','1984-12-22','F',8,'carolina.castaño9288@gmail.com','Colombiana'),(1976,'Sofía','Antonio','Martínez','Montoya','1994-05-04','F',14,'sofía.martínez7291@yahoo.com','Venezolana'),(1977,'Fernanda','Teresa','Gómez','Herrera','2004-07-23','F',8,'fernanda.gómez5040@uniandes.edu.co','Venezolana'),(1978,'Juliana','Lucía','Ortega','Torres','1997-07-09','F',15,'juliana.ortega0799@hotmail.com','Colombiana'),(1979,'Daniela',NULL,'Rodríguez','Ortega','1996-04-14','F',10,'daniela.rodríguez0457@hotmail.com','Colombiana'),(1980,'María','Eduardo','Navarro','Reyes','2003-10-26','F',10,'maría.navarro3577@gmail.com','Colombiana'),(1981,'Camilo','Manuel','Castaño','Ortega','2005-09-04','M',15,'camilo.castaño8915@hotmail.com','Colombiana'),(1982,'Natalia','Cristina','Ruiz','Valencia','1990-08-08','F',14,'natalia.ruiz7803@uniandes.edu.co','Colombiana'),(1983,'David','Ricardo','Salazar','Mejía','1986-10-26','M',13,'david.salazar5726@gmail.com','Colombiana'),(1984,'Daniela','Antonio','Salazar','Cruz','1993-11-07','F',2,'daniela.salazar6150@hotmail.com','Colombiana'),(1985,'Valentina',NULL,'Martínez','Ríos','1981-07-18','F',6,'valentina.martínez3037@hotmail.com','Colombiana'),(1986,'Eliana','Rocío','Morales','Ortega','1987-11-18','F',15,'eliana.morales2193@outlook.com','Colombiana'),(1987,'Fernando','Ricardo','Ruiz','Bautista','2004-07-20','M',3,'fernando.ruiz9288@uniandes.edu.co','Colombiana'),(1988,'José',NULL,'Navarro','Mejía','1997-08-16','M',4,'josé.navarro5532@uniandes.edu.co','Colombiana'),(1989,'Fernando','Ricardo','Pérez','Patiño','1996-02-25','M',8,'fernando.pérez7556@yahoo.com','Colombiana'),(1990,'Fernando','Manuel','Morales','Montoya','1996-05-22','M',5,'fernando.morales8872@unal.edu.co','Colombiana'),(1991,'Tomás','Alejandra','Salazar','Zapata','1996-07-14','M',12,'tomás.salazar2066@gmail.com','Colombiana'),(1992,'Esteban','Rocío','Castro','Cruz','1984-02-19','M',13,'esteban.castro7144@gmail.com','Colombiana'),(1993,'Nicolás',NULL,'Sánchez','Vargas','1985-07-07','M',2,'nicolás.sánchez4226@hotmail.com','Colombiana'),(1994,'Felipe','Elena','Ortega','Patiño','1982-07-09','M',12,'felipe.ortega2304@yahoo.com','Colombiana'),(1995,'Natalia',NULL,'Navarro','Montoya','1987-11-28','F',9,'natalia.navarro2123@gmail.com','Colombiana'),(1996,'Andrés','Rocío','García','Herrera','1999-05-14','M',1,'andrés.garcía1337@hotmail.com','Colombiana'),(1997,'Juliana','Elena','Vargas','Rojas','1990-05-30','F',14,'juliana.vargas1104@hotmail.com','Colombiana'),(1998,'Carlos','Manuel','Navarro','Salazar','1984-06-30','M',2,'carlos.navarro6586@uniandes.edu.co','Colombiana'),(1999,'Paula','Felipe','Hernández','Rojas','1982-01-03','F',11,'paula.hernández3330@hotmail.com','Colombiana'),(2000,'Sebastián','Javier','Torres','Mejía','1996-04-30','M',6,'sebastián.torres4004@gmail.com','Colombiana');
/*!40000 ALTER TABLE `estudiante` ENABLE KEYS */;
UNLOCK TABLES;

--
-- Table structure for table `inscripcion`
--

DROP TABLE IF EXISTS `inscripcion`;
/*!40101 SET @saved_cs_client     = @@character_set_client */;
/*!50503 SET character_set_client = utf8mb4 */;
CREATE TABLE `inscripcion` (
  `id_inscripcion` int(11) NOT NULL AUTO_INCREMENT,
  `id_estudiante` int(11) NOT NULL,
  `id_asignatura` int(11) NOT NULL,
  PRIMARY KEY (`id_inscripcion`),
  KEY `fk_inscripcion_estudiante` (`id_estudiante`),
  KEY `fk_inscripcion_asignatura` (`id_asignatura`),
  CONSTRAINT `fk_inscripcion_asignatura` FOREIGN KEY (`id_asignatura`) REFERENCES `asignatura` (`id_asignatura`) ON DELETE CASCADE ON UPDATE CASCADE,
  CONSTRAINT `fk_inscripcion_estudiante` FOREIGN KEY (`id_estudiante`) REFERENCES `estudiante` (`id_estudiante`) ON DELETE CASCADE ON UPDATE CASCADE
) ENGINE=InnoDB AUTO_INCREMENT=11961 DEFAULT CHARSET=latin1 COLLATE=latin1_swedish_ci;
/*!40101 SET character_set_client = @saved_cs_client */;

--
-- Dumping data for table `inscripcion`
--

LOCK TABLES `inscripcion` WRITE;
/*!40000 ALTER TABLE `inscripcion` DISABLE KEYS */;
INSERT INTO `inscripcion` VALUES (1,1,69),(2,1,87),(3,1,28),(4,1,35),(5,1,86),(6,1,82),(8,22,87),(9,22,86),(10,22,88),(11,25,23),(12,25,89),(13,25,69),(14,25,87),(18,38,27),(19,38,82),(20,38,86),(21,38,69),(25,39,83),(26,39,26),(27,39,86),(28,39,69),(32,49,25),(33,49,28),(34,49,23),(35,49,29),(36,49,24),(39,62,87),(40,62,27),(41,62,82),(42,62,29),(43,62,35),(44,62,69),(46,67,35),(47,67,83),(48,67,86),(49,67,24),(50,67,87),(51,67,25),(53,93,87),(54,93,86),(55,93,82),(56,116,26),(57,116,88),(58,116,25),(59,116,24),(60,116,23),(63,117,24),(64,117,87),(65,117,29),(66,118,86),(67,118,35),(68,118,69),(69,118,87),(70,118,26),(73,131,82),(74,131,83),(75,131,27),(76,136,27),(77,136,87),(78,136,29),(79,136,82),(80,136,28),(81,136,25),(83,155,27),(84,155,83),(85,155,35),(86,155,87),(87,155,23),(90,165,26),(91,165,27),(92,165,69),(93,165,28),(94,165,86),(95,165,29),(97,186,83),(98,186,88),(99,186,87),(100,189,26),(101,189,87),(102,189,69),(103,193,25),(104,193,88),(105,193,27),(106,193,87),(110,230,87),(111,230,27),(112,230,69),(113,230,25),(117,231,89),(118,231,82),(119,231,25),(120,231,26),(121,231,24),(124,236,83),(125,236,29),(126,236,27),(127,236,25),(128,236,69),(131,287,86),(132,287,27),(133,287,25),(134,287,69),(135,287,23),(136,287,26),(138,291,25),(139,291,86),(140,291,82),(141,291,27),(142,291,89),(145,297,83),(146,297,29),(147,297,69),(148,297,35),(149,297,82),(150,297,28),(152,301,86),(153,301,28),(154,301,87),(155,301,69),(156,301,23),(159,303,82),(160,303,86),(161,303,23),(162,303,69),(163,303,26),(164,303,24),(166,330,29),(167,330,83),(168,330,25),(169,335,29),(170,335,23),(171,335,24),(172,351,82),(173,351,87),(174,351,25),(175,351,28),(179,393,87),(180,393,29),(181,393,83),(182,393,23),(186,399,29),(187,399,82),(188,399,27),(189,403,26),(190,403,86),(191,403,69),(192,403,88),(193,403,83),(194,403,89),(196,411,27),(197,411,82),(198,411,87),(199,411,88),(200,411,35),(203,416,69),(204,416,86),(205,416,25),(206,416,83),(207,416,23),(208,416,89),(210,432,86),(211,432,26),(212,432,88),(213,441,87),(214,441,29),(215,441,28),(216,467,82),(217,467,86),(218,467,87),(219,467,83),(223,477,23),(224,477,82),(225,477,83),(226,477,86),(227,477,69),(230,532,26),(231,532,28),(232,532,35),(233,535,69),(234,535,88),(235,535,86),(236,535,23),(237,535,28),(238,535,25),(240,554,88),(241,554,82),(242,554,28),(243,554,83),(247,561,27),(248,561,28),(249,561,25),(250,573,29),(251,573,27),(252,573,86),(253,573,89),(254,573,25),(255,573,87),(257,608,69),(258,608,89),(259,608,25),(260,608,83),(264,625,83),(265,625,88),(266,625,82),(267,625,27),(268,625,25),(269,625,89),(271,632,83),(272,632,28),(273,632,25),(274,632,89),(275,632,35),(276,632,26),(278,634,87),(279,634,69),(280,634,26),(281,642,88),(282,642,83),(283,642,29),(284,642,87),(288,711,23),(289,711,24),(290,711,69),(291,711,25),(292,711,26),(293,711,29),(295,714,26),(296,714,88),(297,714,25),(298,714,29),(299,714,87),(300,714,28),(302,731,29),(303,731,28),(304,731,25),(305,731,89),(309,734,28),(310,734,86),(311,734,29),(312,734,88),(313,734,87),(316,779,87),(317,779,28),(318,779,29),(319,779,23),(320,779,26),(323,787,27),(324,787,86),(325,787,87),(326,787,35),(327,787,82),(330,796,88),(331,796,82),(332,796,26),(333,796,24),(334,796,86),(337,816,69),(338,816,89),(339,816,35),(340,816,28),(344,822,35),(345,822,23),(346,822,26),(347,822,25),(351,851,29),(352,851,88),(353,851,35),(354,851,24),(355,851,83),(356,851,23),(358,893,27),(359,893,29),(360,893,26),(361,893,88),(362,893,86),(363,893,24),(365,894,28),(366,894,24),(367,894,23),(368,896,89),(369,896,29),(370,896,23),(371,897,69),(372,897,25),(373,897,86),(374,904,87),(375,904,82),(376,904,26),(377,907,69),(378,907,86),(379,907,29),(380,907,26),(381,907,83),(382,907,82),(384,917,86),(385,917,69),(386,917,28),(387,917,23),(388,917,24),(389,917,87),(391,921,83),(392,921,27),(393,921,23),(394,921,25),(398,939,35),(399,939,25),(400,939,87),(401,946,24),(402,946,25),(403,946,88),(404,946,26),(408,964,24),(409,964,28),(410,964,27),(411,964,25),(412,964,29),(415,965,28),(416,965,87),(417,965,24),(418,965,29),(419,965,86),(422,969,82),(423,969,88),(424,969,25),(425,969,89),(426,969,35),(429,981,27),(430,981,88),(431,981,28),(432,981,69),(436,994,26),(437,994,88),(438,994,87),(439,994,25),(443,999,23),(444,999,69),(445,999,27),(446,999,24),(450,1018,35),(451,1018,26),(452,1018,88),(453,1018,87),(454,1018,29),(455,1018,24),(457,1042,87),(458,1042,28),(459,1042,29),(460,1042,89),(461,1042,69),(464,1062,24),(465,1062,27),(466,1062,29),(467,1062,35),(468,1062,88),(469,1062,83),(471,1104,69),(472,1104,89),(473,1104,35),(474,1149,24),(475,1149,27),(476,1149,35),(477,1149,25),(481,1159,35),(482,1159,24),(483,1159,89),(484,1166,25),(485,1166,83),(486,1166,88),(487,1182,35),(488,1182,89),(489,1182,27),(490,1182,86),(491,1182,88),(492,1182,26),(494,1188,69),(495,1188,26),(496,1188,88),(497,1197,27),(498,1197,82),(499,1197,35),(500,1197,26),(501,1197,89),(504,1206,35),(505,1206,23),(506,1206,26),(507,1206,89),(508,1206,86),(511,1221,27),(512,1221,86),(513,1221,35),(514,1226,35),(515,1226,83),(516,1226,26),(517,1226,24),(518,1226,88),(521,1249,89),(522,1249,24),(523,1249,82),(524,1249,29),(525,1249,23),(526,1249,88),(528,1258,29),(529,1258,87),(530,1258,89),(531,1275,28),(532,1275,23),(533,1275,88),(534,1310,86),(535,1310,24),(536,1310,29),(537,1310,87),(538,1310,25),(541,1313,26),(542,1313,28),(543,1313,83),(544,1313,87),(545,1313,89),(546,1313,69),(548,1338,89),(549,1338,28),(550,1338,29),(551,1338,27),(555,1395,23),(556,1395,28),(557,1395,89),(558,1399,82),(559,1399,26),(560,1399,83),(561,1399,69),(562,1399,87),(563,1399,24),(565,1411,89),(566,1411,88),(567,1411,25),(568,1411,35),(572,1418,25),(573,1418,29),(574,1418,83),(575,1418,35),(576,1418,24),(579,1419,88),(580,1419,29),(581,1419,28),(582,1419,27),(583,1419,89),(584,1419,87),(586,1431,23),(587,1431,27),(588,1431,25),(589,1441,28),(590,1441,29),(591,1441,23),(592,1441,35),(593,1441,69),(596,1490,88),(597,1490,69),(598,1490,87),(599,1490,23),(603,1505,88),(604,1505,25),(605,1505,86),(606,1505,89),(610,1508,28),(611,1508,87),(612,1508,29),(613,1531,23),(614,1531,88),(615,1531,27),(616,1550,23),(617,1550,69),(618,1550,28),(619,1574,27),(620,1574,83),(621,1574,82),(622,1591,87),(623,1591,24),(624,1591,25),(625,1626,83),(626,1626,23),(627,1626,87),(628,1626,86),(629,1626,29),(630,1626,89),(632,1645,35),(633,1645,26),(634,1645,28),(635,1645,83),(636,1645,87),(639,1647,82),(640,1647,83),(641,1647,29),(642,1647,26),(643,1647,27),(644,1647,87),(646,1690,26),(647,1690,89),(648,1690,35),(649,1690,24),(650,1690,23),(653,1732,24),(654,1732,26),(655,1732,23),(656,1732,28),(660,1738,86),(661,1738,69),(662,1738,29),(663,1738,88),(667,1740,69),(668,1740,26),(669,1740,83),(670,1740,88),(674,1758,25),(675,1758,83),(676,1758,87),(677,1758,24),(678,1758,29),(681,1790,29),(682,1790,26),(683,1790,27),(684,1790,86),(688,1808,88),(689,1808,28),(690,1808,25),(691,1808,23),(692,1808,35),(693,1808,69),(695,1819,29),(696,1819,23),(697,1819,24),(698,1819,28),(702,1829,23),(703,1829,87),(704,1829,69),(705,1829,29),(709,1834,35),(710,1834,89),(711,1834,69),(712,1846,87),(713,1846,35),(714,1846,89),(715,1846,23),(716,1846,26),(719,1851,27),(720,1851,26),(721,1851,28),(722,1851,25),(726,1852,87),(727,1852,35),(728,1852,26),(729,1856,26),(730,1856,29),(731,1856,24),(732,1856,89),(733,1856,83),(734,1856,88),(736,1858,23),(737,1858,69),(738,1858,25),(739,1859,83),(740,1859,88),(741,1859,29),(742,1859,69),(743,1859,23),(744,1859,89),(746,1869,35),(747,1869,24),(748,1869,29),(749,1869,23),(753,1899,87),(754,1899,82),(755,1899,89),(756,1899,23),(757,1899,24),(760,1901,23),(761,1901,25),(762,1901,35),(763,1901,69),(767,1907,82),(768,1907,24),(769,1907,25),(770,1907,23),(771,1907,27),(774,1914,26),(775,1914,89),(776,1914,88),(777,1914,87),(778,1914,24),(781,1921,27),(782,1921,87),(783,1921,82),(784,1921,28),(785,1921,83),(786,1921,24),(788,1928,82),(789,1928,26),(790,1928,24),(791,1928,35),(795,1940,87),(796,1940,29),(797,1940,89),(798,1940,83),(802,1996,23),(803,1996,83),(804,1996,35),(805,1996,86),(809,2,69),(810,2,65),(811,2,88),(812,11,29),(813,11,88),(814,11,87),(815,11,71),(816,11,21),(817,11,68),(819,15,68),(820,15,66),(821,15,29),(822,15,70),(823,15,19),(824,15,88),(826,18,72),(827,18,88),(828,18,22),(829,28,69),(830,28,23),(831,28,20),(832,28,29),(836,32,20),(837,32,72),(838,32,19),(839,32,88),(840,32,69),(841,32,70),(843,37,20),(844,37,22),(845,37,19),(846,37,29),(847,37,69),(848,37,88),(850,41,69),(851,41,21),(852,41,70),(853,56,72),(854,56,70),(855,56,87),(856,94,68),(857,94,66),(858,94,22),(859,103,88),(860,103,70),(861,103,19),(862,103,65),(863,103,29),(864,103,66),(866,112,66),(867,112,71),(868,112,22),(869,112,20),(870,112,87),(871,112,88),(873,113,88),(874,113,65),(875,113,70),(876,120,69),(877,120,87),(878,120,70),(879,120,22),(883,167,19),(884,167,65),(885,167,72),(886,167,29),(890,172,68),(891,172,87),(892,172,71),(893,172,19),(897,187,29),(898,187,70),(899,187,21),(900,188,69),(901,188,23),(902,188,66),(903,190,21),(904,190,22),(905,190,71),(906,190,88),(910,201,23),(911,201,70),(912,201,19),(913,203,72),(914,203,66),(915,203,20),(916,203,71),(917,203,21),(918,203,69),(920,212,70),(921,212,69),(922,212,66),(923,212,19),(927,215,20),(928,215,29),(929,215,19),(930,217,87),(931,217,69),(932,217,71),(933,240,29),(934,240,69),(935,240,88),(936,252,21),(937,252,87),(938,252,66),(939,253,29),(940,253,69),(941,253,21),(942,253,88),(946,264,20),(947,264,23),(948,264,65),(949,264,66),(950,264,21),(953,270,87),(954,270,68),(955,270,21),(956,270,22),(957,270,70),(960,295,88),(961,295,69),(962,295,87),(963,333,71),(964,333,19),(965,333,88),(966,333,21),(967,333,87),(970,342,22),(971,342,68),(972,342,72),(973,352,22),(974,352,68),(975,352,72),(976,359,21),(977,359,88),(978,359,29),(979,359,70),(980,359,23),(981,359,87),(983,360,70),(984,360,20),(985,360,65),(986,360,69),(990,361,68),(991,361,72),(992,361,87),(993,361,22),(994,361,88),(995,361,65),(997,372,69),(998,372,19),(999,372,88),(1000,372,65),(1001,372,66),(1004,385,71),(1005,385,22),(1006,385,20),(1007,385,87),(1008,385,21),(1009,385,68),(1011,419,65),(1012,419,22),(1013,419,21),(1014,419,72),(1015,419,29),(1016,419,88),(1018,436,72),(1019,436,71),(1020,436,20),(1021,436,29),(1022,436,23),(1025,463,22),(1026,463,20),(1027,463,88),(1028,463,29),(1032,474,69),(1033,474,68),(1034,474,19),(1035,474,22),(1036,474,65),(1037,474,87),(1039,501,68),(1040,501,19),(1041,501,69),(1042,501,20),(1043,501,22),(1044,501,23),(1046,503,29),(1047,503,21),(1048,503,71),(1049,504,23),(1050,504,71),(1051,504,19),(1052,504,70),(1056,526,69),(1057,526,71),(1058,526,88),(1059,526,65),(1060,526,68),(1063,527,88),(1064,527,71),(1065,527,19),(1066,553,70),(1067,553,69),(1068,553,68),(1069,553,21),(1070,553,19),(1071,553,23),(1073,564,87),(1074,564,69),(1075,564,65),(1076,564,70),(1077,564,23),(1078,564,19),(1080,575,87),(1081,575,71),(1082,575,20),(1083,575,21),(1087,590,88),(1088,590,21),(1089,590,87),(1090,590,66),(1094,609,29),(1095,609,22),(1096,609,88),(1097,609,69),(1098,609,66),(1099,609,21),(1101,617,65),(1102,617,70),(1103,617,69),(1104,617,72),(1108,620,22),(1109,620,65),(1110,620,29),(1111,620,87),(1112,620,68),(1115,658,22),(1116,658,65),(1117,658,19),(1118,706,29),(1119,706,20),(1120,706,23),(1121,721,29),(1122,721,88),(1123,721,69),(1124,721,23),(1125,721,22),(1128,729,69),(1129,729,72),(1130,729,29),(1131,729,68),(1132,729,70),(1133,729,19),(1135,751,19),(1136,751,70),(1137,751,71),(1138,764,87),(1139,764,65),(1140,764,70),(1141,764,21),(1145,766,29),(1146,766,70),(1147,766,88),(1148,768,20),(1149,768,87),(1150,768,70),(1151,770,20),(1152,770,22),(1153,770,87),(1154,770,69),(1155,770,70),(1156,770,88),(1158,782,19),(1159,782,20),(1160,782,88),(1161,782,66),(1162,782,22),(1163,782,69),(1165,786,20),(1166,786,71),(1167,786,70),(1168,786,65),(1169,786,69),(1172,809,22),(1173,809,20),(1174,809,88),(1175,809,71),(1176,809,68),(1177,809,19),(1179,817,71),(1180,817,23),(1181,817,19),(1182,821,20),(1183,821,22),(1184,821,68),(1185,821,72),(1189,835,68),(1190,835,72),(1191,835,88),(1192,840,70),(1193,840,69),(1194,840,22),(1195,840,68),(1199,890,69),(1200,890,23),(1201,890,20),(1202,890,22),(1206,902,68),(1207,902,20),(1208,902,21),(1209,902,72),(1210,902,66),(1213,927,65),(1214,927,88),(1215,927,23),(1216,927,66),(1217,927,21),(1218,927,87),(1220,954,71),(1221,954,87),(1222,954,20),(1223,954,19),(1227,958,66),(1228,958,69),(1229,958,29),(1230,986,23),(1231,986,21),(1232,986,68),(1233,986,20),(1234,986,88),(1235,986,72),(1237,1054,69),(1238,1054,65),(1239,1054,72),(1240,1054,87),(1244,1066,19),(1245,1066,72),(1246,1066,65),(1247,1066,87),(1248,1066,21),(1251,1090,22),(1252,1090,19),(1253,1090,21),(1254,1090,70),(1255,1090,87),(1256,1090,66),(1258,1102,19),(1259,1102,70),(1260,1102,29),(1261,1102,66),(1265,1103,72),(1266,1103,71),(1267,1103,23),(1268,1105,19),(1269,1105,21),(1270,1105,71),(1271,1105,29),(1275,1113,88),(1276,1113,22),(1277,1113,68),(1278,1130,65),(1279,1130,71),(1280,1130,87),(1281,1130,88),(1282,1130,20),(1283,1130,69),(1285,1134,70),(1286,1134,65),(1287,1134,68),(1288,1134,21),(1292,1173,29),(1293,1173,20),(1294,1173,21),(1295,1176,29),(1296,1176,70),(1297,1176,88),(1298,1176,20),(1302,1181,29),(1303,1181,65),(1304,1181,68),(1305,1198,68),(1306,1198,69),(1307,1198,65),(1308,1198,19),(1309,1198,21),(1310,1198,72),(1312,1200,20),(1313,1200,72),(1314,1200,88),(1315,1200,70),(1316,1200,19),(1319,1210,88),(1320,1210,70),(1321,1210,29),(1322,1229,69),(1323,1229,19),(1324,1229,21),(1325,1229,23),(1326,1229,68),(1329,1245,22),(1330,1245,29),(1331,1245,70),(1332,1245,65),(1333,1245,20),(1336,1253,68),(1337,1253,19),(1338,1253,29),(1339,1253,71),(1343,1254,70),(1344,1254,66),(1345,1254,71),(1346,1254,20),(1347,1254,69),(1348,1254,22),(1350,1256,29),(1351,1256,22),(1352,1256,70),(1353,1281,21),(1354,1281,88),(1355,1281,87),(1356,1290,71),(1357,1290,19),(1358,1290,20),(1359,1291,68),(1360,1291,72),(1361,1291,66),(1362,1291,71),(1363,1291,20),(1364,1291,22),(1366,1296,23),(1367,1296,70),(1368,1296,88),(1369,1315,65),(1370,1315,20),(1371,1315,19),(1372,1315,21),(1373,1315,23),(1374,1315,71),(1376,1320,70),(1377,1320,66),(1378,1320,22),(1379,1320,72),(1383,1336,72),(1384,1336,65),(1385,1336,70),(1386,1336,22),(1390,1351,29),(1391,1351,23),(1392,1351,71),(1393,1351,87),(1397,1372,21),(1398,1372,68),(1399,1372,23),(1400,1393,23),(1401,1393,29),(1402,1393,88),(1403,1401,66),(1404,1401,88),(1405,1401,23),(1406,1401,19),(1407,1401,29),(1410,1402,20),(1411,1402,19),(1412,1402,29),(1413,1402,22),(1414,1402,66),(1415,1402,72),(1417,1446,88),(1418,1446,87),(1419,1446,22),(1420,1446,65),(1421,1446,69),(1424,1448,69),(1425,1448,23),(1426,1448,20),(1427,1448,65),(1428,1448,66),(1429,1448,68),(1431,1451,19),(1432,1451,29),(1433,1451,21),(1434,1465,87),(1435,1465,65),(1436,1465,19),(1437,1465,66),(1441,1484,65),(1442,1484,88),(1443,1484,70),(1444,1484,69),(1448,1489,87),(1449,1489,70),(1450,1489,71),(1451,1498,72),(1452,1498,71),(1453,1498,65),(1454,1517,70),(1455,1517,20),(1456,1517,69),(1457,1537,22),(1458,1537,87),(1459,1537,21),(1460,1537,19),(1461,1537,70),(1464,1542,23),(1465,1542,87),(1466,1542,68),(1467,1552,19),(1468,1552,69),(1469,1552,20),(1470,1552,71),(1474,1607,68),(1475,1607,88),(1476,1607,72),(1477,1607,20),(1478,1607,70),(1481,1618,88),(1482,1618,87),(1483,1618,29),(1484,1618,21),(1485,1618,23),(1486,1618,71),(1488,1629,69),(1489,1629,29),(1490,1629,23),(1491,1629,68),(1492,1629,22),(1493,1629,19),(1495,1642,19),(1496,1642,87),(1497,1642,20),(1498,1644,72),(1499,1644,22),(1500,1644,71),(1501,1646,68),(1502,1646,71),(1503,1646,19),(1504,1646,69),(1508,1698,21),(1509,1698,72),(1510,1698,20),(1511,1705,19),(1512,1705,68),(1513,1705,87),(1514,1722,69),(1515,1722,22),(1516,1722,19),(1517,1722,88),(1518,1722,70),(1521,1723,69),(1522,1723,29),(1523,1723,68),(1524,1723,87),(1525,1723,70),(1526,1723,66),(1528,1737,68),(1529,1737,22),(1530,1737,29),(1531,1749,68),(1532,1749,19),(1533,1749,29),(1534,1749,71),(1535,1749,87),(1536,1749,66),(1538,1771,68),(1539,1771,19),(1540,1771,87),(1541,1771,22),(1545,1786,69),(1546,1786,65),(1547,1786,70),(1548,1786,71),(1549,1786,19),(1550,1786,23),(1552,1806,23),(1553,1806,69),(1554,1806,29),(1555,1806,70),(1556,1806,71),(1559,1820,69),(1560,1820,22),(1561,1820,66),(1562,1820,20),(1563,1820,88),(1566,1828,65),(1567,1828,23),(1568,1828,21),(1569,1828,20),(1570,1828,88),(1573,1884,88),(1574,1884,23),(1575,1884,19),(1576,1884,68),(1580,1905,88),(1581,1905,72),(1582,1905,71),(1583,1957,68),(1584,1957,66),(1585,1957,20),(1586,1957,21),(1590,1960,23),(1591,1960,21),(1592,1960,69),(1593,1960,29),(1594,1960,87),(1597,1967,87),(1598,1967,70),(1599,1967,19),(1600,1967,29),(1601,1967,66),(1602,1967,68),(1604,1972,20),(1605,1972,70),(1606,1972,71),(1607,1972,23),(1608,1972,21),(1611,1974,66),(1612,1974,70),(1613,1974,22),(1614,1974,65),(1615,1974,88),(1616,1974,71),(1618,1984,29),(1619,1984,70),(1620,1984,69),(1621,1984,87),(1622,1984,66),(1623,1984,22),(1625,1993,71),(1626,1993,22),(1627,1993,29),(1628,1993,23),(1629,1993,21),(1632,1998,19),(1633,1998,88),(1634,1998,23),(1635,1998,29),(1636,1998,72),(1639,3,2),(1640,3,23),(1641,3,5),(1642,3,65),(1643,3,17),(1644,3,4),(1646,9,2),(1647,9,21),(1648,9,1),(1649,72,16),(1650,72,68),(1651,72,23),(1652,72,18),(1653,72,20),(1656,76,11),(1657,76,3),(1658,76,20),(1659,76,21),(1663,81,17),(1664,81,68),(1665,81,4),(1666,81,5),(1670,86,18),(1671,86,23),(1672,86,4),(1673,86,22),(1674,86,17),(1675,86,20),(1677,88,21),(1678,88,17),(1679,88,3),(1680,88,18),(1684,110,22),(1685,110,16),(1686,110,20),(1687,110,2),(1691,129,17),(1692,129,23),(1693,129,16),(1694,129,4),(1695,129,5),(1698,173,16),(1699,173,3),(1700,173,22),(1701,173,11),(1702,173,2),(1705,211,3),(1706,211,22),(1707,211,11),(1708,211,65),(1712,227,1),(1713,227,20),(1714,227,21),(1715,227,68),(1716,227,17),(1719,229,4),(1720,229,68),(1721,229,23),(1722,238,17),(1723,238,1),(1724,238,4),(1725,238,5),(1726,238,68),(1729,275,11),(1730,275,23),(1731,275,22),(1732,275,21),(1733,275,18),(1734,275,65),(1736,299,17),(1737,299,2),(1738,299,68),(1739,299,20),(1740,299,23),(1743,313,3),(1744,313,22),(1745,313,17),(1746,313,65),(1747,313,5),(1748,313,4),(1750,364,23),(1751,364,20),(1752,364,68),(1753,402,1),(1754,402,17),(1755,402,21),(1756,402,68),(1757,402,20),(1760,473,18),(1761,473,65),(1762,473,1),(1763,473,22),(1767,488,20),(1768,488,21),(1769,488,18),(1770,530,2),(1771,530,65),(1772,530,17),(1773,543,2),(1774,543,4),(1775,543,5),(1776,543,3),(1777,543,16),(1778,543,65),(1780,584,1),(1781,584,16),(1782,584,23),(1783,584,11),(1784,584,5),(1785,584,68),(1787,594,23),(1788,594,3),(1789,594,17),(1790,645,21),(1791,645,22),(1792,645,65),(1793,648,3),(1794,648,16),(1795,648,1),(1796,648,65),(1797,648,11),(1798,648,4),(1800,665,22),(1801,665,20),(1802,665,3),(1803,665,17),(1804,665,21),(1807,683,16),(1808,683,18),(1809,683,20),(1810,683,23),(1811,683,4),(1814,688,65),(1815,688,68),(1816,688,21),(1817,688,23),(1821,700,23),(1822,700,11),(1823,700,18),(1824,704,5),(1825,704,1),(1826,704,11),(1827,704,17),(1828,704,4),(1831,735,21),(1832,735,4),(1833,735,11),(1834,735,5),(1835,735,65),(1836,735,18),(1838,749,18),(1839,749,17),(1840,749,20),(1841,749,16),(1845,758,22),(1846,758,2),(1847,758,3),(1848,758,17),(1849,758,4),(1850,758,68),(1852,784,3),(1853,784,21),(1854,784,2),(1855,784,68),(1859,790,21),(1860,790,65),(1861,790,2),(1862,790,20),(1866,801,17),(1867,801,18),(1868,801,65),(1869,833,22),(1870,833,5),(1871,833,23),(1872,833,18),(1873,833,21),(1874,833,2),(1876,848,20),(1877,848,17),(1878,848,1),(1879,849,17),(1880,849,18),(1881,849,4),(1882,849,23),(1883,849,22),(1886,854,22),(1887,854,1),(1888,854,65),(1889,884,11),(1890,884,17),(1891,884,1),(1892,884,2),(1896,905,16),(1897,905,1),(1898,905,22),(1899,905,5),(1900,905,11),(1901,905,23),(1903,908,23),(1904,908,3),(1905,908,18),(1906,908,5),(1907,908,11),(1908,908,22),(1910,914,2),(1911,914,11),(1912,914,17),(1913,914,65),(1914,914,4),(1917,922,16),(1918,922,68),(1919,922,11),(1920,922,21),(1921,922,23),(1924,942,68),(1925,942,4),(1926,942,20),(1927,942,1),(1928,942,65),(1931,944,65),(1932,944,3),(1933,944,68),(1934,944,4),(1935,944,21),(1938,949,16),(1939,949,17),(1940,949,68),(1941,949,2),(1945,955,20),(1946,955,18),(1947,955,23),(1948,971,23),(1949,971,4),(1950,971,5),(1951,971,20),(1955,972,65),(1956,972,18),(1957,972,21),(1958,972,22),(1959,972,3),(1962,993,5),(1963,993,3),(1964,993,18),(1965,1001,5),(1966,1001,3),(1967,1001,68),(1968,1001,2),(1972,1012,20),(1973,1012,4),(1974,1012,16),(1975,1012,5),(1976,1012,1),(1979,1050,21),(1980,1050,5),(1981,1050,1),(1982,1050,68),(1983,1050,11),(1984,1050,22),(1986,1060,16),(1987,1060,11),(1988,1060,2),(1989,1060,65),(1993,1073,18),(1994,1073,11),(1995,1073,4),(1996,1073,65),(1997,1073,21),(2000,1097,65),(2001,1097,2),(2002,1097,18),(2003,1097,17),(2004,1097,20),(2007,1107,2),(2008,1107,21),(2009,1107,5),(2010,1107,17),(2014,1140,3),(2015,1140,4),(2016,1140,23),(2017,1172,20),(2018,1172,5),(2019,1172,68),(2020,1172,2),(2021,1172,1),(2022,1172,22),(2024,1185,2),(2025,1185,65),(2026,1185,18),(2027,1185,21),(2028,1185,22),(2031,1194,3),(2032,1194,23),(2033,1194,18),(2034,1194,2),(2035,1194,1),(2038,1250,22),(2039,1250,21),(2040,1250,20),(2041,1250,4),(2042,1250,5),(2043,1250,65),(2045,1262,11),(2046,1262,3),(2047,1262,21),(2048,1309,4),(2049,1309,65),(2050,1309,20),(2051,1309,21),(2052,1309,11),(2055,1329,11),(2056,1329,22),(2057,1329,65),(2058,1329,68),(2062,1337,4),(2063,1337,22),(2064,1337,18),(2065,1337,23),(2066,1337,68),(2067,1337,21),(2069,1346,18),(2070,1346,65),(2071,1346,3),(2072,1346,16),(2076,1365,65),(2077,1365,20),(2078,1365,21),(2079,1365,3),(2080,1365,11),(2081,1365,68),(2083,1377,16),(2084,1377,1),(2085,1377,65),(2086,1379,1),(2087,1379,5),(2088,1379,20),(2089,1379,4),(2090,1379,16),(2091,1379,65),(2093,1386,17),(2094,1386,4),(2095,1386,11),(2096,1386,68),(2097,1386,16),(2100,1405,2),(2101,1405,23),(2102,1405,68),(2103,1405,22),(2104,1405,17),(2107,1410,18),(2108,1410,16),(2109,1410,22),(2110,1428,20),(2111,1428,65),(2112,1428,5),(2113,1428,16),(2117,1429,4),(2118,1429,20),(2119,1429,18),(2120,1429,3),(2124,1457,5),(2125,1457,21),(2126,1457,11),(2127,1457,3),(2131,1461,5),(2132,1461,21),(2133,1461,11),(2134,1461,20),(2138,1473,22),(2139,1473,68),(2140,1473,3),(2141,1473,5),(2145,1494,3),(2146,1494,11),(2147,1494,68),(2148,1494,20),(2152,1507,68),(2153,1507,2),(2154,1507,20),(2155,1507,1),(2159,1510,21),(2160,1510,1),(2161,1510,16),(2162,1510,11),(2163,1510,65),(2166,1533,65),(2167,1533,21),(2168,1533,23),(2169,1533,2),(2170,1533,11),(2171,1533,17),(2173,1548,5),(2174,1548,16),(2175,1548,2),(2176,1548,11),(2180,1576,1),(2181,1576,4),(2182,1576,23),(2183,1594,16),(2184,1594,22),(2185,1594,18),(2186,1597,16),(2187,1597,17),(2188,1597,5),(2189,1597,23),(2190,1597,18),(2191,1597,22),(2193,1600,5),(2194,1600,1),(2195,1600,4),(2196,1600,3),(2197,1600,18),(2198,1600,17),(2200,1609,5),(2201,1609,4),(2202,1609,2),(2203,1609,65),(2204,1609,21),(2207,1620,3),(2208,1620,17),(2209,1620,21),(2210,1620,16),(2211,1620,11),(2212,1620,23),(2214,1622,20),(2215,1622,21),(2216,1622,5),(2217,1622,3),(2221,1653,21),(2222,1653,68),(2223,1653,1),(2224,1653,11),(2228,1688,23),(2229,1688,5),(2230,1688,11),(2231,1688,21),(2235,1696,2),(2236,1696,23),(2237,1696,17),(2238,1703,20),(2239,1703,65),(2240,1703,16),(2241,1713,18),(2242,1713,23),(2243,1713,16),(2244,1713,22),(2248,1716,4),(2249,1716,65),(2250,1716,11),(2251,1716,3),(2255,1718,16),(2256,1718,4),(2257,1718,1),(2258,1718,17),(2259,1718,20),(2262,1739,1),(2263,1739,3),(2264,1739,68),(2265,1739,65),(2269,1742,23),(2270,1742,1),(2271,1742,2),(2272,1768,21),(2273,1768,68),(2274,1768,23),(2275,1780,16),(2276,1780,22),(2277,1780,2),(2278,1780,11),(2279,1780,23),(2280,1780,21),(2282,1788,1),(2283,1788,2),(2284,1788,16),(2285,1788,23),(2286,1788,68),(2287,1788,18),(2289,1801,68),(2290,1801,2),(2291,1801,11),(2292,1812,17),(2293,1812,5),(2294,1812,18),(2295,1812,21),(2296,1812,22),(2297,1812,11),(2299,1816,23),(2300,1816,4),(2301,1816,3),(2302,1816,20),(2303,1816,17),(2306,1818,3),(2307,1818,17),(2308,1818,21),(2309,1818,22),(2313,1862,21),(2314,1862,11),(2315,1862,2),(2316,1862,4),(2320,1868,65),(2321,1868,11),(2322,1868,21),(2323,1875,16),(2324,1875,17),(2325,1875,11),(2326,1890,1),(2327,1890,22),(2328,1890,5),(2329,1890,20),(2333,1903,11),(2334,1903,16),(2335,1903,5),(2336,1922,5),(2337,1922,22),(2338,1922,20),(2339,1922,68),(2340,1922,2),(2343,1929,20),(2344,1929,21),(2345,1929,23),(2346,1958,65),(2347,1958,5),(2348,1958,3),(2349,1961,18),(2350,1961,68),(2351,1961,17),(2352,1961,4),(2356,1987,20),(2357,1987,3),(2358,1987,68),(2359,1987,2),(2360,1987,18),(2361,1987,16),(2363,4,67),(2364,4,86),(2365,4,22),(2366,4,88),(2370,12,23),(2371,12,88),(2372,12,82),(2373,12,72),(2377,13,67),(2378,13,21),(2379,13,22),(2380,13,68),(2381,13,65),(2382,13,72),(2384,43,72),(2385,43,22),(2386,43,86),(2387,63,19),(2388,63,68),(2389,63,65),(2390,63,66),(2391,63,86),(2394,74,19),(2395,74,21),(2396,74,65),(2397,74,22),(2401,97,68),(2402,97,86),(2403,97,69),(2404,97,66),(2408,123,72),(2409,123,68),(2410,123,88),(2411,143,66),(2412,143,22),(2413,143,29),(2414,143,72),(2415,143,23),(2416,143,68),(2418,158,72),(2419,158,19),(2420,158,29),(2421,158,82),(2422,158,68),(2425,166,67),(2426,166,68),(2427,166,22),(2428,239,22),(2429,239,82),(2430,239,66),(2431,284,87),(2432,284,68),(2433,284,66),(2434,284,22),(2438,293,66),(2439,293,86),(2440,293,88),(2441,293,69),(2442,293,21),(2443,293,87),(2445,300,67),(2446,300,68),(2447,300,22),(2448,300,82),(2452,307,72),(2453,307,82),(2454,307,68),(2455,307,65),(2456,307,69),(2457,307,29),(2459,314,69),(2460,314,65),(2461,314,68),(2462,341,19),(2463,341,68),(2464,341,88),(2465,343,68),(2466,343,72),(2467,343,23),(2468,343,22),(2469,343,86),(2470,343,65),(2472,353,67),(2473,353,86),(2474,353,69),(2475,362,19),(2476,362,29),(2477,362,67),(2478,362,86),(2479,362,65),(2482,371,82),(2483,371,72),(2484,371,21),(2485,380,22),(2486,380,72),(2487,380,67),(2488,380,88),(2492,383,86),(2493,383,88),(2494,383,82),(2495,383,65),(2499,392,88),(2500,392,82),(2501,392,69),(2502,392,68),(2503,392,19),(2504,392,23),(2506,394,23),(2507,394,66),(2508,394,22),(2509,394,72),(2510,394,88),(2513,412,88),(2514,412,65),(2515,412,72),(2516,412,67),(2520,447,82),(2521,447,29),(2522,447,23),(2523,447,21),(2527,451,67),(2528,451,69),(2529,451,68),(2530,451,21),(2531,451,82),(2534,457,82),(2535,457,86),(2536,457,19),(2537,457,87),(2538,457,67),(2541,476,86),(2542,476,29),(2543,476,22),(2544,476,69),(2545,476,87),(2546,476,68),(2548,494,22),(2549,494,87),(2550,494,23),(2551,494,69),(2552,494,67),(2555,502,29),(2556,502,68),(2557,502,82),(2558,502,88),(2559,502,67),(2562,515,67),(2563,515,82),(2564,515,19),(2565,521,23),(2566,521,22),(2567,521,82),(2568,536,68),(2569,536,82),(2570,536,21),(2571,536,66),(2575,545,69),(2576,545,67),(2577,545,88),(2578,545,72),(2582,570,68),(2583,570,82),(2584,570,22),(2585,572,19),(2586,572,72),(2587,572,29),(2588,572,65),(2589,572,69),(2592,577,21),(2593,577,88),(2594,577,67),(2595,577,22),(2599,589,88),(2600,589,67),(2601,589,65),(2602,589,22),(2603,589,82),(2604,589,23),(2606,593,21),(2607,593,66),(2608,593,69),(2609,593,86),(2610,593,82),(2613,597,86),(2614,597,72),(2615,597,66),(2616,597,22),(2617,597,67),(2618,597,21),(2620,607,88),(2621,607,23),(2622,607,86),(2623,610,29),(2624,610,21),(2625,610,68),(2626,610,19),(2627,610,87),(2630,612,22),(2631,612,67),(2632,612,21),(2633,612,72),(2634,612,29),(2637,623,67),(2638,623,86),(2639,623,22),(2640,624,23),(2641,624,19),(2642,624,86),(2643,643,72),(2644,643,67),(2645,643,21),(2646,643,22),(2650,646,19),(2651,646,87),(2652,646,68),(2653,646,65),(2657,662,19),(2658,662,29),(2659,662,72),(2660,697,65),(2661,697,19),(2662,697,66),(2663,697,68),(2667,712,22),(2668,712,29),(2669,712,68),(2670,712,86),(2671,712,21),(2674,715,66),(2675,715,23),(2676,715,69),(2677,715,87),(2678,715,29),(2681,718,23),(2682,718,66),(2683,718,21),(2684,718,88),(2685,718,82),(2686,718,68),(2688,753,23),(2689,753,88),(2690,753,82),(2691,753,29),(2692,753,19),(2693,753,86),(2695,800,82),(2696,800,19),(2697,800,66),(2698,800,23),(2699,800,22),(2700,800,72),(2702,811,66),(2703,811,82),(2704,811,86),(2705,811,87),(2709,841,88),(2710,841,22),(2711,841,21),(2712,864,23),(2713,864,88),(2714,864,22),(2715,864,21),(2716,864,69),(2719,871,69),(2720,871,66),(2721,871,68),(2722,871,29),(2726,886,23),(2727,886,68),(2728,886,19),(2729,901,88),(2730,901,82),(2731,901,65),(2732,901,66),(2733,901,23),(2736,928,22),(2737,928,65),(2738,928,23),(2739,928,21),(2740,928,69),(2743,963,67),(2744,963,82),(2745,963,29),(2746,963,22),(2747,963,65),(2748,963,23),(2750,967,29),(2751,967,82),(2752,967,69),(2753,967,88),(2754,967,21),(2755,967,19),(2757,974,23),(2758,974,21),(2759,974,65),(2760,974,22),(2761,974,66),(2762,974,19),(2764,985,29),(2765,985,86),(2766,985,66),(2767,985,67),(2768,985,65),(2771,1000,86),(2772,1000,69),(2773,1000,21),(2774,1000,88),(2775,1000,23),(2778,1034,22),(2779,1034,68),(2780,1034,19),(2781,1034,66),(2782,1034,88),(2785,1051,29),(2786,1051,69),(2787,1051,68),(2788,1051,87),(2789,1051,82),(2790,1051,21),(2792,1115,21),(2793,1115,69),(2794,1115,19),(2795,1115,65),(2796,1115,23),(2797,1115,68),(2799,1118,82),(2800,1118,21),(2801,1118,65),(2802,1119,88),(2803,1119,21),(2804,1119,65),(2805,1119,72),(2809,1128,67),(2810,1128,72),(2811,1128,19),(2812,1133,21),(2813,1133,72),(2814,1133,82),(2815,1133,65),(2819,1142,68),(2820,1142,69),(2821,1142,21),(2822,1146,82),(2823,1146,67),(2824,1146,22),(2825,1146,21),(2826,1146,68),(2827,1146,65),(2829,1153,87),(2830,1153,19),(2831,1153,66),(2832,1153,68),(2833,1153,29),(2836,1156,19),(2837,1156,69),(2838,1156,66),(2839,1156,82),(2840,1156,23),(2843,1165,68),(2844,1165,29),(2845,1165,67),(2846,1165,21),(2850,1208,67),(2851,1208,88),(2852,1208,87),(2853,1230,22),(2854,1230,86),(2855,1230,66),(2856,1230,72),(2857,1230,69),(2860,1246,29),(2861,1246,87),(2862,1246,82),(2863,1246,19),(2867,1252,19),(2868,1252,86),(2869,1252,72),(2870,1252,68),(2871,1252,67),(2872,1252,65),(2874,1278,69),(2875,1278,67),(2876,1278,65),(2877,1278,21),(2878,1278,66),(2879,1278,88),(2881,1312,66),(2882,1312,88),(2883,1312,19),(2884,1317,29),(2885,1317,22),(2886,1317,68),(2887,1317,86),(2891,1335,68),(2892,1335,21),(2893,1335,22),(2894,1342,66),(2895,1342,86),(2896,1342,87),(2897,1342,65),(2898,1342,29),(2899,1342,21),(2901,1359,87),(2902,1359,19),(2903,1359,86),(2904,1363,82),(2905,1363,67),(2906,1363,66),(2907,1363,65),(2908,1363,87),(2911,1364,65),(2912,1364,82),(2913,1364,69),(2914,1364,66),(2915,1364,29),(2916,1364,22),(2918,1366,82),(2919,1366,86),(2920,1366,72),(2921,1366,66),(2925,1378,67),(2926,1378,21),(2927,1378,68),(2928,1378,69),(2929,1378,88),(2932,1380,88),(2933,1380,86),(2934,1380,72),(2935,1382,22),(2936,1382,23),(2937,1382,29),(2938,1382,19),(2939,1382,21),(2942,1417,66),(2943,1417,29),(2944,1417,21),(2945,1417,65),(2946,1417,69),(2949,1422,69),(2950,1422,66),(2951,1422,29),(2952,1422,68),(2956,1423,21),(2957,1423,19),(2958,1423,88),(2959,1423,29),(2960,1423,87),(2963,1427,72),(2964,1427,67),(2965,1427,88),(2966,1427,23),(2970,1450,21),(2971,1450,72),(2972,1450,66),(2973,1450,87),(2977,1454,67),(2978,1454,22),(2979,1454,69),(2980,1454,72),(2984,1470,72),(2985,1470,29),(2986,1470,66),(2987,1479,29),(2988,1479,19),(2989,1479,69),(2990,1483,19),(2991,1483,68),(2992,1483,69),(2993,1483,22),(2997,1497,69),(2998,1497,72),(2999,1497,87),(3000,1497,22),(3004,1525,66),(3005,1525,29),(3006,1525,21),(3007,1525,88),(3011,1605,66),(3012,1605,23),(3013,1605,88),(3014,1605,65),(3018,1651,23),(3019,1651,68),(3020,1651,66),(3021,1651,67),(3022,1651,22),(3025,1654,22),(3026,1654,19),(3027,1654,88),(3028,1682,65),(3029,1682,19),(3030,1682,72),(3031,1710,21),(3032,1710,87),(3033,1710,29),(3034,1710,82),(3035,1710,68),(3036,1710,86),(3038,1733,87),(3039,1733,82),(3040,1733,22),(3041,1733,69),(3045,1735,72),(3046,1735,68),(3047,1735,23),(3048,1753,65),(3049,1753,86),(3050,1753,66),(3051,1784,66),(3052,1784,19),(3053,1784,87),(3054,1784,67),(3055,1784,65),(3056,1784,69),(3058,1794,69),(3059,1794,19),(3060,1794,68),(3061,1794,82),(3062,1794,86),(3063,1794,65),(3065,1796,82),(3066,1796,66),(3067,1796,86),(3068,1796,67),(3069,1796,19),(3070,1796,22),(3072,1800,82),(3073,1800,23),(3074,1800,29),(3075,1800,87),(3076,1800,68),(3079,1814,23),(3080,1814,67),(3081,1814,29),(3082,1815,19),(3083,1815,23),(3084,1815,67),(3085,1815,88),(3089,1830,69),(3090,1830,72),(3091,1830,82),(3092,1847,21),(3093,1847,66),(3094,1847,68),(3095,1847,22),(3099,1904,82),(3100,1904,22),(3101,1904,87),(3102,1904,69),(3103,1904,86),(3104,1904,72),(3106,1910,29),(3107,1910,22),(3108,1910,72),(3109,1910,88),(3113,1911,67),(3114,1911,82),(3115,1911,22),(3116,1911,65),(3120,1912,66),(3121,1912,86),(3122,1912,29),(3123,1912,22),(3124,1912,68),(3125,1912,23),(3127,1923,19),(3128,1923,88),(3129,1923,22),(3130,1923,67),(3134,1925,22),(3135,1925,87),(3136,1925,86),(3137,1925,72),(3138,1925,65),(3139,1925,23),(3141,1941,86),(3142,1941,87),(3143,1941,72),(3144,1941,69),(3148,1952,69),(3149,1952,67),(3150,1952,86),(3151,1952,87),(3152,1952,65),(3155,1988,87),(3156,1988,19),(3157,1988,88),(3158,1988,86),(3162,5,75),(3163,5,7),(3164,5,78),(3165,5,77),(3166,5,8),(3169,73,74),(3170,73,9),(3171,73,78),(3172,73,10),(3173,73,3),(3176,80,3),(3177,80,77),(3178,80,1),(3179,80,75),(3183,89,11),(3184,89,4),(3185,89,1),(3186,89,74),(3187,89,12),(3190,96,76),(3191,96,8),(3192,96,9),(3193,96,12),(3194,96,10),(3195,96,77),(3197,98,9),(3198,98,74),(3199,98,2),(3200,98,10),(3201,98,11),(3204,108,7),(3205,108,9),(3206,108,3),(3207,108,2),(3208,108,75),(3211,121,1),(3212,121,77),(3213,121,3),(3214,121,4),(3218,142,77),(3219,142,76),(3220,142,1),(3221,147,2),(3222,147,77),(3223,147,7),(3224,147,11),(3225,147,12),(3226,147,10),(3228,150,10),(3229,150,76),(3230,150,74),(3231,152,2),(3232,152,12),(3233,152,10),(3234,152,3),(3235,152,78),(3238,179,7),(3239,179,77),(3240,179,2),(3241,179,3),(3245,185,1),(3246,185,8),(3247,185,2),(3248,185,78),(3252,191,74),(3253,191,3),(3254,191,8),(3255,191,77),(3256,191,11),(3257,191,10),(3259,202,7),(3260,202,77),(3261,202,11),(3262,225,10),(3263,225,8),(3264,225,3),(3265,232,2),(3266,232,8),(3267,232,7),(3268,232,10),(3272,245,76),(3273,245,75),(3274,245,4),(3275,245,11),(3279,247,10),(3280,247,7),(3281,247,2),(3282,274,7),(3283,274,76),(3284,274,77),(3285,274,9),(3286,274,11),(3287,274,4),(3289,279,1),(3290,279,12),(3291,279,3),(3292,279,8),(3296,305,2),(3297,305,9),(3298,305,7),(3299,305,12),(3300,305,75),(3301,305,74),(3303,317,4),(3304,317,3),(3305,317,2),(3306,317,78),(3310,319,9),(3311,319,11),(3312,319,74),(3313,332,75),(3314,332,2),(3315,332,78),(3316,347,1),(3317,347,10),(3318,347,78),(3319,347,75),(3320,347,8),(3323,363,1),(3324,363,9),(3325,363,7),(3326,363,75),(3327,363,3),(3330,375,4),(3331,375,74),(3332,375,76),(3333,387,12),(3334,387,11),(3335,387,76),(3336,387,10),(3337,387,74),(3340,391,76),(3341,391,75),(3342,391,77),(3343,391,7),(3344,391,3),(3347,398,77),(3348,398,74),(3349,398,78),(3350,407,10),(3351,407,4),(3352,407,7),(3353,407,2),(3354,407,12),(3357,429,2),(3358,429,12),(3359,429,11),(3360,429,78),(3361,429,4),(3362,429,74),(3364,438,10),(3365,438,9),(3366,438,1),(3367,438,11),(3368,438,75),(3369,438,78),(3371,455,75),(3372,455,3),(3373,455,2),(3374,496,8),(3375,496,1),(3376,496,10),(3377,496,2),(3378,496,12),(3379,496,75),(3381,498,10),(3382,498,75),(3383,498,76),(3384,508,9),(3385,508,8),(3386,508,7),(3387,508,10),(3388,508,4),(3391,509,76),(3392,509,74),(3393,509,4),(3394,509,8),(3395,509,78),(3398,512,75),(3399,512,4),(3400,512,9),(3401,513,1),(3402,513,77),(3403,513,7),(3404,513,4),(3405,513,2),(3408,539,76),(3409,539,8),(3410,539,10),(3411,539,2),(3415,599,7),(3416,599,9),(3417,599,74),(3418,603,11),(3419,603,7),(3420,603,12),(3421,605,10),(3422,605,74),(3423,605,8),(3424,605,3),(3425,605,75),(3426,605,76),(3428,622,4),(3429,622,9),(3430,622,1),(3431,622,8),(3432,622,75),(3433,622,78),(3435,635,11),(3436,635,77),(3437,635,3),(3438,635,2),(3442,647,74),(3443,647,9),(3444,647,77),(3445,647,8),(3446,647,10),(3449,670,1),(3450,670,7),(3451,670,11),(3452,670,77),(3453,670,74),(3454,670,4),(3456,672,2),(3457,672,12),(3458,672,74),(3459,672,76),(3460,672,77),(3463,694,9),(3464,694,1),(3465,694,78),(3466,694,2),(3467,694,11),(3470,703,12),(3471,703,74),(3472,703,7),(3473,703,1),(3474,703,76),(3475,703,78),(3477,756,3),(3478,756,76),(3479,756,77),(3480,774,77),(3481,774,78),(3482,774,75),(3483,774,4),(3487,802,2),(3488,802,9),(3489,802,78),(3490,802,7),(3491,802,12),(3494,808,8),(3495,808,1),(3496,808,78),(3497,808,4),(3498,808,11),(3499,808,10),(3501,828,12),(3502,828,8),(3503,828,9),(3504,828,7),(3508,869,11),(3509,869,8),(3510,869,7),(3511,869,76),(3512,869,1),(3515,883,74),(3516,883,1),(3517,883,3),(3518,910,76),(3519,910,12),(3520,910,75),(3521,910,77),(3522,910,4),(3525,926,4),(3526,926,3),(3527,926,11),(3528,926,8),(3529,926,76),(3532,961,12),(3533,961,3),(3534,961,1),(3535,961,7),(3536,961,2),(3539,962,77),(3540,962,1),(3541,962,78),(3542,962,3),(3543,962,4),(3546,970,4),(3547,970,9),(3548,970,10),(3549,970,76),(3553,976,3),(3554,976,11),(3555,976,9),(3556,976,1),(3557,976,78),(3558,976,10),(3560,979,78),(3561,979,4),(3562,979,75),(3563,1019,12),(3564,1019,11),(3565,1019,3),(3566,1019,8),(3567,1019,7),(3570,1028,76),(3571,1028,10),(3572,1028,2),(3573,1028,9),(3574,1028,75),(3575,1028,12),(3577,1030,3),(3578,1030,74),(3579,1030,11),(3580,1030,76),(3581,1030,9),(3582,1030,4),(3584,1038,11),(3585,1038,2),(3586,1038,10),(3587,1038,4),(3591,1064,9),(3592,1064,12),(3593,1064,78),(3594,1064,7),(3595,1064,77),(3596,1064,3),(3598,1068,1),(3599,1068,3),(3600,1068,9),(3601,1088,75),(3602,1088,78),(3603,1088,12),(3604,1088,3),(3608,1100,7),(3609,1100,74),(3610,1100,78),(3611,1179,9),(3612,1179,75),(3613,1179,3),(3614,1179,77),(3618,1228,10),(3619,1228,12),(3620,1228,2),(3621,1228,75),(3622,1228,1),(3625,1244,78),(3626,1244,77),(3627,1244,12),(3628,1244,75),(3632,1283,10),(3633,1283,78),(3634,1283,4),(3635,1297,3),(3636,1297,12),(3637,1297,1),(3638,1316,3),(3639,1316,75),(3640,1316,78),(3641,1316,12),(3642,1316,4),(3643,1316,11),(3645,1371,12),(3646,1371,76),(3647,1371,10),(3648,1371,9),(3649,1371,75),(3652,1373,11),(3653,1373,10),(3654,1373,9),(3655,1430,10),(3656,1430,11),(3657,1430,74),(3658,1430,4),(3659,1430,7),(3662,1435,76),(3663,1435,77),(3664,1435,7),(3665,1442,2),(3666,1442,1),(3667,1442,3),(3668,1442,76),(3669,1442,4),(3672,1469,4),(3673,1469,75),(3674,1469,2),(3675,1469,7),(3679,1481,2),(3680,1481,1),(3681,1481,74),(3682,1509,77),(3683,1509,7),(3684,1509,11),(3685,1509,4),(3686,1509,12),(3687,1509,9),(3689,1511,78),(3690,1511,77),(3691,1511,76),(3692,1521,78),(3693,1521,9),(3694,1521,3),(3695,1521,76),(3696,1521,7),(3697,1521,75),(3699,1563,74),(3700,1563,11),(3701,1563,78),(3702,1563,7),(3703,1563,75),(3706,1581,74),(3707,1581,11),(3708,1581,10),(3709,1604,11),(3710,1604,76),(3711,1604,8),(3712,1604,10),(3713,1604,75),(3714,1604,78),(3716,1610,74),(3717,1610,7),(3718,1610,1),(3719,1610,10),(3720,1610,78),(3721,1610,3),(3723,1639,11),(3724,1639,10),(3725,1639,74),(3726,1639,7),(3727,1639,3),(3728,1639,8),(3730,1655,7),(3731,1655,4),(3732,1655,74),(3733,1666,4),(3734,1666,11),(3735,1666,8),(3736,1672,7),(3737,1672,3),(3738,1672,76),(3739,1672,10),(3740,1672,1),(3743,1707,77),(3744,1707,7),(3745,1707,75),(3746,1741,8),(3747,1741,3),(3748,1741,75),(3749,1741,76),(3750,1741,2),(3753,1746,7),(3754,1746,11),(3755,1746,75),(3756,1746,77),(3760,1756,8),(3761,1756,2),(3762,1756,74),(3763,1756,7),(3767,1760,75),(3768,1760,7),(3769,1760,3),(3770,1811,9),(3771,1811,77),(3772,1811,10),(3773,1811,4),(3774,1811,1),(3777,1817,9),(3778,1817,74),(3779,1817,1),(3780,1823,3),(3781,1823,2),(3782,1823,78),(3783,1823,1),(3784,1823,74),(3787,1831,12),(3788,1831,10),(3789,1831,1),(3790,1831,75),(3794,1839,74),(3795,1839,1),(3796,1839,9),(3797,1843,10),(3798,1843,77),(3799,1843,11),(3800,1843,7),(3801,1843,78),(3802,1843,75),(3804,1849,77),(3805,1849,78),(3806,1849,8),(3807,1849,10),(3811,1874,12),(3812,1874,2),(3813,1874,75),(3814,1874,9),(3815,1874,76),(3816,1874,1),(3818,1886,4),(3819,1886,78),(3820,1886,10),(3821,1886,1),(3825,1906,9),(3826,1906,77),(3827,1906,11),(3828,1906,12),(3829,1906,2),(3830,1906,78),(3832,1924,12),(3833,1924,1),(3834,1924,10),(3835,1924,2),(3836,1924,74),(3839,1943,4),(3840,1943,11),(3841,1943,12),(3842,1943,74),(3843,1943,9),(3844,1943,10),(3846,1990,11),(3847,1990,3),(3848,1990,76),(3849,6,33),(3850,6,83),(3851,6,35),(3852,6,87),(3853,6,79),(3854,6,32),(3856,8,89),(3857,8,79),(3858,8,31),(3859,16,33),(3860,16,79),(3861,16,34),(3862,16,85),(3863,16,32),(3866,27,83),(3867,27,89),(3868,27,35),(3869,27,33),(3870,27,79),(3873,61,82),(3874,61,34),(3875,61,79),(3876,61,89),(3880,64,79),(3881,64,86),(3882,64,35),(3883,65,34),(3884,65,33),(3885,65,32),(3886,65,89),(3890,75,31),(3891,75,29),(3892,75,32),(3893,75,85),(3894,75,87),(3897,99,35),(3898,99,31),(3899,99,32),(3900,106,79),(3901,106,31),(3902,106,35),(3903,144,30),(3904,144,79),(3905,144,35),(3906,144,83),(3907,144,89),(3908,144,82),(3910,145,29),(3911,145,79),(3912,145,85),(3913,145,31),(3914,145,88),(3915,145,89),(3917,178,32),(3918,178,34),(3919,178,83),(3920,178,82),(3921,178,30),(3922,178,35),(3924,183,86),(3925,183,87),(3926,183,89),(3927,198,33),(3928,198,89),(3929,198,30),(3930,199,32),(3931,199,30),(3932,199,79),(3933,199,35),(3934,199,34),(3935,199,82),(3937,213,85),(3938,213,87),(3939,213,31),(3940,213,83),(3941,213,79),(3942,213,89),(3944,220,86),(3945,220,35),(3946,220,31),(3947,220,87),(3948,220,33),(3951,228,83),(3952,228,88),(3953,228,89),(3954,228,30),(3955,228,29),(3958,234,86),(3959,234,82),(3960,234,83),(3961,234,35),(3965,237,86),(3966,237,31),(3967,237,89),(3968,237,35),(3969,237,34),(3972,272,88),(3973,272,34),(3974,272,33),(3975,272,87),(3979,285,83),(3980,285,31),(3981,285,85),(3982,290,89),(3983,290,79),(3984,290,33),(3985,290,85),(3986,290,30),(3987,290,31),(3989,304,79),(3990,304,85),(3991,304,83),(3992,309,85),(3993,309,30),(3994,309,79),(3995,309,89),(3999,323,88),(4000,323,31),(4001,323,35),(4002,323,89),(4003,323,85),(4006,329,34),(4007,329,32),(4008,329,87),(4009,329,89),(4010,329,31),(4013,345,31),(4014,345,87),(4015,345,33),(4016,349,88),(4017,349,32),(4018,349,83),(4019,349,33),(4020,349,34),(4023,369,34),(4024,369,35),(4025,369,33),(4026,369,32),(4027,369,83),(4030,434,87),(4031,434,29),(4032,434,34),(4033,434,89),(4034,434,33),(4037,445,82),(4038,445,85),(4039,445,29),(4040,449,82),(4041,449,87),(4042,449,34),(4043,449,31),(4044,449,30),(4045,449,79),(4047,466,31),(4048,466,32),(4049,466,85),(4050,466,33),(4051,466,86),(4054,468,35),(4055,468,30),(4056,468,31),(4057,478,83),(4058,478,88),(4059,478,34),(4060,478,30),(4061,478,35),(4064,481,87),(4065,481,30),(4066,481,85),(4067,481,31),(4068,481,79),(4069,481,88),(4071,485,32),(4072,485,89),(4073,485,35),(4074,485,30),(4078,493,89),(4079,493,29),(4080,493,34),(4081,493,82),(4082,493,79),(4083,493,31),(4085,499,83),(4086,499,29),(4087,499,30),(4088,499,88),(4092,510,34),(4093,510,89),(4094,510,86),(4095,510,83),(4096,510,33),(4097,510,31),(4099,517,87),(4100,517,89),(4101,517,86),(4102,517,83),(4103,517,34),(4104,517,79),(4106,546,86),(4107,546,31),(4108,546,79),(4109,546,34),(4110,546,30),(4111,546,82),(4113,567,79),(4114,567,32),(4115,567,83),(4116,574,89),(4117,574,87),(4118,574,30),(4119,574,35),(4120,574,29),(4123,627,82),(4124,627,30),(4125,627,33),(4126,627,88),(4130,659,30),(4131,659,82),(4132,659,88),(4133,666,32),(4134,666,83),(4135,666,35),(4136,666,85),(4137,666,88),(4140,691,31),(4141,691,83),(4142,691,88),(4143,765,79),(4144,765,35),(4145,765,34),(4146,765,86),(4150,785,87),(4151,785,35),(4152,785,32),(4153,785,34),(4157,819,32),(4158,819,29),(4159,819,34),(4160,874,88),(4161,874,89),(4162,874,33),(4163,874,85),(4167,878,32),(4168,878,29),(4169,878,33),(4170,878,82),(4174,923,87),(4175,923,86),(4176,923,31),(4177,923,79),(4178,923,85),(4179,923,29),(4181,929,86),(4182,929,30),(4183,929,85),(4184,936,79),(4185,936,88),(4186,936,29),(4187,936,87),(4188,936,82),(4189,936,35),(4191,953,89),(4192,953,79),(4193,953,32),(4194,957,30),(4195,957,89),(4196,957,34),(4197,957,88),(4201,989,88),(4202,989,35),(4203,989,79),(4204,989,33),(4205,989,86),(4206,989,32),(4208,998,33),(4209,998,85),(4210,998,89),(4211,1011,89),(4212,1011,29),(4213,1011,30),(4214,1024,85),(4215,1024,87),(4216,1024,30),(4217,1036,83),(4218,1036,86),(4219,1036,89),(4220,1036,34),(4221,1036,30),(4222,1036,85),(4224,1046,89),(4225,1046,85),(4226,1046,87),(4227,1046,35),(4228,1046,32),(4229,1046,30),(4231,1078,29),(4232,1078,83),(4233,1078,30),(4234,1078,35),(4235,1078,79),(4238,1079,87),(4239,1079,83),(4240,1079,85),(4241,1083,85),(4242,1083,31),(4243,1083,29),(4244,1083,88),(4248,1099,31),(4249,1099,32),(4250,1099,87),(4251,1099,86),(4255,1124,88),(4256,1124,31),(4257,1124,82),(4258,1138,86),(4259,1138,32),(4260,1138,89),(4261,1138,85),(4262,1138,34),(4263,1138,29),(4265,1147,85),(4266,1147,33),(4267,1147,29),(4268,1147,79),(4269,1147,89),(4272,1170,34),(4273,1170,87),(4274,1170,79),(4275,1170,85),(4279,1174,85),(4280,1174,79),(4281,1174,87),(4282,1174,35),(4283,1174,89),(4286,1186,32),(4287,1186,79),(4288,1186,34),(4289,1193,29),(4290,1193,88),(4291,1193,35),(4292,1193,30),(4293,1193,31),(4294,1193,33),(4296,1195,33),(4297,1195,85),(4298,1195,35),(4299,1195,82),(4300,1195,31),(4301,1195,34),(4303,1217,86),(4304,1217,29),(4305,1217,87),(4306,1218,30),(4307,1218,29),(4308,1218,34),(4309,1219,83),(4310,1219,88),(4311,1219,35),(4312,1219,33),(4316,1222,35),(4317,1222,85),(4318,1222,86),(4319,1222,82),(4323,1223,82),(4324,1223,79),(4325,1223,31),(4326,1238,32),(4327,1238,35),(4328,1238,82),(4329,1238,30),(4330,1238,83),(4333,1294,30),(4334,1294,82),(4335,1294,83),(4336,1294,89),(4337,1294,85),(4338,1294,86),(4340,1303,87),(4341,1303,32),(4342,1303,79),(4343,1322,86),(4344,1322,89),(4345,1322,33),(4346,1322,34),(4347,1322,32),(4348,1322,35),(4350,1352,33),(4351,1352,89),(4352,1352,34),(4353,1352,79),(4354,1352,29),(4357,1383,31),(4358,1383,87),(4359,1383,83),(4360,1394,35),(4361,1394,30),(4362,1394,88),(4363,1394,85),(4364,1394,34),(4365,1394,89),(4367,1407,89),(4368,1407,87),(4369,1407,31),(4370,1407,34),(4371,1407,32),(4374,1409,87),(4375,1409,33),(4376,1409,85),(4377,1409,32),(4378,1409,83),(4379,1409,82),(4381,1437,32),(4382,1437,85),(4383,1437,82),(4384,1440,87),(4385,1440,32),(4386,1440,88),(4387,1440,82),(4388,1440,83),(4389,1440,79),(4391,1447,87),(4392,1447,89),(4393,1447,88),(4394,1447,35),(4398,1455,88),(4399,1455,35),(4400,1455,86),(4401,1455,29),(4402,1455,34),(4403,1455,31),(4405,1462,29),(4406,1462,86),(4407,1462,32),(4408,1462,89),(4409,1462,35),(4412,1474,29),(4413,1474,35),(4414,1474,34),(4415,1474,86),(4419,1492,83),(4420,1492,35),(4421,1492,31),(4422,1492,86),(4423,1492,89),(4426,1493,35),(4427,1493,31),(4428,1493,32),(4429,1493,82),(4430,1493,30),(4431,1493,89),(4433,1519,29),(4434,1519,35),(4435,1519,88),(4436,1519,79),(4440,1526,32),(4441,1526,29),(4442,1526,82),(4443,1559,89),(4444,1559,30),(4445,1559,35),(4446,1559,85),(4447,1559,82),(4450,1589,31),(4451,1589,89),(4452,1589,83),(4453,1592,32),(4454,1592,85),(4455,1592,30),(4456,1623,88),(4457,1623,83),(4458,1623,34),(4459,1624,86),(4460,1624,85),(4461,1624,87),(4462,1624,29),(4466,1658,88),(4467,1658,86),(4468,1658,33),(4469,1658,87),(4473,1663,34),(4474,1663,82),(4475,1663,89),(4476,1663,32),(4477,1663,83),(4480,1667,88),(4481,1667,34),(4482,1667,31),(4483,1679,34),(4484,1679,33),(4485,1679,32),(4486,1679,86),(4487,1679,87),(4488,1679,31),(4490,1720,85),(4491,1720,34),(4492,1720,30),(4493,1720,87),(4494,1720,79),(4497,1743,86),(4498,1743,31),(4499,1743,35),(4500,1743,82),(4501,1743,33),(4502,1743,79),(4504,1755,30),(4505,1755,33),(4506,1755,86),(4507,1755,88),(4511,1757,30),(4512,1757,33),(4513,1757,85),(4514,1757,32),(4518,1762,31),(4519,1762,33),(4520,1762,30),(4521,1762,79),(4522,1762,32),(4523,1762,29),(4525,1765,31),(4526,1765,79),(4527,1765,32),(4528,1765,34),(4529,1765,29),(4532,1779,87),(4533,1779,33),(4534,1779,83),(4535,1779,31),(4536,1779,29),(4539,1805,88),(4540,1805,82),(4541,1805,33),(4542,1805,79),(4543,1805,83),(4544,1805,29),(4546,1825,89),(4547,1825,83),(4548,1825,34),(4549,1826,35),(4550,1826,86),(4551,1826,82),(4552,1826,79),(4553,1826,83),(4556,1835,29),(4557,1835,79),(4558,1835,89),(4559,1835,32),(4563,1841,34),(4564,1841,89),(4565,1841,35),(4566,1872,88),(4567,1872,86),(4568,1872,29),(4569,1872,34),(4570,1872,33),(4571,1872,87),(4573,1878,29),(4574,1878,88),(4575,1878,82),(4576,1887,31),(4577,1887,35),(4578,1887,83),(4579,1887,86),(4580,1887,29),(4583,1908,86),(4584,1908,29),(4585,1908,87),(4586,1918,79),(4587,1918,33),(4588,1918,82),(4589,1918,89),(4590,1918,30),(4593,1985,86),(4594,1985,31),(4595,1985,85),(4596,1985,35),(4597,1985,79),(4598,1985,32),(4600,2000,35),(4601,2000,82),(4602,2000,88),(4603,7,86),(4604,7,82),(4605,7,37),(4606,24,86),(4607,24,35),(4608,24,85),(4609,24,89),(4610,24,84),(4613,26,79),(4614,26,40),(4615,26,84),(4616,26,89),(4617,26,85),(4620,29,86),(4621,29,83),(4622,29,37),(4623,29,85),(4624,29,29),(4625,29,36),(4627,54,82),(4628,54,88),(4629,54,85),(4630,54,84),(4631,54,86),(4634,57,35),(4635,57,79),(4636,57,83),(4637,57,87),(4638,57,88),(4641,111,82),(4642,111,83),(4643,111,84),(4644,111,29),(4648,132,35),(4649,132,83),(4650,132,38),(4651,132,88),(4652,132,87),(4655,163,36),(4656,163,82),(4657,163,29),(4658,163,86),(4659,163,37),(4660,163,89),(4662,168,29),(4663,168,79),(4664,168,89),(4665,168,38),(4666,168,83),(4669,180,40),(4670,180,29),(4671,180,87),(4672,214,84),(4673,214,36),(4674,214,79),(4675,214,35),(4676,214,38),(4679,216,35),(4680,216,79),(4681,216,40),(4682,233,87),(4683,233,35),(4684,233,86),(4685,241,29),(4686,241,87),(4687,241,37),(4688,250,37),(4689,250,38),(4690,250,85),(4691,250,40),(4692,250,83),(4693,250,36),(4695,255,82),(4696,255,38),(4697,255,86),(4698,255,29),(4699,255,89),(4702,261,29),(4703,261,36),(4704,261,38),(4705,261,89),(4709,267,87),(4710,267,83),(4711,267,88),(4712,267,40),(4713,267,89),(4714,267,38),(4716,308,37),(4717,308,88),(4718,308,79),(4719,308,84),(4720,308,29),(4721,308,86),(4723,322,88),(4724,322,38),(4725,322,89),(4726,322,35),(4727,322,29),(4730,373,35),(4731,373,86),(4732,373,83),(4733,376,35),(4734,376,83),(4735,376,86),(4736,376,40),(4737,376,29),(4740,377,85),(4741,377,83),(4742,377,35),(4743,377,38),(4747,418,84),(4748,418,29),(4749,418,37),(4750,418,87),(4754,421,83),(4755,421,84),(4756,421,87),(4757,444,89),(4758,444,79),(4759,444,88),(4760,444,85),(4764,459,36),(4765,459,89),(4766,459,83),(4767,459,88),(4768,459,82),(4771,522,87),(4772,522,82),(4773,522,29),(4774,522,88),(4775,522,83),(4778,559,87),(4779,559,85),(4780,559,82),(4781,559,37),(4782,559,29),(4783,559,40),(4785,571,85),(4786,571,89),(4787,571,37),(4788,571,84),(4792,602,89),(4793,602,36),(4794,602,40),(4795,602,82),(4796,602,86),(4799,615,84),(4800,615,35),(4801,615,37),(4802,615,29),(4806,618,82),(4807,618,37),(4808,618,35),(4809,618,84),(4810,618,40),(4811,618,29),(4813,638,89),(4814,638,37),(4815,638,83),(4816,638,87),(4817,638,40),(4818,638,88),(4820,649,38),(4821,649,84),(4822,649,83),(4823,649,36),(4827,680,35),(4828,680,82),(4829,680,40),(4830,684,86),(4831,684,87),(4832,684,29),(4833,684,79),(4834,684,35),(4835,684,82),(4837,686,36),(4838,686,40),(4839,686,84),(4840,686,89),(4844,696,89),(4845,696,86),(4846,696,83),(4847,696,36),(4851,732,40),(4852,732,83),(4853,732,87),(4854,732,38),(4855,732,88),(4858,739,88),(4859,739,38),(4860,739,89),(4861,761,86),(4862,761,36),(4863,761,79),(4864,761,35),(4865,761,84),(4866,761,29),(4868,775,36),(4869,775,85),(4870,775,29),(4871,775,40),(4875,778,86),(4876,778,88),(4877,778,29),(4878,783,89),(4879,783,29),(4880,783,37),(4881,824,29),(4882,824,38),(4883,824,35),(4884,829,89),(4885,829,85),(4886,829,82),(4887,829,37),(4888,829,86),(4889,829,83),(4891,834,36),(4892,834,88),(4893,834,89),(4894,834,35),(4895,834,83),(4896,834,37),(4898,867,83),(4899,867,85),(4900,867,86),(4901,916,86),(4902,916,79),(4903,916,82),(4904,938,38),(4905,938,87),(4906,938,85),(4907,938,40),(4911,943,84),(4912,943,37),(4913,943,79),(4914,943,88),(4915,943,36),(4916,943,86),(4918,950,82),(4919,950,87),(4920,950,88),(4921,950,36),(4922,950,29),(4923,950,38),(4925,980,29),(4926,980,82),(4927,980,35),(4928,982,89),(4929,982,29),(4930,982,88),(4931,982,40),(4935,1005,37),(4936,1005,38),(4937,1005,79),(4938,1013,38),(4939,1013,82),(4940,1013,87),(4941,1033,88),(4942,1033,38),(4943,1033,84),(4944,1049,29),(4945,1049,82),(4946,1049,79),(4947,1049,35),(4948,1049,88),(4949,1049,87),(4951,1081,37),(4952,1081,35),(4953,1081,79),(4954,1081,88),(4955,1081,89),(4958,1101,40),(4959,1101,86),(4960,1101,82),(4961,1101,35),(4962,1101,88),(4963,1101,87),(4965,1132,38),(4966,1132,36),(4967,1132,37),(4968,1132,40),(4972,1202,37),(4973,1202,85),(4974,1202,36),(4975,1214,35),(4976,1214,36),(4977,1214,37),(4978,1215,82),(4979,1215,88),(4980,1215,79),(4981,1215,35),(4982,1215,86),(4985,1224,84),(4986,1224,87),(4987,1224,40),(4988,1232,37),(4989,1232,40),(4990,1232,29),(4991,1232,35),(4995,1242,83),(4996,1242,38),(4997,1242,87),(4998,1242,36),(4999,1242,82),(5002,1274,35),(5003,1274,89),(5004,1274,87),(5005,1274,83),(5006,1274,84),(5007,1274,79),(5009,1276,84),(5010,1276,89),(5011,1276,79),(5012,1276,36),(5016,1308,88),(5017,1308,29),(5018,1308,87),(5019,1319,37),(5020,1319,85),(5021,1319,35),(5022,1319,89),(5023,1319,83),(5024,1319,88),(5026,1326,29),(5027,1326,36),(5028,1326,88),(5029,1326,84),(5030,1326,38),(5031,1326,82),(5033,1327,36),(5034,1327,84),(5035,1327,89),(5036,1327,35),(5037,1327,87),(5038,1327,40),(5040,1368,79),(5041,1368,38),(5042,1368,29),(5043,1385,79),(5044,1385,37),(5045,1385,89),(5046,1385,86),(5050,1413,89),(5051,1413,85),(5052,1413,40),(5053,1413,88),(5057,1476,84),(5058,1476,40),(5059,1476,82),(5060,1476,89),(5061,1476,36),(5064,1495,35),(5065,1495,29),(5066,1495,36),(5067,1495,38),(5068,1495,85),(5071,1515,88),(5072,1515,82),(5073,1515,29),(5074,1515,35),(5075,1515,40),(5078,1530,36),(5079,1530,35),(5080,1530,86),(5081,1530,89),(5085,1540,36),(5086,1540,83),(5087,1540,88),(5088,1540,86),(5092,1541,87),(5093,1541,86),(5094,1541,35),(5095,1541,38),(5099,1547,88),(5100,1547,89),(5101,1547,87),(5102,1556,86),(5103,1556,37),(5104,1556,82),(5105,1562,37),(5106,1562,86),(5107,1562,88),(5108,1562,29),(5109,1562,36),(5110,1562,82),(5112,1569,79),(5113,1569,84),(5114,1569,86),(5115,1570,83),(5116,1570,87),(5117,1570,37),(5118,1572,82),(5119,1572,29),(5120,1572,88),(5121,1572,79),(5125,1573,29),(5126,1573,88),(5127,1573,40),(5128,1573,89),(5129,1573,35),(5132,1590,89),(5133,1590,88),(5134,1590,36),(5135,1590,87),(5136,1590,83),(5139,1598,87),(5140,1598,82),(5141,1598,84),(5142,1598,83),(5143,1598,36),(5144,1598,86),(5146,1603,88),(5147,1603,82),(5148,1603,37),(5149,1603,40),(5153,1606,79),(5154,1606,88),(5155,1606,36),(5156,1606,35),(5160,1614,38),(5161,1614,36),(5162,1614,89),(5163,1614,29),(5164,1614,82),(5165,1614,37),(5167,1617,82),(5168,1617,83),(5169,1617,79),(5170,1617,86),(5171,1617,38),(5172,1617,84),(5174,1634,82),(5175,1634,88),(5176,1634,83),(5177,1634,37),(5178,1634,38),(5181,1635,37),(5182,1635,40),(5183,1635,29),(5184,1637,87),(5185,1637,36),(5186,1637,84),(5187,1637,85),(5188,1637,40),(5189,1637,35),(5191,1640,84),(5192,1640,38),(5193,1640,79),(5194,1640,89),(5195,1640,87),(5198,1686,82),(5199,1686,85),(5200,1686,83),(5201,1686,38),(5202,1686,37),(5205,1691,88),(5206,1691,79),(5207,1691,86),(5208,1692,40),(5209,1692,29),(5210,1692,88),(5211,1692,84),(5212,1692,85),(5215,1724,37),(5216,1724,87),(5217,1724,36),(5218,1726,89),(5219,1726,38),(5220,1726,87),(5221,1726,82),(5222,1726,83),(5223,1726,86),(5225,1747,89),(5226,1747,84),(5227,1747,29),(5228,1747,83),(5232,1759,37),(5233,1759,84),(5234,1759,83),(5235,1767,82),(5236,1767,86),(5237,1767,88),(5238,1767,84),(5239,1767,40),(5240,1767,83),(5242,1781,86),(5243,1781,29),(5244,1781,36),(5245,1781,84),(5249,1792,40),(5250,1792,89),(5251,1792,84),(5252,1792,88),(5256,1799,87),(5257,1799,79),(5258,1799,82),(5259,1799,89),(5260,1799,37),(5261,1799,86),(5263,1807,84),(5264,1807,40),(5265,1807,36),(5266,1807,29),(5267,1807,88),(5268,1807,83),(5270,1809,82),(5271,1809,89),(5272,1809,88),(5273,1842,86),(5274,1842,29),(5275,1842,83),(5276,1842,82),(5277,1842,85),(5280,1844,35),(5281,1844,40),(5282,1844,79),(5283,1844,84),(5284,1844,89),(5287,1853,29),(5288,1853,38),(5289,1853,89),(5290,1853,79),(5294,1855,88),(5295,1855,89),(5296,1855,87),(5297,1855,84),(5298,1855,36),(5299,1855,29),(5301,1866,88),(5302,1866,79),(5303,1866,29),(5304,1889,85),(5305,1889,82),(5306,1889,79),(5307,1889,83),(5308,1889,40),(5311,1892,40),(5312,1892,87),(5313,1892,36),(5314,1896,36),(5315,1896,29),(5316,1896,38),(5317,1896,85),(5318,1896,37),(5319,1896,87),(5321,1898,37),(5322,1898,40),(5323,1898,89),(5324,1932,85),(5325,1932,87),(5326,1932,88),(5327,1932,89),(5328,1932,38),(5329,1932,35),(5331,1938,83),(5332,1938,29),(5333,1938,37),(5334,1938,87),(5335,1938,89),(5336,1938,86),(5338,1939,79),(5339,1939,83),(5340,1939,84),(5341,1939,85),(5345,1950,88),(5346,1950,89),(5347,1950,37),(5348,1950,85),(5352,1963,37),(5353,1963,84),(5354,1963,79),(5355,1963,35),(5359,1971,40),(5360,1971,85),(5361,1971,35),(5362,1971,79),(5363,1971,38),(5364,1971,29),(5366,10,40),(5367,10,71),(5368,10,39),(5369,19,68),(5370,19,35),(5371,19,39),(5372,19,71),(5373,19,40),(5376,50,38),(5377,50,21),(5378,50,35),(5379,50,39),(5383,55,68),(5384,55,88),(5385,55,73),(5386,55,66),(5390,58,29),(5391,58,21),(5392,58,65),(5393,58,87),(5397,68,40),(5398,68,39),(5399,68,29),(5400,68,87),(5404,83,88),(5405,83,65),(5406,83,87),(5407,85,40),(5408,85,38),(5409,85,39),(5410,85,21),(5411,85,88),(5414,95,21),(5415,95,69),(5416,95,73),(5417,95,88),(5421,100,68),(5422,100,87),(5423,100,73),(5424,100,71),(5425,100,69),(5428,101,88),(5429,101,66),(5430,101,71),(5431,101,73),(5432,101,87),(5435,115,69),(5436,115,29),(5437,115,87),(5438,115,38),(5439,115,66),(5440,115,23),(5442,130,87),(5443,130,69),(5444,130,73),(5445,130,66),(5449,149,69),(5450,149,40),(5451,149,29),(5452,149,88),(5453,149,35),(5456,154,68),(5457,154,40),(5458,154,71),(5459,154,38),(5460,154,87),(5463,160,66),(5464,160,87),(5465,160,40),(5466,160,39),(5467,160,73),(5470,204,87),(5471,204,73),(5472,204,39),(5473,223,69),(5474,223,71),(5475,223,21),(5476,223,29),(5480,224,88),(5481,224,29),(5482,224,73),(5483,224,40),(5484,224,66),(5485,224,65),(5487,296,69),(5488,296,73),(5489,296,68),(5490,296,29),(5491,296,40),(5494,302,88),(5495,302,87),(5496,302,73),(5497,302,69),(5501,310,73),(5502,310,66),(5503,310,65),(5504,310,68),(5505,310,35),(5506,310,23),(5508,312,21),(5509,312,39),(5510,312,69),(5511,312,68),(5512,312,23),(5515,370,40),(5516,370,38),(5517,370,21),(5518,370,29),(5519,370,39),(5522,378,23),(5523,378,69),(5524,378,88),(5525,378,40),(5529,381,65),(5530,381,40),(5531,381,23),(5532,406,21),(5533,406,35),(5534,406,73),(5535,406,66),(5539,408,87),(5540,408,66),(5541,408,40),(5542,408,73),(5543,408,35),(5546,409,23),(5547,409,69),(5548,409,68),(5549,472,88),(5550,472,35),(5551,472,40),(5552,472,21),(5553,472,65),(5554,472,39),(5556,475,87),(5557,475,23),(5558,475,65),(5559,475,38),(5563,489,21),(5564,489,35),(5565,489,23),(5566,490,39),(5567,490,69),(5568,490,73),(5569,490,40),(5573,507,68),(5574,507,21),(5575,507,87),(5576,507,38),(5580,528,71),(5581,528,87),(5582,528,39),(5583,528,69),(5584,528,40),(5585,528,21),(5587,534,88),(5588,534,21),(5589,534,71),(5590,534,69),(5594,537,35),(5595,537,87),(5596,537,69),(5597,537,38),(5601,555,40),(5602,555,68),(5603,555,21),(5604,555,35),(5605,555,88),(5608,578,66),(5609,578,88),(5610,578,21),(5611,578,73),(5612,578,23),(5613,578,71),(5615,579,73),(5616,579,23),(5617,579,35),(5618,586,23),(5619,586,65),(5620,586,68),(5621,586,87),(5625,596,71),(5626,596,65),(5627,596,88),(5628,596,38),(5629,596,35),(5632,611,35),(5633,611,23),(5634,611,65),(5635,611,39),(5636,611,71),(5637,611,29),(5639,619,87),(5640,619,35),(5641,619,65),(5642,619,66),(5643,619,40),(5646,633,40),(5647,633,66),(5648,633,38),(5649,663,69),(5650,663,29),(5651,663,39),(5652,663,23),(5656,702,35),(5657,702,71),(5658,702,73),(5659,702,65),(5660,702,68),(5661,702,39),(5663,707,35),(5664,707,21),(5665,707,87),(5666,707,69),(5667,707,71),(5668,707,68),(5670,726,23),(5671,726,88),(5672,726,29),(5673,726,87),(5674,726,69),(5675,726,71),(5677,733,65),(5678,733,29),(5679,733,69),(5680,733,21),(5681,733,88),(5684,791,40),(5685,791,29),(5686,791,21),(5687,791,66),(5691,803,71),(5692,803,35),(5693,803,87),(5694,803,21),(5698,823,35),(5699,823,71),(5700,823,21),(5701,823,23),(5702,823,39),(5705,826,65),(5706,826,87),(5707,826,39),(5708,826,40),(5709,826,66),(5712,839,40),(5713,839,35),(5714,839,69),(5715,839,66),(5716,839,73),(5719,850,65),(5720,850,73),(5721,850,87),(5722,850,69),(5723,850,23),(5726,853,73),(5727,853,87),(5728,853,40),(5729,856,71),(5730,856,40),(5731,856,73),(5732,856,29),(5733,856,35),(5736,858,68),(5737,858,71),(5738,858,29),(5739,858,23),(5740,858,39),(5741,858,35),(5743,862,71),(5744,862,21),(5745,862,65),(5746,862,29),(5747,862,68),(5748,862,73),(5750,870,38),(5751,870,73),(5752,870,87),(5753,870,21),(5757,888,69),(5758,888,38),(5759,888,73),(5760,888,23),(5761,888,35),(5764,892,71),(5765,892,38),(5766,892,88),(5767,892,23),(5768,892,40),(5769,892,29),(5771,911,65),(5772,911,29),(5773,911,66),(5774,911,23),(5775,911,73),(5776,911,38),(5778,933,23),(5779,933,21),(5780,933,71),(5781,935,88),(5782,935,68),(5783,935,35),(5784,935,23),(5788,960,88),(5789,960,65),(5790,960,38),(5791,960,21),(5792,960,71),(5793,960,35),(5795,995,23),(5796,995,73),(5797,995,38),(5798,995,65),(5802,997,38),(5803,997,29),(5804,997,88),(5805,997,71),(5806,997,39),(5807,997,21),(5809,1037,40),(5810,1037,65),(5811,1037,35),(5812,1041,88),(5813,1041,23),(5814,1041,39),(5815,1041,40),(5816,1041,38),(5819,1082,87),(5820,1082,68),(5821,1082,69),(5822,1082,21),(5826,1137,38),(5827,1137,88),(5828,1137,21),(5829,1137,29),(5830,1137,87),(5833,1152,35),(5834,1152,68),(5835,1152,73),(5836,1152,87),(5837,1152,71),(5838,1152,38),(5840,1158,65),(5841,1158,69),(5842,1158,35),(5843,1158,73),(5844,1158,29),(5847,1162,66),(5848,1162,73),(5849,1162,29),(5850,1162,39),(5851,1162,69),(5854,1163,71),(5855,1163,40),(5856,1163,69),(5857,1163,68),(5861,1169,66),(5862,1169,73),(5863,1169,21),(5864,1169,23),(5865,1169,65),(5866,1169,68),(5868,1231,69),(5869,1231,87),(5870,1231,68),(5871,1231,35),(5872,1231,39),(5873,1231,65),(5875,1240,65),(5876,1240,38),(5877,1240,87),(5878,1240,73),(5882,1241,71),(5883,1241,29),(5884,1241,87),(5885,1241,88),(5886,1241,23),(5887,1241,68),(5889,1261,66),(5890,1261,71),(5891,1261,38),(5892,1266,23),(5893,1266,65),(5894,1266,69),(5895,1266,38),(5896,1266,88),(5897,1266,87),(5899,1267,38),(5900,1267,39),(5901,1267,65),(5902,1267,35),(5906,1269,73),(5907,1269,88),(5908,1269,68),(5909,1269,39),(5913,1279,71),(5914,1279,23),(5915,1279,35),(5916,1279,66),(5917,1279,39),(5920,1280,66),(5921,1280,87),(5922,1280,23),(5923,1280,39),(5927,1289,66),(5928,1289,21),(5929,1289,39),(5930,1289,88),(5931,1289,40),(5934,1293,87),(5935,1293,73),(5936,1293,38),(5937,1321,88),(5938,1321,23),(5939,1321,71),(5940,1321,69),(5941,1321,73),(5944,1345,23),(5945,1345,87),(5946,1345,71),(5947,1361,23),(5948,1361,40),(5949,1361,73),(5950,1362,29),(5951,1362,87),(5952,1362,39),(5953,1362,71),(5954,1362,35),(5955,1362,73),(5957,1369,87),(5958,1369,38),(5959,1369,65),(5960,1403,73),(5961,1403,87),(5962,1403,69),(5963,1403,71),(5967,1452,73),(5968,1452,68),(5969,1452,69),(5970,1452,88),(5971,1452,39),(5974,1467,38),(5975,1467,40),(5976,1467,68),(5977,1467,29),(5978,1467,87),(5981,1475,65),(5982,1475,87),(5983,1475,38),(5984,1475,35),(5985,1475,39),(5986,1475,21),(5988,1487,88),(5989,1487,21),(5990,1487,68),(5991,1487,66),(5992,1487,23),(5993,1487,69),(5995,1506,73),(5996,1506,66),(5997,1506,88),(5998,1539,35),(5999,1539,69),(6000,1539,65),(6001,1539,38),(6002,1539,40),(6003,1539,21),(6005,1554,73),(6006,1554,23),(6007,1554,40),(6008,1554,87),(6009,1554,65),(6010,1554,69),(6012,1558,38),(6013,1558,39),(6014,1558,87),(6015,1558,21),(6016,1558,69),(6017,1558,71),(6019,1579,68),(6020,1579,71),(6021,1579,23),(6022,1579,87),(6026,1585,23),(6027,1585,73),(6028,1585,71),(6029,1585,40),(6033,1595,73),(6034,1595,38),(6035,1595,23),(6036,1595,87),(6037,1595,66),(6038,1595,39),(6040,1599,39),(6041,1599,29),(6042,1599,69),(6043,1602,73),(6044,1602,65),(6045,1602,35),(6046,1602,21),(6047,1602,71),(6050,1630,69),(6051,1630,39),(6052,1630,35),(6053,1630,71),(6054,1630,68),(6055,1630,87),(6057,1632,39),(6058,1632,68),(6059,1632,88),(6060,1632,38),(6061,1632,40),(6064,1641,29),(6065,1641,69),(6066,1641,21),(6067,1641,71),(6068,1641,39),(6071,1650,21),(6072,1650,23),(6073,1650,87),(6074,1650,39),(6075,1650,29),(6076,1650,40),(6078,1657,88),(6079,1657,38),(6080,1657,29),(6081,1657,35),(6082,1657,65),(6083,1657,71),(6085,1659,69),(6086,1659,29),(6087,1659,68),(6088,1669,39),(6089,1669,69),(6090,1669,40),(6091,1669,23),(6095,1675,29),(6096,1675,65),(6097,1675,35),(6098,1675,23),(6102,1697,87),(6103,1697,21),(6104,1697,29),(6105,1719,23),(6106,1719,65),(6107,1719,68),(6108,1719,69),(6109,1719,39),(6110,1719,35),(6112,1803,38),(6113,1803,23),(6114,1803,71),(6115,1821,38),(6116,1821,40),(6117,1821,71),(6118,1821,39),(6119,1821,88),(6120,1821,29),(6122,1824,69),(6123,1824,66),(6124,1824,65),(6125,1832,87),(6126,1832,68),(6127,1832,35),(6128,1864,35),(6129,1864,73),(6130,1864,38),(6131,1867,87),(6132,1867,69),(6133,1867,21),(6134,1867,38),(6135,1867,40),(6138,1873,29),(6139,1873,38),(6140,1873,87),(6141,1873,65),(6142,1873,69),(6143,1873,39),(6145,1879,38),(6146,1879,40),(6147,1879,88),(6148,1879,87),(6152,1909,29),(6153,1909,21),(6154,1909,65),(6155,1909,39),(6159,1951,71),(6160,1951,21),(6161,1951,35),(6162,1951,23),(6166,1962,71),(6167,1962,35),(6168,1962,40),(6169,1962,68),(6170,1962,38),(6171,1962,21),(6173,1969,39),(6174,1969,71),(6175,1969,65),(6176,1969,35),(6180,1975,73),(6181,1975,87),(6182,1975,88),(6183,1975,65),(6184,1975,23),(6187,1977,40),(6188,1977,65),(6189,1977,66),(6190,1989,35),(6191,1989,23),(6192,1989,65),(6193,14,46),(6194,14,43),(6195,14,83),(6196,14,42),(6197,14,68),(6200,36,80),(6201,36,42),(6202,36,46),(6203,36,83),(6204,36,44),(6207,40,68),(6208,40,87),(6209,40,42),(6210,52,86),(6211,52,81),(6212,52,46),(6213,52,41),(6214,52,68),(6215,52,45),(6217,59,81),(6218,59,46),(6219,59,29),(6220,59,68),(6221,59,80),(6224,66,43),(6225,66,79),(6226,66,87),(6227,66,68),(6228,66,42),(6231,69,68),(6232,69,87),(6233,69,45),(6234,69,49),(6238,77,68),(6239,77,87),(6240,77,86),(6241,77,41),(6245,91,79),(6246,91,68),(6247,91,49),(6248,109,81),(6249,109,43),(6250,109,49),(6251,109,68),(6252,109,46),(6253,109,41),(6255,128,79),(6256,128,29),(6257,128,80),(6258,156,79),(6259,156,45),(6260,156,41),(6261,196,86),(6262,196,45),(6263,196,43),(6264,196,68),(6265,196,49),(6266,196,41),(6268,205,44),(6269,205,42),(6270,205,29),(6271,205,83),(6275,207,83),(6276,207,68),(6277,207,81),(6278,209,45),(6279,209,79),(6280,209,81),(6281,209,29),(6285,210,86),(6286,210,42),(6287,210,68),(6288,210,49),(6289,210,83),(6290,210,46),(6292,218,42),(6293,218,80),(6294,218,81),(6295,218,46),(6299,242,46),(6300,242,86),(6301,242,68),(6302,283,86),(6303,283,45),(6304,283,81),(6305,286,86),(6306,286,42),(6307,286,68),(6308,286,83),(6312,336,29),(6313,336,80),(6314,336,81),(6315,336,44),(6316,336,42),(6319,338,42),(6320,338,44),(6321,338,83),(6322,338,49),(6323,338,79),(6326,358,80),(6327,358,87),(6328,358,86),(6329,367,79),(6330,367,41),(6331,367,83),(6332,400,44),(6333,400,43),(6334,400,68),(6335,400,80),(6336,400,83),(6337,400,41),(6339,410,49),(6340,410,46),(6341,410,45),(6342,410,86),(6343,410,44),(6346,414,79),(6347,414,86),(6348,414,45),(6349,414,81),(6350,414,68),(6353,446,41),(6354,446,81),(6355,446,43),(6356,446,80),(6357,446,29),(6358,446,87),(6360,458,81),(6361,458,80),(6362,458,49),(6363,458,83),(6367,518,46),(6368,518,81),(6369,518,80),(6370,518,86),(6371,518,41),(6374,541,86),(6375,541,68),(6376,541,43),(6377,541,81),(6381,542,42),(6382,542,44),(6383,542,83),(6384,542,29),(6388,565,49),(6389,565,87),(6390,565,44),(6391,565,43),(6395,581,29),(6396,581,43),(6397,581,86),(6398,581,81),(6399,581,42),(6402,604,80),(6403,604,45),(6404,604,44),(6405,604,83),(6406,604,41),(6407,604,46),(6409,656,45),(6410,656,41),(6411,656,49),(6412,656,68),(6413,656,81),(6416,657,49),(6417,657,79),(6418,657,86),(6419,657,43),(6420,657,42),(6421,657,44),(6423,660,87),(6424,660,29),(6425,660,79),(6426,675,42),(6427,675,43),(6428,675,46),(6429,675,83),(6430,675,79),(6431,675,44),(6433,713,42),(6434,713,45),(6435,713,80),(6436,713,79),(6437,713,43),(6440,725,81),(6441,725,87),(6442,725,29),(6443,736,81),(6444,736,43),(6445,736,86),(6446,736,45),(6447,736,80),(6448,736,68),(6450,738,43),(6451,738,49),(6452,738,87),(6453,738,45),(6454,738,80),(6455,738,83),(6457,741,42),(6458,741,43),(6459,741,44),(6460,742,80),(6461,742,46),(6462,742,81),(6463,742,29),(6467,755,80),(6468,755,43),(6469,755,68),(6470,755,87),(6471,755,41),(6472,755,79),(6474,760,43),(6475,760,83),(6476,760,29),(6477,760,80),(6478,760,45),(6481,788,44),(6482,788,68),(6483,788,86),(6484,792,45),(6485,792,81),(6486,792,68),(6487,792,44),(6488,792,43),(6489,792,83),(6491,804,86),(6492,804,68),(6493,804,80),(6494,804,41),(6498,813,29),(6499,813,49),(6500,813,46),(6501,814,80),(6502,814,79),(6503,814,41),(6504,814,68),(6508,820,46),(6509,820,83),(6510,820,44),(6511,820,49),(6512,820,29),(6515,825,80),(6516,825,41),(6517,825,87),(6518,825,43),(6519,825,45),(6520,825,44),(6522,881,49),(6523,881,45),(6524,881,87),(6525,881,81),(6526,881,83),(6529,889,68),(6530,889,80),(6531,889,81),(6532,889,43),(6533,889,46),(6534,889,45),(6536,891,68),(6537,891,83),(6538,891,29),(6539,891,46),(6540,891,49),(6541,891,44),(6543,898,81),(6544,898,43),(6545,898,68),(6546,898,41),(6547,898,80),(6550,934,46),(6551,934,43),(6552,934,45),(6553,934,79),(6554,934,68),(6557,945,45),(6558,945,87),(6559,945,80),(6560,945,79),(6561,945,41),(6562,945,29),(6564,951,79),(6565,951,46),(6566,951,87),(6567,1002,41),(6568,1002,87),(6569,1002,45),(6570,1002,86),(6571,1002,43),(6574,1020,68),(6575,1020,79),(6576,1020,83),(6577,1022,29),(6578,1022,42),(6579,1022,46),(6580,1022,87),(6584,1026,68),(6585,1026,43),(6586,1026,87),(6587,1026,41),(6591,1043,43),(6592,1043,86),(6593,1043,45),(6594,1043,68),(6595,1043,41),(6596,1043,42),(6598,1048,46),(6599,1048,49),(6600,1048,43),(6601,1048,45),(6605,1057,83),(6606,1057,68),(6607,1057,87),(6608,1057,29),(6609,1057,41),(6612,1058,79),(6613,1058,42),(6614,1058,45),(6615,1058,80),(6616,1058,46),(6619,1063,80),(6620,1063,41),(6621,1063,43),(6622,1063,81),(6626,1070,87),(6627,1070,45),(6628,1070,46),(6629,1070,49),(6630,1070,42),(6631,1070,29),(6633,1087,43),(6634,1087,86),(6635,1087,80),(6636,1087,42),(6637,1087,81),(6638,1087,79),(6640,1092,83),(6641,1092,29),(6642,1092,41),(6643,1116,42),(6644,1116,49),(6645,1116,83),(6646,1116,44),(6647,1116,43),(6648,1116,87),(6650,1125,29),(6651,1125,44),(6652,1125,81),(6653,1125,87),(6657,1127,41),(6658,1127,43),(6659,1127,68),(6660,1127,79),(6661,1127,44),(6662,1127,45),(6664,1144,87),(6665,1144,80),(6666,1144,41),(6667,1144,79),(6671,1148,79),(6672,1148,49),(6673,1148,43),(6674,1148,44),(6675,1148,81),(6678,1203,49),(6679,1203,41),(6680,1203,86),(6681,1205,86),(6682,1205,68),(6683,1205,49),(6684,1205,80),(6685,1205,45),(6686,1205,81),(6688,1248,41),(6689,1248,68),(6690,1248,42),(6691,1248,79),(6692,1248,45),(6695,1263,49),(6696,1263,68),(6697,1263,29),(6698,1263,44),(6699,1263,46),(6702,1282,44),(6703,1282,43),(6704,1282,68),(6705,1282,45),(6709,1286,41),(6710,1286,68),(6711,1286,87),(6712,1286,43),(6713,1286,46),(6716,1295,86),(6717,1295,80),(6718,1295,41),(6719,1298,42),(6720,1298,87),(6721,1298,86),(6722,1301,46),(6723,1301,81),(6724,1301,49),(6725,1301,86),(6729,1302,80),(6730,1302,45),(6731,1302,46),(6732,1302,68),(6733,1302,83),(6736,1357,83),(6737,1357,49),(6738,1357,68),(6739,1357,41),(6740,1357,42),(6743,1400,46),(6744,1400,44),(6745,1400,49),(6746,1432,45),(6747,1432,42),(6748,1432,44),(6749,1432,81),(6750,1432,87),(6753,1436,29),(6754,1436,86),(6755,1436,44),(6756,1436,43),(6760,1444,41),(6761,1444,87),(6762,1444,80),(6763,1444,29),(6764,1444,49),(6767,1449,49),(6768,1449,79),(6769,1449,86),(6770,1449,68),(6771,1449,44),(6772,1449,42),(6774,1463,80),(6775,1463,29),(6776,1463,42),(6777,1463,43),(6781,1468,44),(6782,1468,68),(6783,1468,86),(6784,1468,80),(6785,1468,43),(6788,1472,83),(6789,1472,43),(6790,1472,86),(6791,1472,42),(6792,1472,80),(6795,1485,79),(6796,1485,45),(6797,1485,87),(6798,1499,45),(6799,1499,44),(6800,1499,46),(6801,1499,43),(6802,1499,42),(6805,1503,68),(6806,1503,29),(6807,1503,45),(6808,1520,81),(6809,1520,49),(6810,1520,87),(6811,1538,80),(6812,1538,46),(6813,1538,81),(6814,1538,44),(6818,1560,29),(6819,1560,68),(6820,1560,83),(6821,1560,49),(6825,1564,43),(6826,1564,44),(6827,1564,45),(6828,1564,83),(6829,1564,87),(6832,1575,41),(6833,1575,87),(6834,1575,43),(6835,1575,81),(6839,1582,43),(6840,1582,68),(6841,1582,79),(6842,1582,87),(6843,1582,45),(6844,1582,46),(6846,1586,41),(6847,1586,80),(6848,1586,79),(6849,1586,68),(6850,1586,45),(6851,1586,46),(6853,1601,43),(6854,1601,29),(6855,1601,46),(6856,1601,83),(6857,1601,81),(6858,1601,86),(6860,1612,86),(6861,1612,29),(6862,1612,83),(6863,1612,42),(6864,1612,49),(6865,1612,44),(6867,1628,44),(6868,1628,87),(6869,1628,79),(6870,1628,46),(6871,1628,43),(6874,1649,44),(6875,1649,49),(6876,1649,46),(6877,1649,86),(6878,1649,79),(6879,1649,41),(6881,1677,45),(6882,1677,86),(6883,1677,44),(6884,1677,80),(6885,1677,87),(6886,1677,46),(6888,1678,86),(6889,1678,46),(6890,1678,79),(6891,1678,81),(6892,1678,41),(6893,1678,43),(6895,1702,86),(6896,1702,81),(6897,1702,87),(6898,1708,81),(6899,1708,87),(6900,1708,86),(6901,1708,44),(6905,1714,42),(6906,1714,29),(6907,1714,79),(6908,1730,45),(6909,1730,79),(6910,1730,41),(6911,1730,43),(6912,1730,81),(6913,1730,49),(6915,1745,43),(6916,1745,29),(6917,1745,46),(6918,1761,45),(6919,1761,41),(6920,1761,81),(6921,1761,29),(6922,1761,79),(6923,1761,68),(6925,1769,42),(6926,1769,87),(6927,1769,79),(6928,1785,86),(6929,1785,42),(6930,1785,79),(6931,1822,29),(6932,1822,80),(6933,1822,49),(6934,1822,42),(6938,1836,29),(6939,1836,49),(6940,1836,79),(6941,1836,86),(6942,1836,43),(6943,1836,83),(6945,1861,46),(6946,1861,83),(6947,1861,86),(6948,1861,42),(6952,1888,83),(6953,1888,68),(6954,1888,46),(6955,1888,87),(6956,1888,42),(6957,1888,49),(6959,1920,45),(6960,1920,41),(6961,1920,81),(6962,1920,80),(6963,1920,49),(6966,1955,45),(6967,1955,80),(6968,1955,43),(6969,1955,81),(6973,1995,42),(6974,1995,83),(6975,1995,80),(6976,1995,29),(6977,1995,43),(6978,1995,44),(6980,17,45),(6981,17,29),(6982,17,5),(6983,53,47),(6984,53,5),(6985,53,45),(6986,53,29),(6987,53,48),(6988,53,49),(6990,84,4),(6991,84,6),(6992,84,87),(6993,84,45),(6994,84,2),(6995,84,5),(6997,90,5),(6998,90,1),(6999,90,29),(7000,90,49),(7001,90,2),(7002,90,44),(7004,137,1),(7005,137,48),(7006,137,29),(7007,137,5),(7008,137,44),(7009,137,47),(7011,148,3),(7012,148,46),(7013,148,23),(7014,148,1),(7015,148,48),(7016,148,4),(7018,157,2),(7019,157,5),(7020,157,23),(7021,157,4),(7022,157,3),(7023,157,46),(7025,169,1),(7026,169,48),(7027,169,29),(7028,169,87),(7032,174,48),(7033,174,46),(7034,174,87),(7035,194,5),(7036,194,4),(7037,194,6),(7038,194,3),(7039,194,23),(7040,194,49),(7042,222,2),(7043,222,46),(7044,222,48),(7045,226,87),(7046,226,23),(7047,226,2),(7048,226,6),(7052,243,23),(7053,243,46),(7054,243,3),(7055,243,45),(7056,243,5),(7059,251,49),(7060,251,6),(7061,251,46),(7062,251,5),(7063,251,48),(7066,254,87),(7067,254,4),(7068,254,44),(7069,254,45),(7070,254,1),(7073,265,23),(7074,265,4),(7075,265,2),(7076,269,23),(7077,269,2),(7078,269,44),(7079,269,47),(7080,269,4),(7081,269,29),(7083,282,46),(7084,282,23),(7085,282,87),(7086,282,49),(7087,282,2),(7088,282,1),(7090,298,29),(7091,298,48),(7092,298,5),(7093,298,44),(7097,316,1),(7098,316,48),(7099,316,5),(7100,316,45),(7101,316,44),(7104,320,5),(7105,320,49),(7106,320,4),(7107,320,29),(7108,320,87),(7109,320,6),(7111,327,48),(7112,327,47),(7113,327,44),(7114,327,2),(7115,327,1),(7118,344,47),(7119,344,3),(7120,344,5),(7121,344,46),(7122,344,1),(7123,344,49),(7125,365,5),(7126,365,23),(7127,365,87),(7128,365,3),(7129,365,49),(7130,365,2),(7132,401,48),(7133,401,1),(7134,401,6),(7135,401,46),(7136,401,4),(7137,401,45),(7139,420,48),(7140,420,87),(7141,420,46),(7142,420,5),(7143,420,2),(7146,423,1),(7147,423,5),(7148,423,47),(7149,423,3),(7153,425,49),(7154,425,1),(7155,425,44),(7156,425,5),(7157,425,6),(7160,427,46),(7161,427,23),(7162,427,29),(7163,427,4),(7164,427,49),(7165,427,44),(7167,461,6),(7168,461,48),(7169,461,3),(7170,461,2),(7174,465,2),(7175,465,45),(7176,465,4),(7177,465,49),(7178,465,47),(7181,480,47),(7182,480,23),(7183,480,5),(7184,480,1),(7185,480,46),(7186,480,48),(7188,482,45),(7189,482,5),(7190,482,47),(7191,482,44),(7192,482,49),(7193,482,1),(7195,531,45),(7196,531,1),(7197,531,46),(7198,531,29),(7199,531,44),(7200,531,4),(7202,549,87),(7203,549,2),(7204,549,49),(7205,549,6),(7206,549,29),(7209,551,44),(7210,551,4),(7211,551,1),(7212,557,6),(7213,557,49),(7214,557,45),(7215,566,87),(7216,566,44),(7217,566,29),(7218,566,47),(7219,566,23),(7222,576,45),(7223,576,87),(7224,576,3),(7225,576,49),(7226,576,4),(7229,585,49),(7230,585,6),(7231,585,2),(7232,621,87),(7233,621,29),(7234,621,46),(7235,621,45),(7239,630,45),(7240,630,2),(7241,630,1),(7242,630,5),(7243,630,49),(7246,636,29),(7247,636,2),(7248,636,1),(7249,639,44),(7250,639,87),(7251,639,6),(7252,639,3),(7256,661,87),(7257,661,1),(7258,661,45),(7259,661,49),(7263,664,4),(7264,664,47),(7265,664,46),(7266,664,48),(7267,664,45),(7270,668,29),(7271,668,87),(7272,668,1),(7273,668,47),(7274,668,5),(7277,671,4),(7278,671,29),(7279,671,5),(7280,671,87),(7284,678,6),(7285,678,45),(7286,678,2),(7287,679,48),(7288,679,2),(7289,679,23),(7290,689,46),(7291,689,3),(7292,689,29),(7293,689,45),(7294,689,4),(7295,689,1),(7297,690,5),(7298,690,87),(7299,690,23),(7300,690,4),(7301,690,44),(7302,690,45),(7304,698,5),(7305,698,4),(7306,698,1),(7307,698,3),(7311,720,46),(7312,720,6),(7313,720,29),(7314,724,48),(7315,724,45),(7316,724,6),(7317,724,3),(7318,724,29),(7319,724,23),(7321,745,46),(7322,745,48),(7323,745,45),(7324,745,29),(7328,752,45),(7329,752,47),(7330,752,29),(7331,752,4),(7335,769,5),(7336,769,6),(7337,769,4),(7338,769,1),(7342,772,5),(7343,772,44),(7344,772,45),(7345,772,29),(7346,772,4),(7347,772,6),(7349,776,47),(7350,776,87),(7351,776,6),(7352,776,23),(7356,789,23),(7357,789,44),(7358,789,49),(7359,789,29),(7360,789,3),(7361,789,2),(7363,793,44),(7364,793,4),(7365,793,3),(7366,793,5),(7367,793,2),(7368,793,45),(7370,797,2),(7371,797,48),(7372,797,1),(7373,797,49),(7374,797,4),(7375,797,5),(7377,798,49),(7378,798,1),(7379,798,5),(7380,798,2),(7384,799,4),(7385,799,87),(7386,799,47),(7387,827,5),(7388,827,45),(7389,827,47),(7390,827,1),(7391,827,46),(7392,827,6),(7394,830,47),(7395,830,29),(7396,830,48),(7397,830,23),(7398,830,6),(7401,846,5),(7402,846,2),(7403,846,47),(7404,846,87),(7405,846,49),(7408,860,44),(7409,860,48),(7410,860,23),(7411,860,1),(7415,882,49),(7416,882,45),(7417,882,29),(7418,882,23),(7422,920,45),(7423,920,4),(7424,920,2),(7425,920,48),(7429,932,49),(7430,932,4),(7431,932,48),(7432,932,2),(7436,941,4),(7437,941,46),(7438,941,3),(7439,948,46),(7440,948,23),(7441,948,48),(7442,948,49),(7446,956,46),(7447,956,2),(7448,956,49),(7449,987,47),(7450,987,6),(7451,987,87),(7452,987,44),(7453,987,48),(7454,987,2),(7456,1009,44),(7457,1009,47),(7458,1009,5),(7459,1009,87),(7463,1010,5),(7464,1010,2),(7465,1010,23),(7466,1010,49),(7467,1010,87),(7468,1010,4),(7470,1017,5),(7471,1017,1),(7472,1017,4),(7473,1017,3),(7474,1017,29),(7475,1017,6),(7477,1023,6),(7478,1023,49),(7479,1023,2),(7480,1040,48),(7481,1040,47),(7482,1040,1),(7483,1040,49),(7484,1040,3),(7485,1040,29),(7487,1056,44),(7488,1056,23),(7489,1056,5),(7490,1056,4),(7494,1061,47),(7495,1061,49),(7496,1061,6),(7497,1061,46),(7498,1061,23),(7499,1061,2),(7501,1072,46),(7502,1072,29),(7503,1072,44),(7504,1072,5),(7505,1072,48),(7508,1074,4),(7509,1074,1),(7510,1074,45),(7511,1074,3),(7512,1074,49),(7513,1074,23),(7515,1085,44),(7516,1085,3),(7517,1085,87),(7518,1085,45),(7522,1086,2),(7523,1086,6),(7524,1086,1),(7525,1086,48),(7526,1086,87),(7529,1129,87),(7530,1129,5),(7531,1129,46),(7532,1129,45),(7533,1129,29),(7534,1129,47),(7536,1136,44),(7537,1136,29),(7538,1136,46),(7539,1145,6),(7540,1145,46),(7541,1145,47),(7542,1145,44),(7546,1168,87),(7547,1168,49),(7548,1168,29),(7549,1184,5),(7550,1184,4),(7551,1184,47),(7552,1184,87),(7553,1184,48),(7554,1184,29),(7556,1191,47),(7557,1191,5),(7558,1191,49),(7559,1191,44),(7563,1212,3),(7564,1212,23),(7565,1212,6),(7566,1212,2),(7567,1212,47),(7570,1233,87),(7571,1233,44),(7572,1233,6),(7573,1233,5),(7574,1233,23),(7577,1237,1),(7578,1237,2),(7579,1237,4),(7580,1239,45),(7581,1239,5),(7582,1239,48),(7583,1239,29),(7587,1270,48),(7588,1270,23),(7589,1270,6),(7590,1270,44),(7591,1270,1),(7594,1273,47),(7595,1273,87),(7596,1273,5),(7597,1292,44),(7598,1292,47),(7599,1292,2),(7600,1292,6),(7604,1305,1),(7605,1305,4),(7606,1305,47),(7607,1305,87),(7611,1331,23),(7612,1331,2),(7613,1331,44),(7614,1333,44),(7615,1333,49),(7616,1333,2),(7617,1333,5),(7618,1333,23),(7621,1408,5),(7622,1408,87),(7623,1408,29),(7624,1408,47),(7625,1408,23),(7628,1416,3),(7629,1416,49),(7630,1416,5),(7631,1456,2),(7632,1456,87),(7633,1456,3),(7634,1456,45),(7635,1456,44),(7636,1456,48),(7638,1471,45),(7639,1471,4),(7640,1471,47),(7641,1471,23),(7642,1471,3),(7645,1488,4),(7646,1488,48),(7647,1488,1),(7648,1496,3),(7649,1496,29),(7650,1496,45),(7651,1496,48),(7652,1496,5),(7655,1504,3),(7656,1504,49),(7657,1504,45),(7658,1512,6),(7659,1512,3),(7660,1512,48),(7661,1512,1),(7665,1518,23),(7666,1518,2),(7667,1518,87),(7668,1522,49),(7669,1522,87),(7670,1522,46),(7671,1523,3),(7672,1523,29),(7673,1523,46),(7674,1523,44),(7675,1523,87),(7678,1527,4),(7679,1527,23),(7680,1527,1),(7681,1527,2),(7682,1527,46),(7685,1532,45),(7686,1532,5),(7687,1532,4),(7688,1536,47),(7689,1536,44),(7690,1536,2),(7691,1536,1),(7692,1536,5),(7695,1546,2),(7696,1546,29),(7697,1546,47),(7698,1546,23),(7699,1546,5),(7702,1561,5),(7703,1561,23),(7704,1561,44),(7705,1561,29),(7706,1561,2),(7709,1565,49),(7710,1565,46),(7711,1565,45),(7712,1565,29),(7716,1571,4),(7717,1571,29),(7718,1571,23),(7719,1571,44),(7723,1584,23),(7724,1584,29),(7725,1584,5),(7726,1584,4),(7727,1584,6),(7728,1584,2),(7730,1615,46),(7731,1615,6),(7732,1615,4),(7733,1615,3),(7734,1615,2),(7737,1616,47),(7738,1616,29),(7739,1616,23),(7740,1616,4),(7741,1616,44),(7744,1670,44),(7745,1670,45),(7746,1670,3),(7747,1670,49),(7751,1671,45),(7752,1671,1),(7753,1671,44),(7754,1671,5),(7755,1671,6),(7758,1673,23),(7759,1673,2),(7760,1673,87),(7761,1673,5),(7765,1700,45),(7766,1700,3),(7767,1700,48),(7768,1700,23),(7769,1700,44),(7772,1712,3),(7773,1712,5),(7774,1712,6),(7775,1712,1),(7779,1715,47),(7780,1715,5),(7781,1715,23),(7782,1715,6),(7786,1725,44),(7787,1725,3),(7788,1725,47),(7789,1734,45),(7790,1734,47),(7791,1734,3),(7792,1750,29),(7793,1750,44),(7794,1750,47),(7795,1750,48),(7799,1774,47),(7800,1774,46),(7801,1774,45),(7802,1774,49),(7806,1775,29),(7807,1775,2),(7808,1775,1),(7809,1775,47),(7813,1777,45),(7814,1777,44),(7815,1777,1),(7816,1777,5),(7817,1777,3),(7818,1777,4),(7820,1783,6),(7821,1783,44),(7822,1783,87),(7823,1783,2),(7824,1783,29),(7825,1783,45),(7827,1838,1),(7828,1838,49),(7829,1838,47),(7830,1838,4),(7831,1838,48),(7834,1850,45),(7835,1850,2),(7836,1850,49),(7837,1850,29),(7838,1850,87),(7839,1850,1),(7841,1854,49),(7842,1854,2),(7843,1854,3),(7844,1854,29),(7845,1854,44),(7846,1854,4),(7848,1871,1),(7849,1871,3),(7850,1871,23),(7851,1893,5),(7852,1893,46),(7853,1893,3),(7854,1897,29),(7855,1897,4),(7856,1897,87),(7857,1934,5),(7858,1934,49),(7859,1934,46),(7860,1934,44),(7864,1945,47),(7865,1945,29),(7866,1945,4),(7867,1959,47),(7868,1959,29),(7869,1959,48),(7870,1959,2),(7874,1966,47),(7875,1966,4),(7876,1966,44),(7877,1968,5),(7878,1968,87),(7879,1968,49),(7880,1968,2),(7881,1968,48),(7884,1979,49),(7885,1979,2),(7886,1979,29),(7887,1979,4),(7891,1980,23),(7892,1980,87),(7893,1980,47),(7894,1980,48),(7898,20,53),(7899,20,83),(7900,20,50),(7901,20,88),(7902,20,29),(7905,46,29),(7906,46,50),(7907,46,35),(7908,92,52),(7909,92,29),(7910,92,86),(7911,119,69),(7912,119,83),(7913,119,82),(7914,119,52),(7915,119,26),(7916,119,35),(7918,151,87),(7919,151,88),(7920,151,29),(7921,151,35),(7925,153,26),(7926,153,54),(7927,153,86),(7928,153,87),(7932,175,29),(7933,175,87),(7934,175,53),(7935,175,51),(7936,175,88),(7939,195,51),(7940,195,29),(7941,195,54),(7942,195,83),(7943,195,87),(7944,195,52),(7946,221,88),(7947,221,86),(7948,221,87),(7949,258,69),(7950,258,51),(7951,258,53),(7952,259,29),(7953,259,35),(7954,259,50),(7955,259,82),(7956,259,51),(7959,266,52),(7960,266,50),(7961,266,51),(7962,266,88),(7966,273,35),(7967,273,82),(7968,273,53),(7969,276,86),(7970,276,29),(7971,276,83),(7972,281,51),(7973,281,83),(7974,281,53),(7975,292,54),(7976,292,51),(7977,292,83),(7978,292,69),(7982,356,87),(7983,356,88),(7984,356,86),(7985,356,69),(7986,356,52),(7987,356,53),(7989,368,35),(7990,368,26),(7991,368,88),(7992,395,53),(7993,395,35),(7994,395,51),(7995,396,50),(7996,396,69),(7997,396,26),(7998,413,54),(7999,413,52),(8000,413,51),(8001,424,50),(8002,424,88),(8003,424,87),(8004,424,54),(8005,424,83),(8008,433,29),(8009,433,82),(8010,433,52),(8011,437,26),(8012,437,53),(8013,437,69),(8014,437,51),(8015,437,29),(8016,437,35),(8018,439,54),(8019,439,83),(8020,439,69),(8021,439,52),(8022,439,26),(8025,442,51),(8026,442,83),(8027,442,87),(8028,442,50),(8032,448,53),(8033,448,54),(8034,448,69),(8035,450,52),(8036,450,51),(8037,450,50),(8038,450,35),(8039,450,83),(8040,450,82),(8042,453,26),(8043,453,29),(8044,453,35),(8045,453,69),(8049,471,29),(8050,471,26),(8051,471,83),(8052,471,52),(8056,486,35),(8057,486,88),(8058,486,69),(8059,486,54),(8063,497,51),(8064,497,88),(8065,497,52),(8066,497,26),(8070,514,35),(8071,514,87),(8072,514,54),(8073,514,50),(8074,514,26),(8077,519,87),(8078,519,54),(8079,519,69),(8080,519,83),(8081,519,51),(8084,560,50),(8085,560,54),(8086,560,88),(8087,560,82),(8088,560,52),(8089,560,51),(8091,562,52),(8092,562,50),(8093,562,88),(8094,562,51),(8095,562,53),(8096,562,26),(8098,563,82),(8099,563,86),(8100,563,35),(8101,563,87),(8105,569,53),(8106,569,69),(8107,569,35),(8108,569,52),(8109,569,87),(8112,580,50),(8113,580,26),(8114,580,88),(8115,580,69),(8116,580,52),(8117,580,86),(8119,600,51),(8120,600,87),(8121,600,52),(8122,601,51),(8123,601,53),(8124,601,35),(8125,629,82),(8126,629,83),(8127,629,50),(8128,629,86),(8132,640,26),(8133,640,51),(8134,640,52),(8135,640,29),(8136,640,88),(8137,640,82),(8139,651,52),(8140,651,53),(8141,651,82),(8142,651,50),(8143,651,51),(8144,651,29),(8146,667,86),(8147,667,53),(8148,667,82),(8149,676,83),(8150,676,82),(8151,676,88),(8152,676,86),(8153,676,53),(8154,676,26),(8156,687,69),(8157,687,82),(8158,687,83),(8159,687,87),(8160,687,53),(8163,699,87),(8164,699,54),(8165,699,26),(8166,699,69),(8167,699,29),(8168,699,86),(8170,723,52),(8171,723,83),(8172,723,82),(8173,723,69),(8177,728,83),(8178,728,54),(8179,728,26),(8180,747,35),(8181,747,88),(8182,747,53),(8183,747,52),(8184,747,87),(8187,771,53),(8188,771,52),(8189,771,82),(8190,771,83),(8191,771,87),(8192,771,29),(8194,795,82),(8195,795,52),(8196,795,51),(8197,795,83),(8201,818,88),(8202,818,50),(8203,818,53),(8204,818,69),(8205,818,51),(8208,831,69),(8209,831,54),(8210,831,87),(8211,831,53),(8212,831,82),(8215,832,54),(8216,832,53),(8217,832,87),(8218,843,82),(8219,843,26),(8220,843,51),(8221,843,88),(8225,857,51),(8226,857,83),(8227,857,29),(8228,857,53),(8232,868,88),(8233,868,50),(8234,868,83),(8235,875,53),(8236,875,83),(8237,875,69),(8238,875,51),(8242,877,29),(8243,877,52),(8244,877,53),(8245,918,86),(8246,918,51),(8247,918,26),(8248,931,29),(8249,931,87),(8250,931,88),(8251,931,86),(8252,931,50),(8253,931,52),(8255,940,88),(8256,940,69),(8257,940,54),(8258,940,83),(8259,940,51),(8262,990,54),(8263,990,50),(8264,990,87),(8265,990,29),(8269,996,52),(8270,996,51),(8271,996,69),(8272,1014,35),(8273,1014,26),(8274,1014,52),(8275,1014,53),(8276,1014,88),(8277,1014,51),(8279,1015,88),(8280,1015,87),(8281,1015,54),(8282,1015,69),(8286,1021,86),(8287,1021,88),(8288,1021,83),(8289,1021,51),(8290,1021,52),(8291,1021,29),(8293,1035,82),(8294,1035,52),(8295,1035,86),(8296,1035,35),(8300,1044,88),(8301,1044,50),(8302,1044,82),(8303,1045,88),(8304,1045,86),(8305,1045,83),(8306,1091,29),(8307,1091,35),(8308,1091,87),(8309,1091,54),(8310,1091,83),(8313,1139,69),(8314,1139,87),(8315,1139,53),(8316,1139,50),(8317,1139,35),(8320,1150,53),(8321,1150,50),(8322,1150,35),(8323,1154,29),(8324,1154,35),(8325,1154,51),(8326,1154,82),(8330,1171,86),(8331,1171,53),(8332,1171,26),(8333,1171,83),(8334,1171,50),(8337,1177,54),(8338,1177,87),(8339,1177,29),(8340,1177,88),(8341,1177,52),(8342,1177,53),(8344,1187,53),(8345,1187,83),(8346,1187,82),(8347,1187,69),(8351,1192,29),(8352,1192,35),(8353,1192,86),(8354,1192,54),(8355,1192,50),(8356,1192,88),(8358,1209,54),(8359,1209,29),(8360,1209,87),(8361,1209,88),(8362,1209,52),(8363,1209,35),(8365,1211,83),(8366,1211,87),(8367,1211,69),(8368,1211,35),(8372,1236,88),(8373,1236,54),(8374,1236,50),(8375,1236,53),(8379,1243,82),(8380,1243,52),(8381,1243,83),(8382,1243,29),(8383,1243,26),(8384,1243,50),(8386,1264,54),(8387,1264,88),(8388,1264,83),(8389,1264,51),(8393,1268,50),(8394,1268,86),(8395,1268,29),(8396,1268,88),(8400,1271,69),(8401,1271,54),(8402,1271,87),(8403,1300,82),(8404,1300,26),(8405,1300,86),(8406,1300,50),(8407,1300,69),(8408,1300,53),(8410,1318,29),(8411,1318,35),(8412,1318,83),(8413,1318,52),(8414,1318,88),(8415,1318,50),(8417,1328,83),(8418,1328,54),(8419,1328,53),(8420,1328,50),(8424,1348,29),(8425,1348,53),(8426,1348,83),(8427,1356,82),(8428,1356,50),(8429,1356,69),(8430,1360,87),(8431,1360,86),(8432,1360,35),(8433,1360,53),(8437,1412,54),(8438,1412,50),(8439,1412,35),(8440,1420,50),(8441,1420,88),(8442,1420,87),(8443,1420,52),(8444,1420,53),(8445,1420,69),(8447,1424,82),(8448,1424,53),(8449,1424,88),(8450,1424,83),(8454,1434,86),(8455,1434,52),(8456,1434,82),(8457,1434,50),(8461,1438,82),(8462,1438,29),(8463,1438,88),(8464,1438,51),(8468,1458,83),(8469,1458,35),(8470,1458,82),(8471,1500,26),(8472,1500,51),(8473,1500,52),(8474,1500,69),(8475,1500,54),(8476,1500,88),(8478,1528,35),(8479,1528,69),(8480,1528,82),(8481,1528,54),(8482,1528,53),(8485,1543,26),(8486,1543,50),(8487,1543,54),(8488,1543,51),(8492,1551,83),(8493,1551,26),(8494,1551,35),(8495,1551,87),(8496,1551,53),(8499,1587,35),(8500,1587,26),(8501,1587,88),(8502,1587,54),(8503,1587,29),(8506,1596,50),(8507,1596,54),(8508,1596,26),(8509,1596,53),(8513,1625,53),(8514,1625,87),(8515,1625,52),(8516,1625,83),(8517,1625,50),(8518,1625,29),(8520,1627,51),(8521,1627,86),(8522,1627,82),(8523,1627,52),(8527,1636,54),(8528,1636,29),(8529,1636,35),(8530,1643,86),(8531,1643,51),(8532,1643,53),(8533,1643,69),(8534,1643,83),(8537,1648,53),(8538,1648,82),(8539,1648,69),(8540,1648,83),(8541,1648,88),(8544,1684,82),(8545,1684,29),(8546,1684,50),(8547,1684,51),(8551,1752,51),(8552,1752,29),(8553,1752,26),(8554,1770,82),(8555,1770,50),(8556,1770,53),(8557,1778,52),(8558,1778,53),(8559,1778,82),(8560,1787,88),(8561,1787,51),(8562,1787,87),(8563,1787,50),(8567,1795,69),(8568,1795,82),(8569,1795,35),(8570,1795,26),(8571,1795,53),(8572,1795,54),(8574,1798,52),(8575,1798,53),(8576,1798,69),(8577,1964,53),(8578,1964,54),(8579,1964,52),(8580,1965,86),(8581,1965,82),(8582,1965,88),(8583,1965,26),(8587,1999,35),(8588,1999,69),(8589,1999,51),(8590,1999,86),(8594,21,58),(8595,21,24),(8596,21,55),(8597,21,61),(8598,21,56),(8599,21,87),(8601,35,58),(8602,35,61),(8603,35,6),(8604,47,6),(8605,47,25),(8606,47,88),(8607,47,87),(8608,47,29),(8611,48,88),(8612,48,57),(8613,48,6),(8614,124,25),(8615,124,55),(8616,124,61),(8617,124,59),(8618,124,86),(8619,124,57),(8621,133,55),(8622,133,59),(8623,133,61),(8624,138,29),(8625,138,56),(8626,138,59),(8627,138,6),(8631,139,88),(8632,139,86),(8633,139,23),(8634,139,87),(8635,139,58),(8638,182,29),(8639,182,59),(8640,182,57),(8641,182,6),(8642,182,61),(8645,184,61),(8646,184,24),(8647,184,6),(8648,184,59),(8649,184,56),(8652,200,58),(8653,200,61),(8654,200,25),(8655,200,23),(8659,206,86),(8660,206,88),(8661,206,57),(8662,206,55),(8666,244,55),(8667,244,6),(8668,244,24),(8669,244,25),(8670,244,57),(8671,244,86),(8673,263,56),(8674,263,24),(8675,263,6),(8676,263,23),(8680,268,25),(8681,268,6),(8682,268,55),(8683,268,88),(8684,268,87),(8687,294,61),(8688,294,24),(8689,294,23),(8690,294,55),(8694,306,6),(8695,306,88),(8696,306,29),(8697,306,55),(8698,306,25),(8699,306,86),(8701,311,25),(8702,311,58),(8703,311,6),(8704,315,55),(8705,315,56),(8706,315,23),(8707,315,88),(8708,315,87),(8709,315,25),(8711,325,86),(8712,325,6),(8713,325,23),(8714,325,61),(8715,325,56),(8718,328,61),(8719,328,56),(8720,328,23),(8721,328,55),(8725,331,86),(8726,331,29),(8727,331,6),(8728,346,6),(8729,346,58),(8730,346,23),(8731,346,24),(8732,346,56),(8735,386,23),(8736,386,57),(8737,386,86),(8738,386,55),(8742,397,57),(8743,397,61),(8744,397,24),(8745,397,29),(8749,405,56),(8750,405,29),(8751,405,6),(8752,417,29),(8753,417,58),(8754,417,86),(8755,417,25),(8759,422,88),(8760,422,57),(8761,422,61),(8762,426,24),(8763,426,61),(8764,426,59),(8765,426,29),(8769,430,6),(8770,430,58),(8771,430,55),(8772,440,25),(8773,440,29),(8774,440,87),(8775,440,58),(8776,440,6),(8779,443,59),(8780,443,55),(8781,443,88),(8782,452,23),(8783,452,55),(8784,452,86),(8785,452,29),(8786,452,56),(8787,452,58),(8789,464,6),(8790,464,24),(8791,464,61),(8792,464,29),(8796,484,87),(8797,484,58),(8798,484,59),(8799,491,87),(8800,491,57),(8801,491,25),(8802,491,6),(8803,491,23),(8804,491,29),(8806,500,23),(8807,500,61),(8808,500,25),(8809,516,55),(8810,516,6),(8811,516,56),(8812,523,61),(8813,523,6),(8814,523,57),(8815,523,88),(8819,544,61),(8820,544,29),(8821,544,6),(8822,544,24),(8826,547,55),(8827,547,61),(8828,547,57),(8829,583,58),(8830,583,56),(8831,583,6),(8832,583,61),(8833,583,86),(8834,583,59),(8836,587,59),(8837,587,88),(8838,587,25),(8839,587,57),(8840,587,24),(8841,587,87),(8843,591,25),(8844,591,23),(8845,591,61),(8846,606,55),(8847,606,23),(8848,606,58),(8849,606,86),(8850,606,24),(8851,606,29),(8853,616,24),(8854,616,87),(8855,616,59),(8856,616,86),(8857,616,58),(8860,628,23),(8861,628,59),(8862,628,86),(8863,628,88),(8864,628,56),(8867,631,6),(8868,631,88),(8869,631,86),(8870,631,24),(8874,674,6),(8875,674,23),(8876,674,55),(8877,674,58),(8878,674,59),(8879,674,57),(8881,681,29),(8882,681,24),(8883,681,86),(8884,682,55),(8885,682,61),(8886,682,58),(8887,682,57),(8888,682,23),(8891,685,58),(8892,685,25),(8893,685,88),(8894,685,57),(8895,685,55),(8898,692,29),(8899,692,86),(8900,692,57),(8901,692,23),(8905,705,56),(8906,705,57),(8907,705,59),(8908,705,25),(8909,705,23),(8912,737,87),(8913,737,23),(8914,737,86),(8915,737,6),(8916,737,59),(8917,737,25),(8919,744,88),(8920,744,86),(8921,744,56),(8922,744,24),(8923,744,6),(8926,746,56),(8927,746,57),(8928,746,86),(8929,757,57),(8930,757,25),(8931,757,24),(8932,757,88),(8936,767,24),(8937,767,6),(8938,767,56),(8939,767,61),(8940,767,59),(8943,781,55),(8944,781,57),(8945,781,61),(8946,806,61),(8947,806,88),(8948,806,58),(8949,810,59),(8950,810,61),(8951,810,56),(8952,812,61),(8953,812,6),(8954,812,59),(8955,812,23),(8959,815,87),(8960,815,88),(8961,815,59),(8962,815,29),(8966,861,58),(8967,861,25),(8968,861,86),(8969,861,55),(8973,866,57),(8974,866,6),(8975,866,58),(8976,866,55),(8977,866,29),(8978,866,23),(8980,879,23),(8981,879,25),(8982,879,87),(8983,879,88),(8984,879,29),(8987,906,55),(8988,906,24),(8989,906,23),(8990,912,23),(8991,912,29),(8992,912,6),(8993,912,88),(8994,912,58),(8995,912,56),(8997,925,61),(8998,925,56),(8999,925,88),(9000,959,23),(9001,959,87),(9002,959,56),(9003,988,6),(9004,988,56),(9005,988,57),(9006,988,23),(9007,988,55),(9010,991,57),(9011,991,88),(9012,991,86),(9013,991,56),(9014,991,23),(9017,1016,87),(9018,1016,57),(9019,1016,29),(9020,1025,6),(9021,1025,58),(9022,1025,88),(9023,1039,6),(9024,1039,59),(9025,1039,55),(9026,1039,56),(9027,1039,25),(9028,1039,86),(9030,1052,88),(9031,1052,61),(9032,1052,58),(9033,1052,23),(9037,1053,56),(9038,1053,61),(9039,1053,57),(9040,1053,86),(9044,1076,59),(9045,1076,88),(9046,1076,23),(9047,1076,24),(9051,1080,56),(9052,1080,58),(9053,1080,25),(9054,1080,87),(9055,1080,23),(9058,1096,56),(9059,1096,55),(9060,1096,87),(9061,1096,58),(9062,1096,25),(9063,1096,29),(9065,1106,6),(9066,1106,23),(9067,1106,55),(9068,1106,59),(9072,1108,61),(9073,1108,58),(9074,1108,86),(9075,1109,56),(9076,1109,58),(9077,1109,25),(9078,1109,23),(9082,1111,25),(9083,1111,24),(9084,1111,88),(9085,1111,6),(9089,1114,25),(9090,1114,29),(9091,1114,24),(9092,1122,24),(9093,1122,86),(9094,1122,6),(9095,1131,59),(9096,1131,87),(9097,1131,29),(9098,1131,23),(9099,1131,24),(9100,1131,58),(9102,1143,25),(9103,1143,29),(9104,1143,57),(9105,1161,57),(9106,1161,24),(9107,1161,6),(9108,1167,61),(9109,1167,57),(9110,1167,58),(9111,1167,6),(9115,1247,6),(9116,1247,57),(9117,1247,59),(9118,1255,59),(9119,1255,24),(9120,1255,23),(9121,1255,87),(9122,1255,25),(9123,1255,58),(9125,1288,87),(9126,1288,25),(9127,1288,57),(9128,1288,56),(9129,1288,29),(9130,1288,58),(9132,1323,56),(9133,1323,59),(9134,1323,29),(9135,1343,29),(9136,1343,57),(9137,1343,55),(9138,1367,87),(9139,1367,88),(9140,1367,59),(9141,1367,56),(9142,1367,29),(9143,1367,57),(9145,1376,29),(9146,1376,23),(9147,1376,61),(9148,1390,88),(9149,1390,24),(9150,1390,55),(9151,1390,57),(9152,1390,23),(9155,1391,87),(9156,1391,29),(9157,1391,61),(9158,1391,59),(9162,1396,55),(9163,1396,23),(9164,1396,59),(9165,1396,57),(9166,1396,88),(9169,1404,56),(9170,1404,25),(9171,1404,59),(9172,1404,57),(9173,1404,58),(9174,1404,61),(9176,1406,86),(9177,1406,56),(9178,1406,61),(9179,1406,24),(9180,1406,59),(9183,1414,58),(9184,1414,56),(9185,1414,86),(9186,1414,87),(9190,1426,59),(9191,1426,87),(9192,1426,56),(9193,1460,6),(9194,1460,87),(9195,1460,58),(9196,1478,87),(9197,1478,25),(9198,1478,29),(9199,1478,6),(9200,1478,86),(9203,1486,57),(9204,1486,87),(9205,1486,29),(9206,1486,59),(9207,1486,56),(9208,1486,24),(9210,1491,25),(9211,1491,55),(9212,1491,29),(9213,1491,59),(9217,1501,23),(9218,1501,56),(9219,1501,55),(9220,1501,61),(9221,1501,25),(9224,1502,61),(9225,1502,59),(9226,1502,58),(9227,1502,55),(9228,1502,23),(9231,1513,58),(9232,1513,87),(9233,1513,61),(9234,1513,25),(9235,1513,55),(9236,1513,59),(9238,1514,24),(9239,1514,88),(9240,1514,56),(9241,1514,57),(9242,1514,29),(9243,1514,59),(9245,1516,24),(9246,1516,57),(9247,1516,56),(9248,1516,25),(9252,1534,87),(9253,1534,88),(9254,1534,25),(9255,1534,29),(9256,1534,6),(9257,1534,23),(9259,1535,58),(9260,1535,59),(9261,1535,25),(9262,1566,24),(9263,1566,25),(9264,1566,59),(9265,1566,58),(9266,1566,55),(9267,1566,57),(9269,1577,29),(9270,1577,88),(9271,1577,59),(9272,1577,56),(9273,1577,25),(9276,1580,58),(9277,1580,88),(9278,1580,25),(9279,1580,29),(9280,1580,59),(9283,1588,55),(9284,1588,59),(9285,1588,57),(9286,1588,24),(9287,1588,23),(9290,1633,55),(9291,1633,25),(9292,1633,87),(9293,1652,86),(9294,1652,55),(9295,1652,56),(9296,1652,61),(9297,1652,57),(9300,1656,25),(9301,1656,56),(9302,1656,57),(9303,1660,24),(9304,1660,58),(9305,1660,88),(9306,1662,56),(9307,1662,57),(9308,1662,87),(9309,1662,24),(9310,1662,59),(9313,1668,87),(9314,1668,25),(9315,1668,61),(9316,1668,23),(9317,1668,56),(9318,1668,88),(9320,1676,55),(9321,1676,29),(9322,1676,87),(9323,1676,25),(9324,1676,59),(9325,1676,57),(9327,1689,57),(9328,1689,88),(9329,1689,58),(9330,1711,25),(9331,1711,57),(9332,1711,24),(9333,1711,55),(9334,1711,56),(9335,1711,6),(9337,1721,25),(9338,1721,59),(9339,1721,61),(9340,1727,56),(9341,1727,58),(9342,1727,88),(9343,1727,29),(9344,1727,59),(9347,1744,24),(9348,1744,59),(9349,1744,6),(9350,1744,56),(9351,1744,86),(9354,1751,29),(9355,1751,58),(9356,1751,23),(9357,1751,86),(9361,1776,56),(9362,1776,55),(9363,1776,86),(9364,1789,23),(9365,1789,61),(9366,1789,57),(9367,1789,58),(9371,1797,87),(9372,1797,58),(9373,1797,6),(9374,1797,25),(9375,1797,57),(9378,1857,58),(9379,1857,25),(9380,1857,86),(9381,1857,88),(9385,1863,6),(9386,1863,61),(9387,1863,29),(9388,1876,24),(9389,1876,88),(9390,1876,87),(9391,1876,55),(9395,1877,57),(9396,1877,55),(9397,1877,23),(9398,1877,58),(9399,1877,25),(9400,1877,6),(9402,1900,23),(9403,1900,56),(9404,1900,86),(9405,1913,29),(9406,1913,58),(9407,1913,56),(9408,1913,24),(9412,1917,86),(9413,1917,61),(9414,1917,58),(9415,1917,88),(9416,1917,24),(9419,1930,6),(9420,1930,86),(9421,1930,88),(9422,1933,87),(9423,1933,29),(9424,1933,25),(9425,1946,58),(9426,1946,87),(9427,1946,86),(9428,1954,55),(9429,1954,88),(9430,1954,86),(9431,1954,61),(9432,1954,24),(9435,1991,58),(9436,1991,23),(9437,1991,55),(9438,1991,59),(9439,1991,6),(9442,1994,29),(9443,1994,6),(9444,1994,59),(9445,23,2),(9446,23,13),(9447,23,1),(9448,23,4),(9452,42,29),(9453,42,1),(9454,42,5),(9455,42,74),(9459,60,15),(9460,60,13),(9461,60,2),(9462,60,86),(9466,79,15),(9467,79,29),(9468,79,5),(9469,87,6),(9470,87,5),(9471,87,3),(9472,87,74),(9473,87,29),(9476,105,5),(9477,105,15),(9478,105,1),(9479,122,1),(9480,122,2),(9481,122,13),(9482,122,3),(9486,140,2),(9487,140,29),(9488,140,74),(9489,140,1),(9490,140,4),(9493,177,74),(9494,177,2),(9495,177,5),(9496,177,13),(9500,181,29),(9501,181,13),(9502,181,86),(9503,208,3),(9504,208,29),(9505,208,2),(9506,208,13),(9510,219,3),(9511,219,15),(9512,219,4),(9513,219,6),(9517,235,3),(9518,235,1),(9519,235,74),(9520,235,2),(9521,235,15),(9522,235,13),(9524,350,74),(9525,350,3),(9526,350,13),(9527,357,6),(9528,357,74),(9529,357,13),(9530,357,29),(9534,379,6),(9535,379,2),(9536,379,13),(9537,404,1),(9538,404,13),(9539,404,5),(9540,404,3),(9544,431,74),(9545,431,3),(9546,431,1),(9547,431,5),(9548,431,15),(9549,431,86),(9551,435,5),(9552,435,13),(9553,435,29),(9554,435,1),(9555,435,6),(9556,435,15),(9558,454,4),(9559,454,74),(9560,454,29),(9561,454,6),(9562,454,3),(9563,454,1),(9565,456,74),(9566,456,4),(9567,456,1),(9568,456,3),(9572,462,3),(9573,462,86),(9574,462,29),(9575,462,6),(9576,462,15),(9579,470,29),(9580,470,3),(9581,470,5),(9582,470,1),(9583,470,2),(9584,470,74),(9586,479,29),(9587,479,1),(9588,479,86),(9589,479,3),(9590,479,4),(9593,487,13),(9594,487,2),(9595,487,3),(9596,487,6),(9597,487,74),(9598,487,1),(9600,520,13),(9601,520,4),(9602,520,15),(9603,520,1),(9604,520,6),(9607,525,86),(9608,525,2),(9609,525,3),(9610,525,13),(9611,525,1),(9614,529,29),(9615,529,15),(9616,529,6),(9617,529,3),(9618,529,5),(9621,548,13),(9622,548,5),(9623,548,86),(9624,548,2),(9625,548,15),(9626,548,4),(9628,552,5),(9629,552,86),(9630,552,6),(9631,552,13),(9635,558,13),(9636,558,2),(9637,558,74),(9638,637,29),(9639,637,1),(9640,637,3),(9641,637,5),(9642,637,6),(9643,637,4),(9645,652,6),(9646,652,4),(9647,652,15),(9648,652,2),(9652,653,6),(9653,653,86),(9654,653,13),(9655,653,4),(9656,653,29),(9657,653,15),(9659,654,3),(9660,654,29),(9661,654,1),(9662,654,4),(9663,654,86),(9666,655,74),(9667,655,6),(9668,655,13),(9669,655,5),(9673,693,15),(9674,693,3),(9675,693,29),(9676,693,2),(9680,695,15),(9681,695,1),(9682,695,5),(9683,695,29),(9687,708,3),(9688,708,2),(9689,708,5),(9690,708,13),(9694,717,1),(9695,717,13),(9696,717,5),(9697,743,15),(9698,743,86),(9699,743,2),(9700,750,4),(9701,750,29),(9702,750,2),(9703,750,1),(9704,750,6),(9707,754,4),(9708,754,1),(9709,754,15),(9710,754,13),(9711,754,74),(9712,754,3),(9714,763,86),(9715,763,6),(9716,763,5),(9717,763,74),(9721,780,3),(9722,780,6),(9723,780,13),(9724,780,74),(9725,780,29),(9726,780,5),(9728,794,3),(9729,794,86),(9730,794,4),(9731,794,29),(9735,805,1),(9736,805,86),(9737,805,3),(9738,805,13),(9742,807,1),(9743,807,5),(9744,807,29),(9745,807,2),(9746,807,3),(9747,807,74),(9749,837,3),(9750,837,86),(9751,837,5),(9752,837,15),(9753,837,4),(9756,842,5),(9757,842,6),(9758,842,1),(9759,847,4),(9760,847,5),(9761,847,29),(9762,847,13),(9766,852,74),(9767,852,5),(9768,852,2),(9769,859,5),(9770,859,13),(9771,859,2),(9772,873,5),(9773,873,4),(9774,873,29),(9775,873,74),(9776,873,3),(9777,873,86),(9779,909,13),(9780,909,5),(9781,909,29),(9782,924,13),(9783,924,29),(9784,924,3),(9785,924,15),(9786,924,1),(9789,952,5),(9790,952,2),(9791,952,74),(9792,952,1),(9793,952,29),(9796,968,1),(9797,968,3),(9798,968,74),(9799,968,6),(9800,968,29),(9801,968,2),(9803,975,15),(9804,975,29),(9805,975,13),(9806,975,4),(9807,975,5),(9808,975,74),(9810,1003,13),(9811,1003,5),(9812,1003,2),(9813,1003,3),(9817,1029,15),(9818,1029,6),(9819,1029,5),(9820,1029,13),(9824,1032,3),(9825,1032,6),(9826,1032,29),(9827,1032,13),(9828,1032,74),(9831,1047,2),(9832,1047,74),(9833,1047,6),(9834,1047,5),(9838,1071,15),(9839,1071,13),(9840,1071,3),(9841,1071,1),(9845,1077,86),(9846,1077,1),(9847,1077,15),(9848,1077,4),(9852,1098,1),(9853,1098,4),(9854,1098,3),(9855,1098,74),(9856,1098,5),(9857,1098,13),(9859,1110,6),(9860,1110,29),(9861,1110,2),(9862,1110,1),(9866,1121,1),(9867,1121,86),(9868,1121,13),(9869,1135,86),(9870,1135,15),(9871,1135,13),(9872,1141,15),(9873,1141,3),(9874,1141,86),(9875,1141,4),(9876,1141,5),(9877,1141,29),(9879,1157,6),(9880,1157,3),(9881,1157,2),(9882,1157,4),(9886,1160,74),(9887,1160,1),(9888,1160,86),(9889,1160,2),(9890,1160,29),(9891,1160,3),(9893,1164,5),(9894,1164,29),(9895,1164,86),(9896,1175,74),(9897,1175,4),(9898,1175,86),(9899,1175,2),(9900,1175,13),(9903,1204,3),(9904,1204,86),(9905,1204,4),(9906,1204,15),(9907,1204,29),(9908,1204,13),(9910,1216,6),(9911,1216,2),(9912,1216,1),(9913,1225,1),(9914,1225,86),(9915,1225,15),(9916,1225,6),(9917,1225,2),(9920,1257,1),(9921,1257,4),(9922,1257,2),(9923,1257,29),(9927,1285,2),(9928,1285,15),(9929,1285,5),(9930,1285,1),(9931,1285,86),(9934,1299,6),(9935,1299,3),(9936,1299,13),(9937,1299,2),(9938,1299,5),(9939,1299,86),(9941,1304,1),(9942,1304,5),(9943,1304,15),(9944,1304,13),(9945,1304,4),(9948,1307,13),(9949,1307,6),(9950,1307,86),(9951,1307,15),(9952,1307,2),(9953,1307,4),(9955,1332,13),(9956,1332,5),(9957,1332,1),(9958,1332,6),(9959,1332,15),(9960,1332,74),(9962,1334,1),(9963,1334,74),(9964,1334,4),(9965,1334,2),(9969,1344,5),(9970,1344,2),(9971,1344,15),(9972,1355,2),(9973,1355,13),(9974,1355,86),(9975,1355,5),(9979,1375,86),(9980,1375,3),(9981,1375,5),(9982,1375,6),(9986,1384,13),(9987,1384,1),(9988,1384,5),(9989,1384,29),(9990,1384,15),(9993,1387,74),(9994,1387,29),(9995,1387,86),(9996,1387,2),(9997,1387,1),(10000,1397,4),(10001,1397,86),(10002,1397,29),(10003,1415,74),(10004,1415,13),(10005,1415,29),(10006,1415,6),(10007,1415,86),(10010,1459,6),(10011,1459,5),(10012,1459,4),(10013,1464,3),(10014,1464,1),(10015,1464,5),(10016,1464,29),(10020,1477,29),(10021,1477,2),(10022,1477,15),(10023,1477,86),(10024,1477,74),(10027,1480,15),(10028,1480,4),(10029,1480,86),(10030,1480,1),(10034,1482,1),(10035,1482,6),(10036,1482,2),(10037,1482,4),(10041,1567,15),(10042,1567,6),(10043,1567,5),(10044,1567,29),(10048,1619,5),(10049,1619,2),(10050,1619,86),(10051,1661,6),(10052,1661,13),(10053,1661,15),(10054,1661,3),(10055,1661,5),(10056,1661,29),(10058,1685,74),(10059,1685,5),(10060,1685,3),(10061,1685,1),(10062,1685,13),(10063,1685,86),(10065,1695,29),(10066,1695,1),(10067,1695,5),(10068,1695,2),(10069,1695,3),(10072,1709,4),(10073,1709,13),(10074,1709,15),(10075,1709,29),(10076,1709,2),(10079,1728,4),(10080,1728,74),(10081,1728,5),(10082,1728,1),(10083,1728,6),(10084,1728,15),(10086,1766,2),(10087,1766,4),(10088,1766,6),(10089,1766,29),(10090,1766,15),(10093,1793,74),(10094,1793,4),(10095,1793,15),(10096,1837,3),(10097,1837,2),(10098,1837,15),(10099,1837,29),(10103,1848,4),(10104,1848,13),(10105,1848,1),(10106,1848,6),(10107,1848,29),(10110,1860,15),(10111,1860,4),(10112,1860,5),(10113,1860,86),(10114,1860,74),(10117,1880,29),(10118,1880,15),(10119,1880,13),(10120,1880,86),(10124,1926,1),(10125,1926,13),(10126,1926,5),(10127,1926,29),(10128,1926,3),(10129,1926,4),(10131,1927,86),(10132,1927,1),(10133,1927,15),(10134,1927,4),(10138,1936,15),(10139,1936,74),(10140,1936,13),(10141,1947,3),(10142,1947,15),(10143,1947,1),(10144,1947,4),(10148,1949,13),(10149,1949,6),(10150,1949,3),(10151,1949,1),(10152,1949,2),(10153,1949,4),(10155,1953,74),(10156,1953,4),(10157,1953,6),(10158,1953,3),(10159,1953,86),(10162,1983,4),(10163,1983,86),(10164,1983,3),(10165,1992,2),(10166,1992,1),(10167,1992,6),(10168,30,58),(10169,30,23),(10170,30,55),(10171,30,87),(10172,30,29),(10173,30,88),(10175,33,58),(10176,33,23),(10177,33,35),(10178,33,55),(10182,44,87),(10183,44,29),(10184,44,56),(10185,44,61),(10189,70,24),(10190,70,23),(10191,70,87),(10192,82,35),(10193,82,58),(10194,82,88),(10195,82,29),(10199,102,58),(10200,102,88),(10201,102,59),(10202,102,24),(10203,102,55),(10206,126,59),(10207,126,88),(10208,126,24),(10209,127,29),(10210,127,56),(10211,127,35),(10212,127,58),(10213,127,59),(10216,141,88),(10217,141,35),(10218,141,86),(10219,141,61),(10220,141,87),(10221,141,57),(10223,146,87),(10224,146,29),(10225,146,57),(10226,146,56),(10227,146,61),(10230,162,29),(10231,162,88),(10232,162,61),(10233,162,58),(10234,162,35),(10235,162,57),(10237,171,59),(10238,171,24),(10239,171,87),(10240,176,88),(10241,176,23),(10242,176,55),(10243,176,56),(10247,197,87),(10248,197,59),(10249,197,29),(10250,249,61),(10251,249,24),(10252,249,87),(10253,249,23),(10257,256,23),(10258,256,57),(10259,256,29),(10260,256,58),(10261,256,55),(10262,256,87),(10264,257,55),(10265,257,61),(10266,257,57),(10267,257,58),(10268,257,87),(10271,260,35),(10272,260,55),(10273,260,29),(10274,260,86),(10278,271,23),(10279,271,88),(10280,271,61),(10281,271,57),(10285,277,35),(10286,277,57),(10287,277,59),(10288,277,56),(10289,277,55),(10290,277,58),(10292,288,58),(10293,288,23),(10294,288,88),(10295,288,24),(10296,288,29),(10297,288,56),(10299,318,58),(10300,318,29),(10301,318,57),(10302,318,88),(10303,318,56),(10306,321,59),(10307,321,55),(10308,321,58),(10309,321,61),(10310,321,23),(10311,321,57),(10313,337,23),(10314,337,87),(10315,337,55),(10316,348,57),(10317,348,88),(10318,348,87),(10319,348,55),(10323,354,58),(10324,354,61),(10325,354,23),(10326,355,35),(10327,355,86),(10328,355,87),(10329,355,24),(10330,355,29),(10331,355,58),(10333,374,29),(10334,374,61),(10335,374,56),(10336,374,58),(10337,374,55),(10340,388,29),(10341,388,86),(10342,388,88),(10343,388,56),(10344,388,35),(10345,388,24),(10347,389,24),(10348,389,88),(10349,389,29),(10350,389,55),(10351,389,56),(10352,389,87),(10354,390,59),(10355,390,35),(10356,390,88),(10357,390,61),(10361,415,29),(10362,415,58),(10363,415,86),(10364,415,35),(10365,415,57),(10368,460,55),(10369,460,24),(10370,460,56),(10371,460,35),(10375,469,59),(10376,469,23),(10377,469,56),(10378,469,24),(10379,469,57),(10382,492,29),(10383,492,59),(10384,492,61),(10385,492,24),(10386,492,86),(10389,495,86),(10390,495,87),(10391,495,58),(10392,495,29),(10393,495,88),(10396,511,29),(10397,511,86),(10398,511,35),(10399,511,87),(10400,511,57),(10403,524,61),(10404,524,57),(10405,524,55),(10406,524,86),(10407,524,56),(10410,538,88),(10411,538,87),(10412,538,58),(10413,538,86),(10414,538,56),(10417,540,56),(10418,540,86),(10419,540,35),(10420,540,59),(10421,540,57),(10424,588,61),(10425,588,29),(10426,588,35),(10427,588,86),(10428,588,57),(10429,588,55),(10431,592,58),(10432,592,57),(10433,592,23),(10434,592,56),(10438,613,59),(10439,613,56),(10440,613,88),(10441,613,35),(10442,613,23),(10445,641,29),(10446,641,88),(10447,641,56),(10448,641,87),(10449,641,59),(10452,669,88),(10453,669,24),(10454,669,56),(10455,669,58),(10456,669,59),(10459,673,86),(10460,673,35),(10461,673,56),(10462,673,87),(10466,701,23),(10467,701,86),(10468,701,24),(10469,701,58),(10470,701,59),(10473,709,23),(10474,709,57),(10475,709,61),(10476,709,56),(10480,716,57),(10481,716,58),(10482,716,88),(10483,727,29),(10484,727,59),(10485,727,87),(10486,727,57),(10490,748,59),(10491,748,56),(10492,748,35),(10493,748,24),(10497,759,24),(10498,759,88),(10499,759,87),(10500,759,55),(10501,759,86),(10502,759,35),(10504,773,56),(10505,773,87),(10506,773,86),(10507,773,29),(10508,773,24),(10509,773,58),(10511,777,58),(10512,777,86),(10513,777,35),(10514,777,61),(10518,836,23),(10519,836,87),(10520,836,86),(10521,836,88),(10522,836,57),(10525,845,55),(10526,845,56),(10527,845,29),(10528,855,61),(10529,855,86),(10530,855,23),(10531,855,88),(10535,863,57),(10536,863,56),(10537,863,58),(10538,863,87),(10539,863,29),(10540,863,55),(10542,872,57),(10543,872,35),(10544,872,87),(10545,885,24),(10546,885,86),(10547,885,57),(10548,887,56),(10549,887,35),(10550,887,23),(10551,887,24),(10555,899,29),(10556,899,59),(10557,899,86),(10558,899,87),(10559,899,23),(10562,900,35),(10563,900,59),(10564,900,88),(10565,900,86),(10566,900,24),(10569,913,23),(10570,913,59),(10571,913,35),(10572,913,86),(10573,913,56),(10574,913,24),(10576,915,86),(10577,915,59),(10578,915,57),(10579,947,55),(10580,947,58),(10581,947,88),(10582,947,24),(10583,947,29),(10584,947,23),(10586,966,58),(10587,966,23),(10588,966,29),(10589,966,55),(10590,966,61),(10591,966,88),(10593,973,86),(10594,973,87),(10595,973,88),(10596,977,55),(10597,977,56),(10598,977,88),(10599,977,61),(10600,977,23),(10601,977,86),(10603,978,59),(10604,978,58),(10605,978,57),(10606,978,55),(10607,978,56),(10610,984,56),(10611,984,55),(10612,984,35),(10613,984,29),(10617,1004,35),(10618,1004,87),(10619,1004,56),(10620,1006,57),(10621,1006,29),(10622,1006,88),(10623,1006,56),(10624,1006,24),(10625,1006,86),(10627,1007,61),(10628,1007,57),(10629,1007,58),(10630,1007,86),(10634,1027,29),(10635,1027,24),(10636,1027,23),(10637,1027,88),(10638,1027,57),(10639,1027,87),(10641,1055,57),(10642,1055,29),(10643,1055,35),(10644,1055,61),(10645,1055,87),(10648,1059,23),(10649,1059,58),(10650,1059,24),(10651,1059,59),(10652,1059,57),(10653,1059,29),(10655,1065,86),(10656,1065,58),(10657,1065,35),(10658,1065,57),(10662,1075,61),(10663,1075,55),(10664,1075,86),(10665,1075,87),(10666,1075,56),(10667,1075,88),(10669,1089,61),(10670,1089,58),(10671,1089,88),(10672,1089,87),(10676,1094,87),(10677,1094,55),(10678,1094,88),(10679,1094,57),(10680,1094,58),(10681,1094,24),(10683,1112,55),(10684,1112,23),(10685,1112,86),(10686,1112,58),(10687,1112,56),(10688,1112,88),(10690,1117,23),(10691,1117,87),(10692,1117,55),(10693,1117,58),(10694,1117,24),(10697,1120,57),(10698,1120,29),(10699,1120,55),(10700,1123,29),(10701,1123,87),(10702,1123,59),(10703,1123,24),(10707,1126,56),(10708,1126,86),(10709,1126,57),(10710,1126,88),(10714,1180,55),(10715,1180,88),(10716,1180,56),(10717,1180,86),(10718,1180,23),(10719,1180,29),(10721,1199,61),(10722,1199,24),(10723,1199,58),(10724,1199,29),(10725,1199,59),(10728,1207,61),(10729,1207,86),(10730,1207,56),(10731,1213,88),(10732,1213,35),(10733,1213,24),(10734,1213,61),(10735,1213,59),(10736,1213,29),(10738,1227,55),(10739,1227,56),(10740,1227,86),(10741,1227,24),(10742,1227,29),(10745,1234,57),(10746,1234,88),(10747,1234,29),(10748,1234,55),(10749,1234,58),(10752,1235,24),(10753,1235,57),(10754,1235,56),(10755,1235,55),(10756,1235,58),(10757,1235,35),(10759,1251,57),(10760,1251,86),(10761,1251,88),(10762,1265,58),(10763,1265,59),(10764,1265,88),(10765,1265,86),(10766,1265,24),(10769,1272,29),(10770,1272,88),(10771,1272,24),(10772,1277,61),(10773,1277,29),(10774,1277,55),(10775,1277,35),(10776,1277,87),(10779,1284,55),(10780,1284,87),(10781,1284,56),(10782,1284,59),(10786,1287,35),(10787,1287,24),(10788,1287,56),(10789,1311,87),(10790,1311,24),(10791,1311,35),(10792,1311,58),(10796,1314,58),(10797,1314,57),(10798,1314,56),(10799,1324,55),(10800,1324,35),(10801,1324,61),(10802,1330,61),(10803,1330,87),(10804,1330,88),(10805,1330,24),(10806,1330,86),(10809,1340,87),(10810,1340,58),(10811,1340,57),(10812,1347,57),(10813,1347,23),(10814,1347,56),(10815,1349,23),(10816,1349,35),(10817,1349,55),(10818,1349,88),(10819,1349,29),(10822,1350,24),(10823,1350,57),(10824,1350,55),(10825,1353,29),(10826,1353,55),(10827,1353,87),(10828,1353,24),(10829,1353,23),(10830,1353,57),(10832,1354,87),(10833,1354,57),(10834,1354,55),(10835,1370,56),(10836,1370,55),(10837,1370,57),(10838,1370,86),(10839,1370,58),(10842,1374,24),(10843,1374,29),(10844,1374,87),(10845,1374,88),(10846,1374,56),(10847,1374,23),(10849,1381,55),(10850,1381,35),(10851,1381,88),(10852,1381,61),(10853,1381,57),(10854,1381,24),(10856,1389,35),(10857,1389,24),(10858,1389,88),(10859,1389,61),(10860,1389,55),(10863,1439,58),(10864,1439,88),(10865,1439,35),(10866,1439,29),(10867,1439,61),(10870,1443,58),(10871,1443,61),(10872,1443,35),(10873,1443,87),(10877,1445,55),(10878,1445,56),(10879,1445,58),(10880,1445,23),(10881,1445,86),(10884,1466,59),(10885,1466,24),(10886,1466,88),(10887,1466,87),(10891,1524,58),(10892,1524,35),(10893,1524,55),(10894,1524,61),(10898,1529,58),(10899,1529,59),(10900,1529,56),(10901,1529,61),(10905,1555,58),(10906,1555,29),(10907,1555,87),(10908,1555,59),(10909,1555,88),(10910,1555,55),(10912,1557,61),(10913,1557,86),(10914,1557,59),(10915,1557,88),(10916,1557,87),(10917,1557,58),(10919,1568,88),(10920,1568,86),(10921,1568,55),(10922,1568,56),(10926,1593,23),(10927,1593,59),(10928,1593,86),(10929,1593,55),(10930,1593,87),(10933,1608,23),(10934,1608,57),(10935,1608,86),(10936,1611,57),(10937,1611,29),(10938,1611,88),(10939,1611,87),(10943,1631,88),(10944,1631,57),(10945,1631,56),(10946,1631,61),(10947,1631,23),(10950,1664,29),(10951,1664,23),(10952,1664,56),(10953,1664,57),(10957,1674,59),(10958,1674,87),(10959,1674,29),(10960,1674,56),(10961,1674,61),(10962,1674,55),(10964,1680,61),(10965,1680,58),(10966,1680,23),(10967,1680,59),(10968,1680,86),(10971,1681,56),(10972,1681,23),(10973,1681,86),(10974,1683,55),(10975,1683,57),(10976,1683,29),(10977,1683,59),(10978,1683,58),(10979,1683,88),(10981,1687,35),(10982,1687,56),(10983,1687,55),(10984,1687,87),(10985,1687,23),(10988,1694,55),(10989,1694,57),(10990,1694,88),(10991,1694,24),(10992,1694,61),(10993,1694,23),(10995,1701,29),(10996,1701,23),(10997,1701,55),(10998,1701,61),(10999,1701,35),(11000,1701,59),(11002,1704,88),(11003,1704,23),(11004,1704,58),(11005,1704,86),(11006,1704,87),(11009,1706,61),(11010,1706,86),(11011,1706,23),(11012,1706,87),(11013,1706,55),(11014,1706,59),(11016,1717,86),(11017,1717,23),(11018,1717,59),(11019,1717,29),(11023,1748,59),(11024,1748,58),(11025,1748,86),(11026,1748,88),(11030,1754,58),(11031,1754,24),(11032,1754,55),(11033,1763,55),(11034,1763,59),(11035,1763,29),(11036,1764,23),(11037,1764,61),(11038,1764,35),(11039,1764,55),(11043,1782,88),(11044,1782,57),(11045,1782,55),(11046,1782,86),(11050,1791,23),(11051,1791,24),(11052,1791,88),(11053,1791,86),(11054,1791,55),(11057,1802,29),(11058,1802,35),(11059,1802,23),(11060,1804,55),(11061,1804,56),(11062,1804,57),(11063,1804,59),(11067,1833,86),(11068,1833,23),(11069,1833,87),(11070,1845,61),(11071,1845,55),(11072,1845,24),(11073,1845,59),(11074,1845,86),(11077,1870,87),(11078,1870,29),(11079,1870,55),(11080,1870,59),(11084,1882,24),(11085,1882,61),(11086,1882,35),(11087,1882,58),(11088,1882,59),(11091,1885,87),(11092,1885,29),(11093,1885,24),(11094,1885,58),(11098,1894,55),(11099,1894,23),(11100,1894,86),(11101,1895,87),(11102,1895,59),(11103,1895,35),(11104,1916,23),(11105,1916,88),(11106,1916,56),(11107,1916,35),(11108,1916,55),(11109,1916,86),(11111,1931,35),(11112,1931,61),(11113,1931,59),(11114,1931,57),(11115,1931,56),(11116,1931,88),(11118,1935,24),(11119,1935,88),(11120,1935,59),(11121,1935,56),(11125,1942,86),(11126,1942,24),(11127,1942,57),(11128,1942,59),(11132,1944,55),(11133,1944,59),(11134,1944,29),(11135,1944,56),(11136,1944,24),(11139,1956,29),(11140,1956,87),(11141,1956,59),(11142,1956,57),(11143,1956,55),(11146,1973,56),(11147,1973,35),(11148,1973,29),(11149,1973,59),(11150,1973,58),(11151,1973,24),(11153,1976,29),(11154,1976,57),(11155,1976,58),(11156,1976,23),(11157,1976,24),(11158,1976,55),(11160,1982,87),(11161,1982,61),(11162,1982,58),(11163,1997,86),(11164,1997,61),(11165,1997,56),(11166,1997,29),(11167,1997,58),(11168,1997,55),(11170,31,20),(11171,31,23),(11172,31,29),(11173,34,23),(11174,34,68),(11175,34,86),(11176,34,64),(11180,45,86),(11181,45,87),(11182,45,29),(11183,45,23),(11184,45,64),(11185,45,20),(11187,51,87),(11188,51,86),(11189,51,66),(11190,51,29),(11191,51,68),(11194,71,66),(11195,71,68),(11196,71,86),(11197,71,29),(11198,71,23),(11201,78,87),(11202,78,29),(11203,78,20),(11204,78,19),(11205,78,23),(11206,78,66),(11208,104,87),(11209,104,64),(11210,104,19),(11211,104,20),(11215,107,64),(11216,107,87),(11217,107,68),(11218,107,66),(11222,114,66),(11223,114,23),(11224,114,20),(11225,114,64),(11229,125,23),(11230,125,20),(11231,125,19),(11232,125,66),(11236,134,64),(11237,134,23),(11238,134,20),(11239,134,86),(11240,134,19),(11243,135,66),(11244,135,19),(11245,135,86),(11246,135,20),(11250,159,68),(11251,159,87),(11252,159,64),(11253,159,66),(11257,161,29),(11258,161,66),(11259,161,23),(11260,161,20),(11264,164,68),(11265,164,86),(11266,164,23),(11267,164,87),(11271,170,20),(11272,170,68),(11273,170,66),(11274,170,64),(11275,170,87),(11276,170,29),(11278,192,66),(11279,192,86),(11280,192,64),(11281,192,23),(11282,192,19),(11285,246,64),(11286,246,68),(11287,246,23),(11288,248,66),(11289,248,20),(11290,248,29),(11291,248,64),(11292,248,87),(11295,262,29),(11296,262,66),(11297,262,86),(11298,262,87),(11302,278,20),(11303,278,68),(11304,278,64),(11305,278,86),(11306,278,29),(11309,280,20),(11310,280,68),(11311,280,66),(11312,280,86),(11316,289,66),(11317,289,68),(11318,289,87),(11319,289,19),(11320,289,86),(11321,289,29),(11323,324,19),(11324,324,64),(11325,324,29),(11326,324,23),(11327,324,86),(11330,326,23),(11331,326,20),(11332,326,19),(11333,334,86),(11334,334,23),(11335,334,29),(11336,334,68),(11337,334,20),(11338,334,66),(11340,339,23),(11341,339,87),(11342,339,68),(11343,339,66),(11344,339,86),(11345,339,20),(11347,340,23),(11348,340,68),(11349,340,66),(11350,366,86),(11351,366,68),(11352,366,29),(11353,366,19),(11354,366,87),(11357,382,23),(11358,382,68),(11359,382,66),(11360,382,86),(11361,382,19),(11364,384,19),(11365,384,29),(11366,384,68),(11367,384,20),(11371,428,66),(11372,428,20),(11373,428,29),(11374,483,66),(11375,483,86),(11376,483,19),(11377,483,68),(11378,483,64),(11381,505,66),(11382,505,87),(11383,505,29),(11384,505,86),(11388,506,19),(11389,506,20),(11390,506,23),(11391,506,86),(11395,533,23),(11396,533,29),(11397,533,86),(11398,533,68),(11399,533,20),(11402,550,66),(11403,550,68),(11404,550,19),(11405,550,29),(11409,556,66),(11410,556,20),(11411,556,29),(11412,556,68),(11413,556,64),(11416,568,19),(11417,568,66),(11418,568,20),(11419,582,87),(11420,582,86),(11421,582,19),(11422,595,66),(11423,595,19),(11424,595,64),(11425,595,20),(11426,595,68),(11429,598,68),(11430,598,29),(11431,598,20),(11432,598,66),(11436,614,19),(11437,614,29),(11438,614,20),(11439,614,87),(11443,626,19),(11444,626,66),(11445,626,68),(11446,644,86),(11447,644,29),(11448,644,64),(11449,644,66),(11453,650,20),(11454,650,23),(11455,650,87),(11456,650,29),(11460,677,19),(11461,677,66),(11462,677,23),(11463,677,86),(11464,677,29),(11467,710,64),(11468,710,86),(11469,710,87),(11470,710,66),(11471,710,23),(11472,710,68),(11474,719,64),(11475,719,19),(11476,719,68),(11477,719,29),(11478,719,87),(11481,722,86),(11482,722,19),(11483,722,68),(11484,722,29),(11488,730,66),(11489,730,87),(11490,730,20),(11491,730,64),(11492,730,19),(11493,730,23),(11495,740,87),(11496,740,86),(11497,740,68),(11498,762,19),(11499,762,20),(11500,762,87),(11501,762,23),(11502,762,64),(11503,762,68),(11505,838,29),(11506,838,87),(11507,838,64),(11508,838,68),(11509,838,20),(11510,838,66),(11512,844,66),(11513,844,20),(11514,844,87),(11515,865,86),(11516,865,87),(11517,865,19),(11518,876,19),(11519,876,29),(11520,876,64),(11521,876,23),(11522,876,86),(11523,876,68),(11525,880,87),(11526,880,66),(11527,880,29),(11528,895,68),(11529,895,20),(11530,895,23),(11531,903,29),(11532,903,66),(11533,903,64),(11534,903,86),(11538,919,29),(11539,919,23),(11540,919,68),(11541,919,66),(11542,919,19),(11545,930,68),(11546,930,19),(11547,930,29),(11548,930,87),(11549,930,86),(11552,937,87),(11553,937,23),(11554,937,29),(11555,983,20),(11556,983,87),(11557,983,86),(11558,992,64),(11559,992,29),(11560,992,19),(11561,992,66),(11562,992,86),(11565,1008,23),(11566,1008,86),(11567,1008,19),(11568,1031,23),(11569,1031,87),(11570,1031,68),(11571,1031,19),(11575,1067,64),(11576,1067,68),(11577,1067,23),(11578,1067,20),(11579,1067,19),(11580,1067,86),(11582,1069,20),(11583,1069,23),(11584,1069,86),(11585,1069,64),(11586,1069,68),(11587,1069,29),(11589,1084,19),(11590,1084,66),(11591,1084,29),(11592,1084,23),(11593,1084,64),(11594,1084,20),(11596,1093,23),(11597,1093,68),(11598,1093,86),(11599,1093,19),(11600,1093,29),(11603,1095,87),(11604,1095,19),(11605,1095,29),(11606,1095,20),(11610,1151,23),(11611,1151,19),(11612,1151,66),(11613,1151,29),(11614,1151,86),(11617,1155,23),(11618,1155,66),(11619,1155,20),(11620,1155,64),(11621,1155,19),(11624,1178,23),(11625,1178,19),(11626,1178,66),(11627,1178,87),(11628,1178,86),(11631,1183,23),(11632,1183,86),(11633,1183,66),(11634,1183,68),(11638,1189,19),(11639,1189,20),(11640,1189,66),(11641,1189,23),(11645,1190,87),(11646,1190,64),(11647,1190,66),(11648,1190,20),(11652,1196,64),(11653,1196,23),(11654,1196,87),(11655,1196,29),(11659,1201,64),(11660,1201,87),(11661,1201,66),(11662,1201,68),(11666,1220,68),(11667,1220,20),(11668,1220,23),(11669,1220,19),(11670,1220,64),(11673,1259,23),(11674,1259,68),(11675,1259,86),(11676,1259,20),(11677,1259,19),(11680,1260,20),(11681,1260,19),(11682,1260,23),(11683,1260,66),(11687,1306,66),(11688,1306,23),(11689,1306,19),(11690,1306,87),(11694,1325,19),(11695,1325,68),(11696,1325,20),(11697,1325,66),(11698,1325,87),(11699,1325,86),(11701,1339,87),(11702,1339,29),(11703,1339,86),(11704,1339,23),(11705,1339,19),(11706,1339,20),(11708,1341,64),(11709,1341,23),(11710,1341,66),(11711,1341,68),(11715,1358,20),(11716,1358,64),(11717,1358,19),(11718,1388,86),(11719,1388,68),(11720,1388,87),(11721,1388,64),(11722,1388,66),(11725,1392,23),(11726,1392,68),(11727,1392,66),(11728,1392,86),(11729,1392,64),(11732,1398,86),(11733,1398,19),(11734,1398,68),(11735,1398,23),(11736,1398,66),(11739,1421,86),(11740,1421,68),(11741,1421,66),(11742,1421,29),(11743,1421,87),(11746,1425,66),(11747,1425,86),(11748,1425,68),(11749,1433,87),(11750,1433,66),(11751,1433,23),(11752,1453,66),(11753,1453,19),(11754,1453,86),(11755,1453,23),(11756,1453,64),(11759,1544,20),(11760,1544,29),(11761,1544,87),(11762,1545,20),(11763,1545,23),(11764,1545,64),(11765,1545,29),(11766,1545,19),(11767,1545,87),(11769,1549,87),(11770,1549,29),(11771,1549,64),(11772,1553,19),(11773,1553,66),(11774,1553,20),(11775,1578,66),(11776,1578,23),(11777,1578,86),(11778,1578,29),(11779,1578,64),(11782,1583,64),(11783,1583,68),(11784,1583,23),(11785,1583,87),(11786,1583,19),(11789,1613,20),(11790,1613,86),(11791,1613,64),(11792,1613,29),(11796,1621,23),(11797,1621,66),(11798,1621,86),(11799,1621,68),(11803,1638,64),(11804,1638,23),(11805,1638,19),(11806,1638,20),(11807,1638,66),(11808,1638,68),(11810,1665,68),(11811,1665,64),(11812,1665,23),(11813,1665,87),(11814,1665,66),(11817,1693,23),(11818,1693,29),(11819,1693,68),(11820,1693,66),(11824,1699,68),(11825,1699,86),(11826,1699,66),(11827,1699,29),(11828,1699,87),(11829,1699,64),(11831,1729,87),(11832,1729,66),(11833,1729,19),(11834,1729,68),(11838,1731,19),(11839,1731,64),(11840,1731,86),(11841,1731,68),(11845,1736,64),(11846,1736,68),(11847,1736,19),(11848,1736,87),(11849,1736,20),(11850,1736,86),(11852,1772,86),(11853,1772,23),(11854,1772,20),(11855,1773,86),(11856,1773,87),(11857,1773,66),(11858,1810,86),(11859,1810,68),(11860,1810,23),(11861,1810,87),(11865,1813,68),(11866,1813,86),(11867,1813,23),(11868,1813,64),(11869,1813,19),(11870,1813,66),(11872,1827,86),(11873,1827,19),(11874,1827,87),(11875,1827,20),(11879,1840,19),(11880,1840,29),(11881,1840,66),(11882,1840,87),(11886,1865,87),(11887,1865,66),(11888,1865,68),(11889,1881,19),(11890,1881,20),(11891,1881,87),(11892,1881,23),(11896,1883,20),(11897,1883,87),(11898,1883,68),(11899,1883,19),(11900,1883,29),(11903,1891,87),(11904,1891,66),(11905,1891,23),(11906,1891,64),(11907,1891,29),(11908,1891,20),(11910,1902,64),(11911,1902,29),(11912,1902,87),(11913,1902,19),(11914,1902,23),(11917,1915,68),(11918,1915,86),(11919,1915,64),(11920,1919,68),(11921,1919,29),(11922,1919,86),(11923,1937,68),(11924,1937,23),(11925,1937,87),(11926,1937,86),(11927,1937,19),(11928,1937,64),(11930,1948,29),(11931,1948,19),(11932,1948,64),(11933,1948,87),(11934,1948,86),(11937,1970,66),(11938,1970,23),(11939,1970,19),(11940,1970,86),(11941,1970,87),(11944,1978,86),(11945,1978,64),(11946,1978,68),(11947,1978,23),(11948,1978,29),(11951,1981,66),(11952,1981,23),(11953,1981,64),(11954,1986,66),(11955,1986,68),(11956,1986,23),(11957,1986,19),(11958,1986,86);
/*!40000 ALTER TABLE `inscripcion` ENABLE KEYS */;
UNLOCK TABLES;

--
-- Table structure for table `programa_academico`
--

DROP TABLE IF EXISTS `programa_academico`;
/*!40101 SET @saved_cs_client     = @@character_set_client */;
/*!50503 SET character_set_client = utf8mb4 */;
CREATE TABLE `programa_academico` (
  `id_programa` int(11) NOT NULL AUTO_INCREMENT,
  `nombre_programa` varchar(150) NOT NULL,
  PRIMARY KEY (`id_programa`),
  UNIQUE KEY `nombre_programa` (`nombre_programa`)
) ENGINE=InnoDB AUTO_INCREMENT=16 DEFAULT CHARSET=latin1 COLLATE=latin1_swedish_ci;
/*!40101 SET character_set_client = @saved_cs_client */;

--
-- Dumping data for table `programa_academico`
--

LOCK TABLES `programa_academico` WRITE;
/*!40000 ALTER TABLE `programa_academico` DISABLE KEYS */;
INSERT INTO `programa_academico` VALUES (2,'Administración de Empresas'),(9,'Arquitectura'),(7,'Comunicación Social'),(15,'Contaduría Pública'),(6,'Derecho'),(4,'Economía'),(14,'Enfermería'),(10,'Ingeniería Civil'),(5,'Ingeniería de Sistemas'),(13,'Ingeniería Electrónica'),(3,'Ingeniería Industrial'),(11,'Licenciatura en Educación'),(8,'Marketing Digital'),(12,'Medicina'),(1,'Psicología');
/*!40000 ALTER TABLE `programa_academico` ENABLE KEYS */;
UNLOCK TABLES;

--
-- Table structure for table `programa_asignatura`
--

DROP TABLE IF EXISTS `programa_asignatura`;
/*!40101 SET @saved_cs_client     = @@character_set_client */;
/*!50503 SET character_set_client = utf8mb4 */;
CREATE TABLE `programa_asignatura` (
  `id_programa` int(11) NOT NULL,
  `id_asignatura` int(11) NOT NULL,
  PRIMARY KEY (`id_programa`,`id_asignatura`),
  KEY `id_asignatura` (`id_asignatura`),
  CONSTRAINT `programa_asignatura_ibfk_1` FOREIGN KEY (`id_programa`) REFERENCES `programa_academico` (`id_programa`) ON DELETE CASCADE ON UPDATE CASCADE,
  CONSTRAINT `programa_asignatura_ibfk_2` FOREIGN KEY (`id_asignatura`) REFERENCES `asignatura` (`id_asignatura`) ON DELETE CASCADE ON UPDATE CASCADE
) ENGINE=InnoDB DEFAULT CHARSET=latin1 COLLATE=latin1_swedish_ci;
/*!40101 SET character_set_client = @saved_cs_client */;

--
-- Dumping data for table `programa_asignatura`
--

LOCK TABLES `programa_asignatura` WRITE;
/*!40000 ALTER TABLE `programa_asignatura` DISABLE KEYS */;
INSERT INTO `programa_asignatura` VALUES (1,23),(1,24),(1,25),(1,26),(1,27),(1,28),(1,29),(1,35),(1,69),(1,82),(1,83),(1,86),(1,87),(1,88),(1,89),(2,19),(2,20),(2,21),(2,22),(2,23),(2,29),(2,65),(2,66),(2,68),(2,69),(2,70),(2,71),(2,72),(2,87),(2,88),(3,1),(3,2),(3,3),(3,4),(3,5),(3,11),(3,16),(3,17),(3,18),(3,20),(3,21),(3,22),(3,23),(3,65),(3,68),(4,19),(4,21),(4,22),(4,23),(4,29),(4,65),(4,66),(4,67),(4,68),(4,69),(4,72),(4,82),(4,86),(4,87),(4,88),(5,1),(5,2),(5,3),(5,4),(5,7),(5,8),(5,9),(5,10),(5,11),(5,12),(5,74),(5,75),(5,76),(5,77),(5,78),(6,29),(6,30),(6,31),(6,32),(6,33),(6,34),(6,35),(6,79),(6,82),(6,83),(6,85),(6,86),(6,87),(6,88),(6,89),(7,29),(7,35),(7,36),(7,37),(7,38),(7,40),(7,79),(7,82),(7,83),(7,84),(7,85),(7,86),(7,87),(7,88),(7,89),(8,21),(8,23),(8,29),(8,35),(8,38),(8,39),(8,40),(8,65),(8,66),(8,68),(8,69),(8,71),(8,73),(8,87),(8,88),(9,29),(9,41),(9,42),(9,43),(9,44),(9,45),(9,46),(9,49),(9,68),(9,79),(9,80),(9,81),(9,83),(9,86),(9,87),(10,1),(10,2),(10,3),(10,4),(10,5),(10,6),(10,23),(10,29),(10,44),(10,45),(10,46),(10,47),(10,48),(10,49),(10,87),(11,26),(11,29),(11,35),(11,50),(11,51),(11,52),(11,53),(11,54),(11,69),(11,82),(11,83),(11,86),(11,87),(11,88),(12,6),(12,23),(12,24),(12,25),(12,29),(12,55),(12,56),(12,57),(12,58),(12,59),(12,61),(12,86),(12,87),(12,88),(13,1),(13,2),(13,3),(13,4),(13,5),(13,6),(13,13),(13,15),(13,29),(13,74),(13,86),(14,23),(14,24),(14,29),(14,35),(14,55),(14,56),(14,57),(14,58),(14,59),(14,61),(14,86),(14,87),(14,88),(15,19),(15,20),(15,23),(15,29),(15,64),(15,66),(15,68),(15,86),(15,87);
/*!40000 ALTER TABLE `programa_asignatura` ENABLE KEYS */;
UNLOCK TABLES;

--
-- Temporary view structure for view `vista_asignatura_docentes`
--

DROP TABLE IF EXISTS `vista_asignatura_docentes`;
/*!50001 DROP VIEW IF EXISTS `vista_asignatura_docentes`*/;
SET @saved_cs_client     = @@character_set_client;
/*!50503 SET character_set_client = utf8mb4 */;
/*!50001 CREATE VIEW `vista_asignatura_docentes` AS SELECT 
 1 AS `id_asignatura`,
 1 AS `nombre_asignatura`,
 1 AS `docentes`,
 1 AS `cantidad_docentes`*/;
SET character_set_client = @saved_cs_client;

--
-- Temporary view structure for view `vista_docente_asignaturas`
--

DROP TABLE IF EXISTS `vista_docente_asignaturas`;
/*!50001 DROP VIEW IF EXISTS `vista_docente_asignaturas`*/;
SET @saved_cs_client     = @@character_set_client;
/*!50503 SET character_set_client = utf8mb4 */;
/*!50001 CREATE VIEW `vista_docente_asignaturas` AS SELECT 
 1 AS `id_docente`,
 1 AS `nombre_completo`,
 1 AS `nombre_asignatura`,
 1 AS `anio_academico`,
 1 AS `semestre`*/;
SET character_set_client = @saved_cs_client;

--
-- Temporary view structure for view `vista_estudiantes_asignaturas`
--

DROP TABLE IF EXISTS `vista_estudiantes_asignaturas`;
/*!50001 DROP VIEW IF EXISTS `vista_estudiantes_asignaturas`*/;
SET @saved_cs_client     = @@character_set_client;
/*!50503 SET character_set_client = utf8mb4 */;
/*!50001 CREATE VIEW `vista_estudiantes_asignaturas` AS SELECT 
 1 AS `id_estudiante`,
 1 AS `nombre_estudiante`,
 1 AS `asignaturas`,
 1 AS `total_asignaturas`*/;
SET character_set_client = @saved_cs_client;

--
-- Temporary view structure for view `vista_resumen_docentes`
--

DROP TABLE IF EXISTS `vista_resumen_docentes`;
/*!50001 DROP VIEW IF EXISTS `vista_resumen_docentes`*/;
SET @saved_cs_client     = @@character_set_client;
/*!50503 SET character_set_client = utf8mb4 */;
/*!50001 CREATE VIEW `vista_resumen_docentes` AS SELECT 
 1 AS `id_docente`,
 1 AS `nombre_completo`,
 1 AS `cantidad_asignaturas`*/;
SET character_set_client = @saved_cs_client;

--
-- Final view structure for view `vista_asignatura_docentes`
--

/*!50001 DROP VIEW IF EXISTS `vista_asignatura_docentes`*/;
/*!50001 SET @saved_cs_client          = @@character_set_client */;
/*!50001 SET @saved_cs_results         = @@character_set_results */;
/*!50001 SET @saved_col_connection     = @@collation_connection */;
/*!50001 SET character_set_client      = utf8mb4 */;
/*!50001 SET character_set_results     = utf8mb4 */;
/*!50001 SET collation_connection      = utf8mb4_general_ci */;
/*!50001 CREATE ALGORITHM=UNDEFINED */
/*!50013 DEFINER=`credicel_g6`@`181.236.%` SQL SECURITY DEFINER */
/*!50001 VIEW `vista_asignatura_docentes` AS select `a`.`id_asignatura` AS `id_asignatura`,`a`.`nombre_asignatura` AS `nombre_asignatura`,group_concat(distinct concat(`d`.`primer_nombre`,' ',`d`.`primer_apellido`) separator ', ') AS `docentes`,count(distinct `d`.`id_docente`) AS `cantidad_docentes` from ((`docente_asignatura` `da` join `docente` `d` on(`da`.`id_docente` = `d`.`id_docente`)) join `asignatura` `a` on(`da`.`id_asignatura` = `a`.`id_asignatura`)) group by `a`.`id_asignatura`,`a`.`nombre_asignatura` order by `a`.`nombre_asignatura` */;
/*!50001 SET character_set_client      = @saved_cs_client */;
/*!50001 SET character_set_results     = @saved_cs_results */;
/*!50001 SET collation_connection      = @saved_col_connection */;

--
-- Final view structure for view `vista_docente_asignaturas`
--

/*!50001 DROP VIEW IF EXISTS `vista_docente_asignaturas`*/;
/*!50001 SET @saved_cs_client          = @@character_set_client */;
/*!50001 SET @saved_cs_results         = @@character_set_results */;
/*!50001 SET @saved_col_connection     = @@collation_connection */;
/*!50001 SET character_set_client      = utf8mb4 */;
/*!50001 SET character_set_results     = utf8mb4 */;
/*!50001 SET collation_connection      = utf8mb4_general_ci */;
/*!50001 CREATE ALGORITHM=UNDEFINED */
/*!50013 DEFINER=`credicel_g6`@`181.236.%` SQL SECURITY DEFINER */
/*!50001 VIEW `vista_docente_asignaturas` AS select `d`.`id_docente` AS `id_docente`,concat(`d`.`primer_nombre`,' ',ifnull(`d`.`segundo_nombre`,''),' ',`d`.`primer_apellido`,' ',ifnull(`d`.`segundo_apellido`,'')) AS `nombre_completo`,`a`.`nombre_asignatura` AS `nombre_asignatura`,`da`.`anio_academico` AS `anio_academico`,`da`.`semestre` AS `semestre` from ((`docente_asignatura` `da` join `docente` `d` on(`da`.`id_docente` = `d`.`id_docente`)) join `asignatura` `a` on(`da`.`id_asignatura` = `a`.`id_asignatura`)) order by `d`.`id_docente`,`a`.`nombre_asignatura` */;
/*!50001 SET character_set_client      = @saved_cs_client */;
/*!50001 SET character_set_results     = @saved_cs_results */;
/*!50001 SET collation_connection      = @saved_col_connection */;

--
-- Final view structure for view `vista_estudiantes_asignaturas`
--

/*!50001 DROP VIEW IF EXISTS `vista_estudiantes_asignaturas`*/;
/*!50001 SET @saved_cs_client          = @@character_set_client */;
/*!50001 SET @saved_cs_results         = @@character_set_results */;
/*!50001 SET @saved_col_connection     = @@collation_connection */;
/*!50001 SET character_set_client      = utf8mb4 */;
/*!50001 SET character_set_results     = utf8mb4 */;
/*!50001 SET collation_connection      = utf8mb4_general_ci */;
/*!50001 CREATE ALGORITHM=UNDEFINED */
/*!50013 DEFINER=`credicel_g6`@`181.236.%` SQL SECURITY DEFINER */
/*!50001 VIEW `vista_estudiantes_asignaturas` AS select `e`.`id_estudiante` AS `id_estudiante`,concat(`e`.`primer_nombre`,' ',`e`.`primer_apellido`) AS `nombre_estudiante`,group_concat(`a`.`nombre_asignatura` separator ', ') AS `asignaturas`,count(`a`.`id_asignatura`) AS `total_asignaturas` from ((`estudiante` `e` left join `inscripcion` `i` on(`e`.`id_estudiante` = `i`.`id_estudiante`)) left join `asignatura` `a` on(`i`.`id_asignatura` = `a`.`id_asignatura`)) group by `e`.`id_estudiante` order by `e`.`id_estudiante` */;
/*!50001 SET character_set_client      = @saved_cs_client */;
/*!50001 SET character_set_results     = @saved_cs_results */;
/*!50001 SET collation_connection      = @saved_col_connection */;

--
-- Final view structure for view `vista_resumen_docentes`
--

/*!50001 DROP VIEW IF EXISTS `vista_resumen_docentes`*/;
/*!50001 SET @saved_cs_client          = @@character_set_client */;
/*!50001 SET @saved_cs_results         = @@character_set_results */;
/*!50001 SET @saved_col_connection     = @@collation_connection */;
/*!50001 SET character_set_client      = utf8mb4 */;
/*!50001 SET character_set_results     = utf8mb4 */;
/*!50001 SET collation_connection      = utf8mb4_general_ci */;
/*!50001 CREATE ALGORITHM=UNDEFINED */
/*!50013 DEFINER=`credicel_g6`@`181.236.%` SQL SECURITY DEFINER */
/*!50001 VIEW `vista_resumen_docentes` AS select `d`.`id_docente` AS `id_docente`,concat(`d`.`primer_nombre`,' ',ifnull(`d`.`segundo_nombre`,''),' ',`d`.`primer_apellido`,' ',ifnull(`d`.`segundo_apellido`,'')) AS `nombre_completo`,count(distinct `da`.`id_asignatura`) AS `cantidad_asignaturas` from (`docente` `d` left join `docente_asignatura` `da` on(`d`.`id_docente` = `da`.`id_docente`)) group by `d`.`id_docente` order by count(distinct `da`.`id_asignatura`) desc */;
/*!50001 SET character_set_client      = @saved_cs_client */;
/*!50001 SET character_set_results     = @saved_cs_results */;
/*!50001 SET collation_connection      = @saved_col_connection */;
/*!40103 SET TIME_ZONE=@OLD_TIME_ZONE */;

/*!40101 SET SQL_MODE=@OLD_SQL_MODE */;
/*!40014 SET FOREIGN_KEY_CHECKS=@OLD_FOREIGN_KEY_CHECKS */;
/*!40014 SET UNIQUE_CHECKS=@OLD_UNIQUE_CHECKS */;
/*!40101 SET CHARACTER_SET_CLIENT=@OLD_CHARACTER_SET_CLIENT */;
/*!40101 SET CHARACTER_SET_RESULTS=@OLD_CHARACTER_SET_RESULTS */;
/*!40101 SET COLLATION_CONNECTION=@OLD_COLLATION_CONNECTION */;
/*!40111 SET SQL_NOTES=@OLD_SQL_NOTES */;

-- Dump completed on 2025-11-06 22:12:43
